tax_id	scientific_name	type	is_metagenome
408172	marine metagenome	ecological metagenomes	1
412755	marine sediment metagenome	ecological metagenomes	1
452919	ice metagenome	ecological metagenomes	1
408170	human gut metagenome	organismal metagenomes	1
1131769	human nasopharyngeal metagenome	organismal metagenomes	1
449393	freshwater metagenome	ecological metagenomes	1
410658	soil metagenome	ecological metagenomes	1
410661	mouse gut metagenome	organismal metagenomes	1
646099	human metagenome	organismal metagenomes	1
1211417	uncultured crAssphage		0
32644;646099			0
32644	unidentified		0
256318	metagenome		0
527639	wastewater metagenome	ecological metagenomes	1
662107	phyllosphere metagenome	organismal metagenomes	1
702656	compost metagenome	ecological metagenomes	1
556182	freshwater sediment metagenome	ecological metagenomes	1
749906	gut metagenome	organismal metagenomes	1
506599	bovine gut metagenome	organismal metagenomes	1
410657	ecological metagenomes		0
496922	coral metagenome	organismal metagenomes	1
749907	sediment metagenome	ecological metagenomes	1
652676	hydrothermal vent metagenome	ecological metagenomes	1
433727	hot springs metagenome	ecological metagenomes	1
797283	ant fungus garden metagenome	ecological metagenomes	1
412757	beach sand metagenome	ecological metagenomes	1
29057	Ostrinia nubilalis		0
9825	Sus scrofa domesticus		0
408170;410661			0
870726	food metagenome	ecological metagenomes	1
444079	fossil metagenome	organismal metagenomes	1
410659	mine drainage metagenome	ecological metagenomes	1
408169	metagenomes		0
9606	Homo sapiens		0
1076179	bioreactor metagenome	ecological metagenomes	1
1077528	ant metagenome	organismal metagenomes	1
1077527	beetle metagenome	organismal metagenomes	1
1076140	termite metagenome	organismal metagenomes	1
1077529	wasp metagenome	organismal metagenomes	1
186803	Lachnospiraceae		0
32644;408170			0
496920	saltern metagenome	ecological metagenomes	1
2	Bacteria		0
926571	Nitrososphaera viennensis EN76		0
939928	rhizosphere metagenome	ecological metagenomes	1
483425	endophyte metagenome	organismal metagenomes	1
241622	uncultured Glomeromycotina		0
410656	organismal metagenomes		0
10239	Viruses		0
885331	oil production facility metagenome	ecological metagenomes	1
527640	microbial mat metagenome	ecological metagenomes	1
2157	Archaea		0
1070528	viral metagenome	organismal metagenomes	1
2954383	Candidatus Accumulibacter cognatus		0
717931	groundwater metagenome	ecological metagenomes	1
447426	human oral metagenome	organismal metagenomes	1
983273	Coprinopsis aff. cinerea SZMC-NL-1266		0
907904	Mycobacterium tuberculosis HN4143		0
433724	termite gut metagenome	organismal metagenomes	1
393014	Dehalobacter sp. MS		0
107401	Tenacibaculum maritimum		0
164851	uncultured soil bacterium		0
115547	uncultured archaeon		0
496923	mosquito metagenome	organismal metagenomes	1
655179	air metagenome	ecological metagenomes	1
1131462	Dehalobacter sp. CF		0
77214	Eidolon helvum		0
2954382	Candidatus Accumulibacter vicinus		0
10090	Mus musculus		0
408171	epibiont metagenome	organismal metagenomes	1
417962	environmental samples		0
318178	environmental samples		0
4787	Phytophthora infestans		0
380242	Candidatus Brocadia fulgida		0
938273	hydrocarbon metagenome	ecological metagenomes	1
1274874	Escherichia coli 18-7		0
1274875	Escherichia coli 18-13		0
1274882	Escherichia coli 18-83		0
1274885	Escherichia coli 18-125		0
1274887	Escherichia coli 18-157		0
1274910	Escherichia coli 19-7		0
1274911	Escherichia coli 19-13		0
1274915	Escherichia coli 19-52		0
1274921	Escherichia coli 19-125		0
1274922	Escherichia coli 19-139		0
1274891	Escherichia coli 20-20		0
1247411	Brucella melitensis B115		0
1244532	Brucella melitensis F15/06-7		0
718308	biofilm metagenome	ecological metagenomes	1
217634	Anoplophora glabripennis		0
11676	Human immunodeficiency virus 1		0
904678	hypersaline lake metagenome	ecological metagenomes	1
1263854	anaerobic digester metagenome	ecological metagenomes	1
1235509	synthetic metagenome		0
283578	Holoxea		0
283576	Lamellomorpha		0
77133	uncultured bacterium		0
101278	Xanthonycticebus pygmaeus		0
412754	bioreactor sludge metagenome	ecological metagenomes	1
155900	uncultured organism		0
317025	Hydrogenovibrio crunogenus XCL-2		0
1274876	Escherichia coli 18-20		0
1274878	Escherichia coli 18-41		0
1274881	Escherichia coli 18-73		0
1274913	Escherichia coli 19-31		0
1274916	Escherichia coli 19-62		0
1274918	Escherichia coli 19-83		0
1274920	Escherichia coli 19-112		0
1274890	Escherichia coli 20-13		0
1274893	Escherichia coli 20-41		0
1274896	Escherichia coli 20-73		0
1274897	Escherichia coli 20-83		0
1274899	Escherichia coli 20-112		0
1274900	Escherichia coli 20-125		0
1274901	Escherichia coli 20-139		0
942017	activated sludge metagenome	ecological metagenomes	1
1169740	aquatic metagenome	ecological metagenomes	1
51953	Elaeis guineensis		0
174633	Candidatus Kuenenia stuttgartensis		0
163164	Wolbachia endosymbiont of Drosophila melanogaster		0
6326	Bursaphelenchus xylophilus		0
1274873	Escherichia coli 18-1		0
1274877	Escherichia coli 18-31		0
1274879	Escherichia coli 18-52		0
1274880	Escherichia coli 18-62		0
1274883	Escherichia coli 18-97		0
1274884	Escherichia coli 18-112		0
1274886	Escherichia coli 18-139		0
1274888	Escherichia coli 18-184		0
1274909	Escherichia coli 19-1		0
1274912	Escherichia coli 19-20		0
1274914	Escherichia coli 19-41		0
1274917	Escherichia coli 19-73		0
1274919	Escherichia coli 19-97		0
1274923	Escherichia coli 19-157		0
1274924	Escherichia coli 19-184		0
1274889	Escherichia coli 20-1		0
1274892	Escherichia coli 20-31		0
1274894	Escherichia coli 20-52		0
1274895	Escherichia coli 20-62		0
1274898	Escherichia coli 20-97		0
1274902	Escherichia coli 20-157		0
1274903	Escherichia coli 20-184		0
433733	human lung metagenome	organismal metagenomes	1
1006967	shoot metagenome	organismal metagenomes	1
1594593	bioanode metagenome	ecological metagenomes	1
9915	Bos indicus		0
54736	Salmonella bongori		0
1348798	terrestrial metagenome	ecological metagenomes	1
28875	Rotavirus A		0
431041	Candidatus Synechococcus spongiarum		0
1447863	clinical metagenome	ecological metagenomes	1
1773	Mycobacterium tuberculosis		0
1154581	food fermentation metagenome	ecological metagenomes	1
3555	Beta vulgaris subsp. vulgaris		0
1297885	plant metagenome	organismal metagenomes	1
1297858	leaf metagenome	organismal metagenomes	1
1256227	indoor metagenome	ecological metagenomes	1
506600	chicken gut metagenome	organismal metagenomes	1
1176744	pig metagenome	organismal metagenomes	1
7091	Bombyx mori		0
354439	Rhynchophorus ferrugineus		0
1006836	Neamphius huxleyi		0
1070537	biofilter metagenome	ecological metagenomes	1
665102	Abutilon Brazil virus		0
1118232	root metagenome	organismal metagenomes	1
1385788	Haliclona cymaeformis		0
1326787	fermentation metagenome	ecological metagenomes	1
63221	Homo sapiens neanderthalensis		0
1202446	insect gut metagenome	organismal metagenomes	1
1234904	insect metagenome	organismal metagenomes	1
539655	human skin metagenome	organismal metagenomes	1
1742972	Candidatus Nitrospira nitrosa		0
1504975	salt marsh metagenome	ecological metagenomes	1
71647	Pinus pinaster		0
268291	Bison priscus		0
4513	Hordeum vulgare		0
718289	biogas fermenter metagenome	ecological metagenomes	1
90371	Salmonella enterica subsp. enterica serovar Typhimurium		0
9685	Felis catus		0
1082480	permafrost metagenome	ecological metagenomes	1
309804	Citrus x paradisi x Citrus trifoliata		0
1510822	pig gut metagenome	organismal metagenomes	1
1653169	lichen metagenome	organismal metagenomes	1
410662	symbiont metagenome	organismal metagenomes	1
65561	Hypericum perforatum		0
4509	Dactylis glomerata		0
15371	Bromus inermis		0
526931	Symphyotrichum lanceolatum		0
538583	Potentilla recta		0
59297	Solidago canadensis		0
237368	Candidatus Scalindua brodae		0
175245	uncultured fungus		0
581008	Amoebophrya sp. ex Karlodinium veneficum		0
1263966	snow metagenome	ecological metagenomes	1
7227	Drosophila melanogaster		0
496921	stromatolite metagenome	ecological metagenomes	1
1649191	estuary metagenome	ecological metagenomes	1
9544	Macaca mulatta		0
110255	Tubaria furfuracea		0
1617102	Pterula multifida		0
117024	Clitocybe nebularis		0
418785	Entoloma clypeatum		0
182055	Macrocystidia cucumis		0
182000	Megacollybia platyphylla		0
139080	Baeospora myosura		0
1596	Lactobacillus gasseri		0
1648056	nitrifying bacterium enrichment culture		0
1508044	ctenophore metagenome	organismal metagenomes	1
1306155	mixed culture		0
496924	fish metagenome	organismal metagenomes	1
4530	Oryza sativa		0
1436733	rat gut metagenome	organismal metagenomes	1
562	Escherichia coli		0
44947	Pontederia crassipes		0
1564682	subsurface metagenome	ecological metagenomes	1
915	Nitrosomonas europaea		0
1213622	bat metagenome	organismal metagenomes	1
1115523	upper respiratory tract metagenome	organismal metagenomes	1
1616037	milk metagenome	ecological metagenomes	1
1531857	rock porewater metagenome	ecological metagenomes	1
42789	enterovirus D68		0
1630596	human bile metagenome	organismal metagenomes	1
7041	Coleoptera		0
1223	Prochlorothrix hollandica		0
1227552	oral metagenome	organismal metagenomes	1
1214127	activated carbon metagenome	ecological metagenomes	1
1748545	biosolids metagenome	ecological metagenomes	1
1561972	seawater metagenome	ecological metagenomes	1
598659	Nautilia profundicola AmH		0
119909	Bos indicus gudali		0
452749	Melophagus ovinus		0
2954378	Candidatus Accumulibacter adiacens		0
51655	Plutella xylostella		0
1131	Synechococcus sp.		0
658474	Mycena luteopallens		0
1617101	Crepidotus sp. BD-2015		0
104224	Hygrocybe conica		0
56469	Calocybe gambosa		0
378275	Infundibulicybe gibba		0
52299	Rudbeckia hirta		0
96050	Phalaris arundinacea		0
1163772	sponge metagenome	organismal metagenomes	1
511145	Escherichia coli str. K-12 substr. MG1655		0
1300146	algae metagenome	organismal metagenomes	1
9031	Gallus gallus		0
1671699	sand metagenome	ecological metagenomes	1
1690257	hypolithon metagenome	ecological metagenomes	1
1504969	human blood metagenome	organismal metagenomes	1
1602388	fish gut metagenome	organismal metagenomes	1
1392998	Candidatus Methanoperedens nitratireducens		0
1702214	Candidatus [Bacteroides] periocalifornicus		0
1713724	Methanomassiliicoccales archaeon RumEn M1		0
1306859	mixed culture metagenome	ecological metagenomes	1
1639	Listeria monocytogenes		0
413997	Escherichia coli B str. REL606		0
585499	Metazoa environmental sample		0
264083	Clavaria fumosa		0
109634	Gymnopilus junonius		0
80866	Delftia acidovorans		0
1561020	crude oil metagenome	ecological metagenomes	1
9913	Bos taurus		0
210	Helicobacter pylori		0
485	Neisseria gonorrhoeae		0
1747	Cutibacterium acnes		0
1441287	mouse metagenome	organismal metagenomes	1
287	Pseudomonas aeruginosa		0
1549733	cnidarian metagenome	organismal metagenomes	1
1647806	lake water metagenome	ecological metagenomes	1
1	root		0
1218275	bovine metagenome	organismal metagenomes	1
1642408	parasite metagenome	organismal metagenomes	1
1698289	dietary supplements metagenome	ecological metagenomes	1
47715	Lacticaseibacillus rhamnosus		0
1311626	rock metagenome	ecological metagenomes	1
1627878	soda lake metagenome	ecological metagenomes	1
1807442	Streptococcus sp. RITM019I10		0
1807443	Streptococcus sp. RITM020I10		0
1807446	Streptococcus sp. RITM022I12		0
1807450	Streptococcus sp. RITM038I10		0
1807453	Streptococcus sp. RITM052I4		0
1807456	Streptococcus sp. RITM059I10		0
1807458	Streptococcus sp. RITM060I10		0
1807462	Streptococcus sp. RITM071I10		0
1807463	Streptococcus sp. RITM071I12		0
1807465	Streptococcus sp. RITM081I10		0
1807466	Streptococcus sp. RITM081I12		0
1807467	Streptococcus sp. RITM089I4		0
1807494	Streptococcus sp. RMPRU022I12		0
202462	Candidatus Phytoplasma zeae		0
1675540	moss metagenome	organismal metagenomes	1
1591089	urban metagenome	ecological metagenomes	1
1676987	blood metagenome	organismal metagenomes	1
4932	Saccharomyces cerevisiae		0
1807470	Streptococcus sp. RITM004I4		0
1807471	Streptococcus sp. RITM008I4		0
1807472	Streptococcus sp. RITM020I4		0
1807476	Streptococcus sp. RITM052I12		0
1775950	invertebrate gut metagenome	organismal metagenomes	1
10376	human gammaherpesvirus 4		0
1807745	Bacteroidales bacterium GP1		0
1807747	Bacteroidales bacterium GP3		0
1807748	Bacteroidales bacterium GP4		0
1807751	Bacteroidales bacterium H3		0
1807753	Bacteroidales bacterium H5		0
1807758	Bacteroidales bacterium H10		0
1823759	Desulfuromonas sp. DDH964		0
1236744	dust metagenome	ecological metagenomes	1
32051	Synechococcus sp. WH 7803		0
1799672	peat metagenome	ecological metagenomes	1
1646512	riverine metagenome	ecological metagenomes	1
561501	Buchnera aphidicola str. Tuc7 (Acyrthosiphon pisum)		0
1768876	oil field metagenome	ecological metagenomes	1
1224	Pseudomonadota		0
6689	Penaeus vannamei		0
1861841	feces metagenome	organismal metagenomes	1
64320	Zika virus		0
1325974	wetland metagenome	ecological metagenomes	1
916	Nitrosomonas eutropha		0
573	Klebsiella pneumoniae		0
550	Enterobacter cloacae		0
327160	Candidatus Accumulibacter phosphatis		0
1126	Microcystis aeruginosa		0
217509	Carassius carassius		0
1653305	Lenisia limosa		0
1774142	human eye metagenome	organismal metagenomes	1
1807469	Streptococcus sp. RITM003I4		0
1807473	Streptococcus sp. RITM022I4		0
1807474	Streptococcus sp. RITM023I4		0
1807475	Streptococcus sp. RITM043I2		0
1807477	Streptococcus sp. RITM077I2		0
1807478	Streptococcus sp. RMPRU004I4		0
1807481	Streptococcus sp. RMPRU008I7		0
1807482	Streptococcus sp. RMPRU010I3		0
1807484	Streptococcus sp. RMPRU011I4		0
1807486	Streptococcus sp. RMPRU011I9		0
1807487	Streptococcus sp. RMPRU019I3		0
1807746	Bacteroidales bacterium GP2		0
1807749	Bacteroidales bacterium H1		0
1807754	Bacteroidales bacterium H6		0
1807755	Bacteroidales bacterium H7		0
1807441	Streptococcus sp. RITM009I10		0
1807445	Streptococcus sp. RITM021I10		0
1807447	Streptococcus sp. RITM029I10		0
1807451	Streptococcus sp. RITM042I10		0
1807454	Streptococcus sp. RITM053I10		0
1807459	Streptococcus sp. RITM060I12		0
1807460	Streptococcus sp. RITM070I10		0
1807461	Streptococcus sp. RITM070I12		0
1807496	Streptococcus sp. RMPRU023I2		0
1807495	Streptococcus sp. RMPRU022I2		0
1807497	Streptococcus sp. RMPRU031I2		0
1882735	Methanosarcina sp. Ant1		0
1280	Staphylococcus aureus		0
1843693	Pseudomonas sp. JKJ-1		0
1633202	Bacteroidales bacterium Barb6XT		0
1338477	skin metagenome	organismal metagenomes	1
454242	Aspergillus acanthosporus		0
701	magnetite-containing magnetic coccus		0
136370	Lasallia pustulata		0
1670606	fungus metagenome	organismal metagenomes	1
1803587	Aphanizomenon flos-aquae UKL13-PB		0
1807444	Streptococcus sp. RITM020I12		0
1807448	Streptococcus sp. RITM034I10		0
1807449	Streptococcus sp. RITM034I12		0
1807452	Streptococcus sp. RITM046I2		0
1807440	Streptococcus sp. RITM052I2		0
1807455	Streptococcus sp. RITM053I12		0
1807457	Streptococcus sp. RITM059I12		0
1807464	Streptococcus sp. RITM077I10		0
1807468	Streptococcus sp. RITM002I4		0
1807498	Streptococcus sp. RITM084I2		0
1807479	Streptococcus sp. RMPRU004I7		0
1807480	Streptococcus sp. RMPRU008I4		0
1807483	Streptococcus sp. RMPRU010I7		0
1807485	Streptococcus sp. RMPRU011I7		0
1807488	Streptococcus sp. RMPRU019I7		0
1807750	Bacteroidales bacterium H2		0
1807752	Bacteroidales bacterium H4		0
1807756	Bacteroidales bacterium H8		0
1807757	Bacteroidales bacterium H9		0
294	Pseudomonas fluorescens		0
1659218	probiotic metagenome	ecological metagenomes	1
1518171	root associated fungus metagenome	ecological metagenomes	1
32046	Synechococcus elongatus		0
1661029	museum specimen metagenome	ecological metagenomes	1
1679718	human saliva metagenome	organismal metagenomes	1
1566733	ammonia-oxidizing enrichment culture		0
1617258	bat environmental sample		0
9678	Crocuta crocuta		0
9940	Ovis aries		0
1723648	cave metagenome	ecological metagenomes	1
265564	Thalassiosira punctigera		0
160265	Thalassiosira antarctica		0
38018	Bacteriophage sp.		0
1879010	Bacillota bacterium		0
9823	Sus scrofa		0
1739788	methane-oxidizing enrichment culture		0
1566338	enrichment culture		0
37349	Mammuthus primigenius		0
145126	Arion ater		0
1833763	bird metagenome	organismal metagenomes	1
84609	Azolla filiculoides		0
336973	Azolla mexicana		0
336972	Azolla microphylla		0
336974	Azolla nilotica		0
45988	Azolla rubra		0
39631	Azolla caroliniana		0
10368	Human betaherpesvirus 6		0
340016	uncultured virus		0
582	Morganella morganii		0
4236	Lactuca sativa		0
42408	Neotoma albigula		0
1681198	pancrustacean metagenome	organismal metagenomes	1
652611	Pseudomonas aeruginosa PA14		0
1711999	invertebrate metagenome	organismal metagenomes	1
1515737	money metagenome	ecological metagenomes	1
1951930	Holophagaceae bacterium UBA692		0
1946374	Clostridium sp. UBA699		0
1946375	Clostridium sp. UBA701		0
1961527	Desulfarculales bacterium UBA702		0
1953068	Rhodanobacteraceae bacterium UBA703		0
1948752	Spartobacteria bacterium UBA695		0
1951228	Rhizobiales bacterium UBA697		0
1961402	Geobacter sp. UBA698		0
1961403	Geobacter sp. UBA7696		0
184917	Solidesulfovibrio magneticus		0
1950358			0
1946301	Christensenella sp. UBA7707		0
1946655	Kandleria sp. UBA2835		0
1951995	Lachnospiraceae bacterium UBA2818		0
1951998	Lachnospiraceae bacterium UBA2826		0
1952303	Ruminococcaceae bacterium UBA2831		0
1946654	Kandleria sp. UBA2833		0
1947707	Treponema sp. UBA2845		0
1947461	Solobacterium sp. UBA2870		0
1947121	Prevotella sp. UBA2846		0
1950844	Clostridiales bacterium UBA2847		0
1950845	Clostridiales bacterium UBA2848		0
1952000	Lachnospiraceae bacterium UBA2856		0
1952001	Lachnospiraceae bacterium UBA2860		0
1952003	Lachnospiraceae bacterium UBA2868		0
1947708	Treponema sp. UBA2869		0
1952014	Lachnospiraceae bacterium UBA2911		0
1947125	Prevotella sp. UBA2878		0
1953023	Selenomonadaceae bacterium UBA2913		0
1947709	Treponema sp. UBA2879		0
1947462	Solobacterium sp. UBA2881		0
1950466	Bacteroidales bacterium UBA2884		0
1952008	Lachnospiraceae bacterium UBA2888		0
1950848	Clostridiales bacterium UBA2889		0
1952009	Lachnospiraceae bacterium UBA2891		0
1952547	Porphyromonadaceae bacterium UBA2894		0
1952479	Prevotellaceae bacterium UBA2899		0
1265	Ruminococcus flavefaciens		0
1951454	Atopobiaceae bacterium UBA2902		0
1952012	Lachnospiraceae bacterium UBA2904		0
1952478	Prevotellaceae bacterium UBA2876		0
1952013	Lachnospiraceae bacterium UBA2906		0
1946416	Dialister sp. UBA2909		0
1950255			0
1947912			0
1947127	Prevotella sp. UBA2926		0
1947797	bacterium UBA2927		0
1950469	Bacteroidales bacterium UBA2930		0
1952018	Lachnospiraceae bacterium UBA2936		0
1952019	Lachnospiraceae bacterium UBA2942		0
1946254	Christensenella sp. UBA2943		0
1952310	Ruminococcaceae bacterium UBA2944		0
1948374	Alphaproteobacteria bacterium UBA2947		0
1950471	Bacteroidales bacterium UBA2939		0
1952020	Lachnospiraceae bacterium UBA2948		0
1950457	Bacteroidales bacterium UBA2781		0
1950458	Bacteroidales bacterium UBA2800		0
1952301	Ruminococcaceae bacterium UBA2801		0
1952302	Ruminococcaceae bacterium UBA2806		0
1947984	Firmicutes bacterium UBA3919		0
1947985	Firmicutes bacterium UBA3920		0
1947987	Candidatus Fermentithermobacillaceae bacterium UBA3925		0
1950535	Bacteroidales bacterium UBA3916		0
1947990	Firmicutes bacterium UBA3930		0
1947992	Firmicutes bacterium UBA3932		0
1947402	Hungateiclostridiaceae bacterium UBA3934		0
1952930	Verrucomicrobia subdivision 3 bacterium UBA3939		0
1950207	Anaerolineales bacterium UBA3940		0
1947996	Firmicutes bacterium UBA3943		0
1947071	Petrotoga sp. UBA3917		0
1950871	Clostridiales bacterium UBA3948		0
1952325	Ruminococcaceae bacterium UBA3903		0
1950206	Anaerolineales bacterium UBA3905		0
1947979	Candidatus Fermentithermobacillaceae bacterium UBA3907		0
1951621	Competibacteraceae bacterium UBA3908		0
1947648	Tepidanaerobacter sp. UBA3909		0
1952326	Ruminococcaceae bacterium UBA3912		0
1947975	Firmicutes bacterium UBA3901		0
1948824	Patescibacteria group bacterium UBA5124		0
1947826	bacterium UBA5125		0
1948179	Proteobacteria bacterium UBA5122		0
1946086	Bacteroides sp. UBA3406		0
1952033	Lachnospiraceae bacterium UBA3401		0
76936	Helicobacter typhlonius		0
1953061	Planococcaceae bacterium UBA3370		0
1950991	Flavobacteriales bacterium UBA3376		0
1946467	Erysipelothrix sp. UBA3377		0
1953062	Planococcaceae bacterium UBA3378		0
1952256	Micrococcaceae bacterium UBA3381		0
1950262			0
1950483	Bacteroidales bacterium UBA3388		0
1952032	Lachnospiraceae bacterium UBA3386		0
1946309	Catenibacterium sp. UBA627		0
1952108	Lachnospiraceae bacterium UBA629		0
1947174	Prevotella sp. UBA630		0
1947175	Prevotella sp. UBA631		0
1947176	Prevotella sp. UBA633		0
626940	Phascolarctobacterium succinatutens		0
1952109	Lachnospiraceae bacterium UBA638		0
1952195	Lactobacillaceae bacterium UBA639		0
1951596	Clostridiales bacterium UBA643		0
1950915	Clostridiales bacterium UBA644		0
1952113	Lachnospiraceae bacterium UBA645		0
1953304	Candidatus Pacebacteria bacterium UBA1364		0
1950944	Eggerthellales bacterium UBA1419		0
40216	Acinetobacter radioresistens		0
1950241			0
1947936	Firmicutes bacterium UBA1426		0
1950243			0
1947469	Sphaerochaeta sp. UBA1365		0
1951763	Eubacteriaceae bacterium UBA1433		0
1946750	Leptolinea sp. UBA1437		0
1947611	Sutterella sp. UBA1442		0
1952286	Ruminococcaceae bacterium UBA1447		0
1947615	Syntrophomonas sp. UBA1368		0
1948776	Patescibacteria group bacterium UBA1449		0
1947063	Pelotomaculum sp. UBA1371		0
1951967	Kosmotogaceae bacterium UBA1373		0
1952280	Ruminococcaceae bacterium UBA1375		0
1953405	candidate division WWE3 bacterium UBA1379		0
1950820	Clostridiales bacterium UBA1381		0
1946064	Atopobium sp. UBA1382		0
1950141	Actinomycetales bacterium UBA1383		0
1953276	Candidatus Falkowbacteria bacterium UBA1359		0
1948537	Deltaproteobacteria bacterium UBA1386		0
1946503	Faecalibacterium sp. UBA1360		0
1950821	Clostridiales bacterium UBA1389		0
1947085	Prevotella sp. UBA1395		0
1953406	candidate division WWE3 bacterium UBA1397		0
1950408	Bacteroidales bacterium UBA1402		0
1952281	Ruminococcaceae bacterium UBA1404		0
1951402	Anaerolineaceae bacterium UBA1363		0
1947405	Ruminococcus sp. UBA1409		0
1946570	Glaciecola sp. UBA1851		0
1961376	Bacteriovorax sp. UBA1852		0
1946019	Alteromonas sp. UBA1848		0
1951381	Alteromonadaceae bacterium UBA1282		0
1948704	Opitutia bacterium UBA1274		0
1948705	Opitutia bacterium UBA1276		0
1948133	Proteobacteria bacterium UBA1278		0
1952727	Planctomycetaceae bacterium UBA1272		0
1947242	Prochlorococcus sp. UBA1269		0
1952726	Planctomycetaceae bacterium UBA1268		0
1947656	Thalassolituus sp. UBA1857		0
1948243	Verrucomicrobia bacterium UBA1859		0
1947246	Prochlorococcus sp. UBA3999		0
1948183	Proteobacteria bacterium UBA5663		0
1948552	Deltaproteobacteria bacterium UBA5576		0
1946230	Candidatus Ruthia sp. UBA3126		0
1961405	Desulfovibrio sp. UBA1335		0
1952728	Planctomycetaceae bacterium UBA1338		0
1946154	Candidatus Neomicrothrix sp. UBA1322		0
1948358	Alphaproteobacteria bacterium UBA1324		0
1948359	Alphaproteobacteria bacterium UBA1326		0
1946156	Candidatus Neomicrothrix sp. UBA1329		0
1946590	Herbaspirillum sp. UBA812		0
1946218	Candidatus Neomicrothrix sp. UBA814		0
1948449	Alphaproteobacteria bacterium UBA815		0
1948579	Fusobacteriia bacterium UBA816		0
1953113	Acidobacteria bacterium UBA823		0
1948450	Alphaproteobacteria bacterium UBA828		0
1951133	Gemmatimonadales bacterium UBA829		0
1948534	Dehalococcoidia bacterium UBA826		0
1950226	Anaerolineales bacterium UBA832		0
1961524	Bdellovibrionaceae bacterium UBA835		0
1961525	Bdellovibrionaceae bacterium UBA840		0
1948223	Proteobacteria bacterium UBA841		0
1946806	Maribacter sp. UBA849		0
589873	Alteromonas australica		0
1961499	Bacteriovoracaceae bacterium UBA843		0
1961500	Bacteriovoracaceae bacterium UBA845		0
1946827	Marinobacter sp. UBA856		0
1952205	Leptospiraceae bacterium UBA7230		0
1951791	Flammeovirgaceae bacterium UBA7231		0
1948529	Dehalococcoidia bacterium UBA7832		0
1951896	Francisellaceae bacterium UBA7831		0
1946210	Candidatus Neomicrothrix sp. UBA7817		0
1951392	Alteromonadaceae bacterium UBA7799		0
1951887	Flavobacteriaceae bacterium UBA7802		0
1952834	Rhodobiaceae bacterium UBA7804		0
1951085	Flavobacteriales bacterium UBA7795		0
1952793	Pseudomonadaceae bacterium UBA7806		0
1947397	Roseovarius sp. UBA7808		0
1946209	Candidatus Neomicrothrix sp. UBA7793		0
1951342	Acidimicrobiaceae bacterium UBA7323		0
1946151	Candidatus Endolissoclinum sp. UBA7326		0
1951063	Flavobacteriales bacterium UBA7312		0
1948440	Alphaproteobacteria bacterium UBA7314		0
1946203	Candidatus Neomicrothrix sp. UBA7316		0
1948734	Opitutia bacterium UBA7320		0
1953253	Fidelibacterota bacterium UBA7299		0
1946937	Micavibrio sp. UBA7307		0
1952863	Rhodospirillaceae bacterium UBA6608		0
1952787	Pseudomonadaceae bacterium UBA6596		0
1952739	Planctomycetaceae bacterium UBA6598		0
316	Stutzerimonas stutzeri		0
398743	Zunongwangia profunda		0
1951152	Legionellales bacterium UBA6603		0
1948431	Alphaproteobacteria bacterium UBA6605		0
1953109	Acidobacteria bacterium UBA6628		0
1946195	Candidatus Neomicrothrix sp. UBA6618		0
1953245	Fidelibacterota bacterium UBA6613		0
1947294	Pseudoalteromonas sp. UBA6610		0
1952785	Pseudomonadaceae bacterium UBA6586		0
1952789	Pseudomonadaceae bacterium UBA6941		0
1951124	Gemmatimonadales bacterium UBA6943		0
1951388	Alteromonadaceae bacterium UBA6945		0
1953252	Fidelibacterota bacterium UBA6947		0
1948525	Dehalococcoidia bacterium UBA6956		0
1951125	Gemmatimonadales bacterium UBA6959		0
1951059	Flavobacteriales bacterium UBA6923		0
1953248	Fidelibacterota bacterium UBA6924		0
1948562	Deltaproteobacteria bacterium UBA6930		0
1953249	Fidelibacterota bacterium UBA6931		0
1951122	Gemmatimonadales bacterium UBA6932		0
1952267	Nitrosomonadaceae bacterium UBA6933		0
1948437	Alphaproteobacteria bacterium UBA6962		0
1946935	Micavibrio sp. UBA6964		0
1946976	Neptuniibacter sp. UBA6509		0
1961493	Bacteriovoracaceae bacterium UBA6504		0
1948511	Dehalococcoidia bacterium UBA6495		0
1948636	Gammaproteobacteria bacterium UBA6498		0
1946193	Candidatus Neomicrothrix sp. UBA6521		0
1952249	Microbacteriaceae bacterium UBA6523		0
1948512	Dehalococcoidia bacterium UBA6520		0
1952784	Pseudomonadaceae bacterium UBA6525		0
52133	Acinetobacter venetianus		0
1946192	Candidatus Neomicrothrix sp. UBA6517		0
1961517	Bdellovibrionaceae bacterium UBA6518		0
1951368	Akkermansiaceae bacterium UBA6541		0
1953240	Fidelibacterota bacterium UBA6527		0
1948855	Patescibacteria group bacterium UBA6533		0
1948856	Patescibacteria group bacterium UBA6534		0
1948857	Patescibacteria group bacterium UBA6536		0
1961482	Bacteriovoracaceae bacterium UBA3347		0
1952243	Microbacteriaceae bacterium UBA3350		0
1947529	Sphingobium sp. UBA3351		0
1946758	Limnobacter sp. UBA3355		0
1961511	Bdellovibrionaceae bacterium UBA3359		0
1946884	Methylophaga sp. UBA3369		0
1951755	Erythrobacteraceae bacterium UBA3365		0
86102	Idiomarina abyssalis		0
1947369	Pusillimonas sp. UBA3987		0
1947777	Aequorivita sp. UBA3997		0
1947776	Aequorivita sp. UBA3995		0
1946891	Methylophaga sp. UBA3996		0
1948613	Gammaproteobacteria bacterium UBA3978		0
220697	Thalassospira xiamenensis		0
1946833	Maritimibacter sp. UBA3975		0
1952824	Rhodobiaceae bacterium UBA3976		0
1947584	Sulfitobacter sp. UBA4523		0
1945990	Alcanivorax sp. UBA4521		0
1947675	Thalassospira sp. UBA4513		0
1946381	Cobetia sp. UBA4515		0
1946633	Hyphomonas sp. UBA4508		0
1948622	Gammaproteobacteria bacterium UBA4501		0
1946893	Methylophaga sp. UBA4502		0
1951758	Erythrobacteraceae bacterium UBA4503		0
1951915	Halieaceae bacterium UBA4500		0
1951851	Flavobacteriaceae bacterium UBA4504		0
1951759	Erythrobacteraceae bacterium UBA4528		0
1951853	Flavobacteriaceae bacterium UBA4525		0
1946630	Hyphomonas sp. UBA4484		0
1951950	Hyphomonadaceae bacterium UBA5102		0
1948407	Alphaproteobacteria bacterium UBA5103		0
1946637	Hyphomonas sp. UBA5111		0
1946636	Hyphomonas sp. UBA5107		0
1952782	Pseudomonadaceae bacterium UBA5108		0
1951855	Flavobacteriaceae bacterium UBA5079		0
1947779	Aequorivita sp. UBA5087		0
1947780	Aequorivita sp. UBA5094		0
1946635	Hyphomonas sp. UBA5091		0
1946612	Hyphomonas sp. UBA1469		0
1952849	Rhodospirillaceae bacterium UBA1479		0
1951484	Balneolaceae bacterium UBA1481		0
1946614	Hyphomonas sp. UBA1474		0
1946639	Idiomarina sp. UBA1482		0
1946868	Methylophaga sp. UBA1490		0
1952239	Microbacteriaceae bacterium UBA1487		0
1948587	Gammaproteobacteria bacterium UBA1902		0
1948365	Alphaproteobacteria bacterium UBA1908		0
1951186	Phycisphaerales bacterium UBA1910		0
1946469	Erythrobacter sp. UBA1916		0
1951217	Rhizobiales bacterium UBA1912		0
1945973	Alcanivorax sp. UBA1913		0
1947363	Pusillimonas sp. UBA1915		0
1946617	Hyphomonas sp. UBA1923		0
1951188	Phycisphaerales bacterium UBA1926		0
1946812	Marinobacter sp. UBA1922		0
1946618	Hyphomonas sp. UBA2515		0
1945977	Alcanivorax sp. UBA2512		0
875171	Celeribacter baekdonensis		0
122	Gimesia maris		0
1950788	Cellvibrionales bacterium UBA2511		0
1946872	Methylophaga sp. UBA2502		0
1946126	Brevundimonas sp. UBA2503		0
1947364	Pusillimonas sp. UBA2505		0
1951489	Balneolaceae bacterium UBA2500		0
1946125	Brevundimonas sp. UBA2497		0
1946813	Marinobacter sp. UBA2498		0
1946169	Candidatus Neomicrothrix sp. UBA2517		0
1948326	Actinobacteria bacterium UBA2519		0
1953076	Shewanellaceae bacterium UBA2521		0
1946163	Candidatus Neomicrothrix sp. UBA1984		0
1948323	Actinobacteria bacterium UBA1967		0
1950960	Flavobacteriales bacterium UBA1959		0
1945974	Alcanivorax sp. UBA1972		0
1951384	Alteromonadaceae bacterium UBA1974		0
1947386	Roseivirga sp. UBA1976		0
1948711	Opitutia bacterium UBA1977		0
1947657	Thalassolituus sp. UBA1965		0
1951189	Phycisphaerales bacterium UBA1956		0
1946946	Microbacterium sp. UBA3397		0
1946945	Microbacterium sp. UBA3394		0
1946834	Martelella sp. UBA3392		0
1948377	Alphaproteobacteria bacterium UBA2966		0
1951106	Gemmatimonadales bacterium UBA2969		0
1952733	Planctomycetaceae bacterium UBA2972		0
1946174	Candidatus Neomicrothrix sp. UBA2974		0
1948491	Dehalococcoidia bacterium UBA2978		0
1948492	Dehalococcoidia bacterium UBA2979		0
1948375	Alphaproteobacteria bacterium UBA2954		0
1951495	Balneolaceae bacterium UBA2959		0
1953230	Fidelibacterota bacterium UBA2980		0
1948716	Opitutia bacterium UBA2993		0
1948114	Latescibacteria bacterium UBA2998		0
28108	Alteromonas macleodii		0
1948660	Gammaproteobacteria bacterium UBA7873		0
1951393	Alteromonadaceae bacterium UBA7877		0
1951087	Flavobacteriales bacterium UBA7878		0
1946213	Candidatus Neomicrothrix sp. UBA7881		0
1951131	Gemmatimonadales bacterium UBA7889		0
1948532	Dehalococcoidia bacterium UBA7891		0
1948448	Alphaproteobacteria bacterium UBA7893		0
1948220	Proteobacteria bacterium UBA7880		0
1947247	Prochlorococcus sp. UBA7370		0
1947895	Cyanobacteria bacterium UBA7373		0
1948737	Opitutia bacterium UBA7374		0
1950781	Burkholderiales bacterium UBA7377		0
1948650	Gammaproteobacteria bacterium UBA7379		0
1946152	Candidatus Endolissoclinum sp. UBA7380		0
1945992	Alcanivorax sp. UBA4543		0
1952780	Pseudomonadaceae bacterium UBA4539		0
1951391	Alteromonadaceae bacterium UBA7387		0
1951181	Opitutales bacterium UBA7389		0
1951351	Akkermansiaceae bacterium UBA1506		0
1951352	Akkermansiaceae bacterium UBA1507		0
1948362	Alphaproteobacteria bacterium UBA1509		0
1961477	Bacteriovoracaceae bacterium UBA1511		0
1951487	Balneolaceae bacterium UBA1514		0
1948135	Proteobacteria bacterium UBA1515		0
1951801	Flavobacteriaceae bacterium UBA1523		0
1948322	Actinobacteria bacterium UBA1526		0
1951134	Gemmatimonadales bacterium UBA887		0
1946957	Microbacterium sp. UBA888		0
1947671	Thalassolituus sp. UBA885		0
1947670	Thalassolituus sp. UBA883		0
1948343	Actinobacteria bacterium UBA5693		0
1961519	Bdellovibrionaceae bacterium UBA6776		0
1961469	Myxococcales bacterium UBA6777		0
1952831	Rhodobiaceae bacterium UBA6778		0
1951856	Flavobacteriaceae bacterium UBA5160		0
1951951	Hyphomonadaceae bacterium UBA5161		0
1947054	Paracoccus sp. UBA5162		0
1946949	Microbacterium sp. UBA5159		0
1945995	Alcanivorax sp. UBA5163		0
1948503	Dehalococcoidia bacterium UBA5164		0
1947784	Aequorivita sp. UBA6784		0
1946968	Allomuricauda sp. UBA6785		0
1951872	Flavobacteriaceae bacterium UBA6787		0
1951870	Flavobacteriaceae bacterium UBA6780		0
1951057	Flavobacteriales bacterium UBA6771		0
1948767	Patescibacteria group bacterium UBA1006		0
1948580	Gammaproteobacteria bacterium UBA1012		0
1946196	Candidatus Neomicrothrix sp. UBA670		0
1951542	Cellvibrionaceae bacterium UBA677		0
1961520	Bdellovibrionaceae bacterium UBA680		0
1945960	Actibacterium sp. UBA681		0
360293	Leeuwenhoekiella blandensis		0
1946197	Candidatus Neomicrothrix sp. UBA672		0
1948281	Verrucomicrobia bacterium UBA673		0
1953217	Fidelibacterota bacterium UBA2125		0
1952851	Rhodospirillaceae bacterium UBA2139		0
1953102	Acidobacteria bacterium UBA2140		0
1948478	Dehalococcoidia bacterium UBA2141		0
1948479	Dehalococcoidia bacterium UBA2145		0
1953220	Fidelibacterota bacterium UBA2129		0
1951112	Gemmatimonadales bacterium UBA3497		0
1948388	Alphaproteobacteria bacterium UBA3504		0
1953224	Fidelibacterota bacterium UBA2150		0
1948146	Proteobacteria bacterium UBA2157		0
1948480	Dehalococcoidia bacterium UBA2158		0
1953052	Nitrospinaceae bacterium UBA2164		0
1953104	Acidobacteria bacterium UBA2167		0
1948591	Gammaproteobacteria bacterium UBA2168		0
1952203	Leptospiraceae bacterium UBA3465		0
1948809	Patescibacteria group bacterium UBA3466		0
1952823	Rhodobiaceae bacterium UBA3468		0
1951199	Phycisphaerales bacterium UBA3472		0
1948652	Gammaproteobacteria bacterium UBA7449		0
1946208	Candidatus Neomicrothrix sp. UBA7450		0
1952864	Rhodospirillaceae bacterium UBA7454		0
1948485	Dehalococcoidia bacterium UBA2588		0
1951104	Gemmatimonadales bacterium UBA2589		0
1948507	Dehalococcoidia bacterium UBA5748		0
1953404	Candidatus Dojkabacteria bacterium UBA5749		0
1952714	Peptococcaceae bacterium UBA5752		0
1947025	Paludibacter sp. UBA5753		0
1948555	Deltaproteobacteria bacterium UBA5754		0
1961383	Smithella sp. UBA4047		0
1953204	Candidatus Immundihabitans aquiphilus		0
1953194	Candidatus Aminicenantes bacterium UBA4085		0
1948500	Dehalococcoidia bacterium UBA4086		0
1948501	Dehalococcoidia bacterium UBA4087		0
1950275			0
1961432	Syntrophaceae bacterium UBA4090		0
1961429	Syntrophaceae bacterium UBA4054		0
1961550	Desulfobulbaceae bacterium UBA4056		0
1947596	Sulfurospirillum sp. UBA4058		0
1952708	Peptococcaceae bacterium UBA4068		0
1950536	Bacteroidales bacterium UBA4070		0
1961535	Desulfobacteraceae bacterium UBA4072		0
1948546	Deltaproteobacteria bacterium UBA4075		0
1950874	Clostridiales bacterium UBA4080		0
1947885	Cyanobacteria bacterium UBA4093		0
1952999	Opitutaceae bacterium UBA4094		0
1961483	Bacteriovoracaceae bacterium UBA4096		0
1961484	Bacteriovoracaceae bacterium UBA4097		0
1961442	Syntrophaceae bacterium UBA5619		0
1948504	Dehalococcoidia bacterium UBA5620		0
1961539	Desulfobacteraceae bacterium UBA5623		0
1948077	Firmicutes bacterium UBA5625		0
1951747	Erysipelotrichaceae bacterium UBA5626		0
1961556	Desulfobulbaceae bacterium UBA5628		0
1948506	Dehalococcoidia bacterium UBA5629		0
1952893	Spirochaetaceae bacterium UBA5630		0
1950307			0
1948833	Patescibacteria group bacterium UBA5633		0
1947683	Thiomicrospira sp. UBA5634		0
1961395	Geobacter sp. UBA5608		0
1961571	Desulfuromonadaceae bacterium UBA5613		0
1947867	Cloacimonetes bacterium UBA5614		0
1947400	Hungateiclostridiaceae bacterium UBA3577		0
1509	Clostridium sporogenes		0
1950859	Clostridiales bacterium UBA3582		0
1947535	Sphingomonas sp. UBA7901		0
1951219	Raskinella chloraquaticus (SeqCode)		0
1951955	Hyphomonadaceae bacterium UBA684		0
1951546	Chitinophagaceae bacterium UBA1946		0
1946325	Chthonomonas sp. UBA1950		0
1947058	Pedobacter sp. UBA1951		0
1946008	Alistipes sp. UBA1813		0
397865	Barnesiella viscericola		0
197	Campylobacter jejuni		0
1946386	Collinsella sp. UBA1827		0
1952295	Ruminococcaceae bacterium UBA1816		0
35818	Helicobacter pullorum		0
1948695	Lentisphaeria bacterium UBA1829		0
1951989	Lachnospiraceae bacterium UBA1818		0
1423	Bacillus subtilis		0
1946015	Alistipes sp. UBA934		0
1952191	Lachnospiraceae bacterium UBA938		0
1947442	Ruminococcus sp. UBA946		0
1953380	Candidatus Saccharibacteria bacterium UBA949		0
1948464	Betaproteobacteria bacterium UBA931		0
1953378	Candidatus Saccharibacteria bacterium UBA7683		0
1946423	Dyadobacter sp. UBA7685		0
1946557	Flavobacterium sp. UBA7663		0
1953173	Bacteroidetes bacterium UBA7688		0
1951083	Flavobacteriales bacterium UBA7666		0
1953006	Oxalobacteraceae bacterium UBA7693		0
907	Megasphaera elsdenii		0
1952074	Lachnospiraceae bacterium UBA4222		0
1946265	Christensenella sp. UBA4246		0
1946266	Christensenella sp. UBA4247		0
1946666	Kandleria sp. UBA4218		0
1952075	Lachnospiraceae bacterium UBA4226		0
1952076	Lachnospiraceae bacterium UBA4228		0
1950555	Bacteroidales bacterium UBA4236		0
1952077	Lachnospiraceae bacterium UBA4237		0
1946480	Eubacterium sp. UBA4238		0
1947017	Oribacterium sp. UBA4274		0
1264	Hominimerdicola alba		0
1952579	Porphyromonadaceae bacterium UBA4277		0
1950278			0
1952081	Lachnospiraceae bacterium UBA4280		0
1952082	Lachnospiraceae bacterium UBA4281		0
1950877	Clostridiales bacterium UBA4283		0
1950559	Bacteroidales bacterium UBA4284		0
1946720	Lachnospira sp. UBA4285		0
1948263	Verrucomicrobia bacterium UBA4286		0
1947572	Succinatimonas sp. UBA4288		0
1947018	Oribacterium sp. UBA4289		0
1946721	Lachnospira sp. UBA4290		0
1946535	Fibrobacter sp. UBA4291		0
1952083	Lachnospiraceae bacterium UBA4292		0
1950557	Bacteroidales bacterium UBA4254		0
1630	Kandleria vitulina		0
1952328	Ruminococcaceae bacterium UBA4257		0
1946387	Collinsella sp. UBA4258		0
77095	Segatella bryantii		0
1952079	Lachnospiraceae bacterium UBA4260		0
1952578	Porphyromonadaceae bacterium UBA4262		0
1947722	Treponema sp. UBA4267		0
1947155	Prevotella sp. UBA4268		0
1947156	Prevotella sp. UBA4294		0
1946787	Mageeibacillus sp. UBA4314		0
1952085	Lachnospiraceae bacterium UBA4317		0
1947425	Ruminococcus sp. UBA4321		0
1946518	Faecalitalea sp. UBA4323		0
1950566	Bacteroidales bacterium UBA4325		0
1951457	Atopobiaceae bacterium UBA4299		0
88431	Dorea longicatena		0
1946071	Atopobium sp. UBA4302		0
1950562	Bacteroidales bacterium UBA4295		0
1950878	Clostridiales bacterium UBA4304		0
1952329	Ruminococcaceae bacterium UBA4306		0
1950568	Bacteroidales bacterium UBA4333		0
1952088	Lachnospiraceae bacterium UBA4348		0
1947427	Ruminococcus sp. UBA4350		0
1950571	Bacteroidales bacterium UBA4351		0
1946849	Megasphaera sp. UBA4352		0
1947158	Prevotella sp. UBA4330		0
1946788	Mageeibacillus sp. UBA4354		0
1947564	Streptococcus sp. UBA4344		0
1950569	Bacteroidales bacterium UBA4345		0
1952494	Prevotellaceae bacterium UBA4332		0
1950570	Bacteroidales bacterium UBA4347		0
1952095	Lachnospiraceae bacterium UBA4381		0
1946850	Megasphaera sp. UBA4382		0
1947428	Ruminococcus sp. UBA4383		0
1951458	Atopobiaceae bacterium UBA4384		0
1953342	Candidatus Saccharibacteria bacterium UBA4387		0
1950279			0
1950576	Bacteroidales bacterium UBA4369		0
1946388	Collinsella sp. UBA4370		0
1946539	Fibrobacter sp. UBA4375		0
1950879	Clostridiales bacterium UBA4358		0
1947728	Treponema sp. UBA4377		0
1952093	Lachnospiraceae bacterium UBA4378		0
1946268	Christensenella sp. UBA4379		0
1952266	Mycoplasmataceae bacterium UBA3729		0
1950504	Bacteroidales bacterium UBA3717		0
1947016	Oribacterium sp. UBA3737		0
1946531	Fibrobacter sp. UBA3718		0
1950865	Clostridiales bacterium UBA3722		0
971	Pseudoselenomonas ruminantium		0
1953337	Candidatus Saccharibacteria bacterium UBA3723		0
82374	Anaerovibrio lipolyticus		0
1946514	Faecalitalea sp. UBA3728		0
1950501	Bacteroidales bacterium UBA3694		0
1947141	Prevotella sp. UBA3675		0
1946513	Faecalitalea sp. UBA3699		0
1946256	Christensenella sp. UBA3700		0
1952048	Lachnospiraceae bacterium UBA3701		0
1952484	Prevotellaceae bacterium UBA3702		0
1946845	Megasphaera sp. UBA3703		0
1947299	Pseudobutyrivibrio sp. UBA3676		0
1947471	Sphaerochaeta sp. UBA3704		0
1950864	Clostridiales bacterium UBA3705		0
1950498	Bacteroidales bacterium UBA3681		0
1947714	Treponema sp. UBA3683		0
1951644	Eggerthellaceae bacterium UBA3686		0
1950500	Bacteroidales bacterium UBA3688		0
1946476	Eubacterium sp. UBA3690		0
1947465	Solobacterium sp. UBA3691		0
1947138	Prevotella sp. UBA3652		0
1952043	Lachnospiraceae bacterium UBA3666		0
1946844	Megasphaera sp. UBA3670		0
1946659	Kandleria sp. UBA3656		0
1946475	Eubacterium sp. UBA3658		0
1947415	Ruminococcus sp. UBA3665		0
1947136	Prevotella sp. UBA3619		0
1952040	Lachnospiraceae bacterium UBA3643		0
1952042	Lachnospiraceae bacterium UBA3645		0
1950264			0
1946714	Lachnospira sp. UBA3647		0
1947711	Treponema sp. UBA3649		0
1950490	Bacteroidales bacterium UBA3630		0
1952036	Lachnospiraceae bacterium UBA3632		0
1950266			0
1948256	Verrucomicrobia bacterium UBA3636		0
1953024	Selenomonadaceae bacterium UBA3796		0
1946148	Butyrivibrio sp. UBA3797		0
1950520	Bacteroidales bacterium UBA3799		0
1952060	Lachnospiraceae bacterium UBA3802		0
1950268			0
1947147	Prevotella sp. UBA3788		0
1946259	Christensenella sp. UBA3792		0
1950509	Bacteroidales bacterium UBA3743		0
1950511	Bacteroidales bacterium UBA3747		0
1947144	Prevotella sp. UBA3757		0
1946257	Christensenella sp. UBA3770		0
1948395	Alphaproteobacteria bacterium UBA3773		0
1952052	Lachnospiraceae bacterium UBA3762		0
1947916	Elusimicrobia bacterium UBA3778		0
1948259	Verrucomicrobia bacterium UBA3783		0
1947152	Prevotella sp. UBA3854		0
1950531	Bacteroidales bacterium UBA3856		0
1950527	Bacteroidales bacterium UBA3834		0
1947718	Treponema sp. UBA3862		0
1952071	Lachnospiraceae bacterium UBA3863		0
1947300	Pseudobutyrivibrio sp. UBA3836		0
1952073	Lachnospiraceae bacterium UBA3866		0
1948262	Verrucomicrobia bacterium UBA3869		0
1952486	Prevotellaceae bacterium UBA3839		0
1948261	Verrucomicrobia bacterium UBA3841		0
1950528	Bacteroidales bacterium UBA3842		0
1947927	Candidatus Ruminimicrobiellum ovillum		0
1952067	Lachnospiraceae bacterium UBA3845		0
1946718	Lachnospira sp. UBA3833		0
1952069	Lachnospiraceae bacterium UBA3850		0
1947717	Treponema sp. UBA3819		0
1952064	Lachnospiraceae bacterium UBA3821		0
1961562	Desulfovibrionaceae bacterium UBA3823		0
1947148	Prevotella sp. UBA3807		0
1950521	Bacteroidales bacterium UBA3808		0
1952065	Lachnospiraceae bacterium UBA3826		0
1950522	Bacteroidales bacterium UBA3809		0
1952066	Lachnospiraceae bacterium UBA3828		0
1953339	Candidatus Saccharibacteria bacterium UBA3829		0
1952323	Ruminococcaceae bacterium UBA3812		0
1947715	Treponema sp. UBA3813		0
1952062	Lachnospiraceae bacterium UBA3814		0
1952480	Prevotellaceae bacterium UBA3219		0
1950259			0
1948254	Verrucomicrobia bacterium UBA3222		0
1947130	Prevotella sp. UBA3208		0
1947131	Prevotella sp. UBA3211		0
1950256			0
1950257			0
1946807	Marinagarivorans sp. UBA5868		0
1948680	Ignavibacteria bacterium UBA5798		0
1948320	Acidimicrobiia bacterium UBA5794		0
1951399	Amoebophilaceae bacterium UBA1467		0
1951568	Chloroflexaceae bacterium UBA1466		0
1951400	Amoebophilaceae bacterium UBA6012		0
1951927	Helicobacteraceae bacterium UBA6016		0
1947791	bacterium UBA1459		0
1946865	Methylococcus sp. UBA6136		0
1951257	Sphingomonadales bacterium UBA6157		0
1952846	Rhodocyclaceae bacterium UBA6137		0
1951048	Flavobacteriales bacterium UBA6165		0
1961490	Bacteriovoracaceae bacterium UBA6166		0
1961400	Geobacter sp. UBA6169		0
1947380	Rhodoferax sp. UBA6134		0
1951259	Sphingomonadales bacterium UBA6174		0
1951377	Alcaligenaceae bacterium UBA6179		0
1951533	Candidatus Paracaedibacteraceae bacterium UBA6184		0
1948090	Firmicutes bacterium UBA6185		0
1951894	Francisellaceae bacterium UBA6186		0
1948418	Alphaproteobacteria bacterium UBA6189		0
1952236	Methylophilaceae bacterium UBA6140		0
1946649	Idiomarina sp. UBA6142		0
1961488	Bacteriovoracaceae bacterium UBA6144		0
1946553	Flavobacterium sp. UBA6135		0
1946929	Micavibrio sp. UBA6147		0
1961452	Syntrophaceae bacterium UBA6112		0
1947814	bacterium UBA6115		0
1952896	Spirochaetaceae bacterium UBA6076		0
1951766	Eubacteriaceae bacterium UBA6119		0
1950313			0
1961409	Desulfovibrio sp. UBA6121		0
1961572	Desulfuromonadaceae bacterium UBA6124		0
1953182	Caldiserica bacterium UBA6126		0
1947870	Cloacimonetes bacterium UBA6081		0
1947477	Sphaerochaeta sp. UBA6084		0
1951587	Clostridiaceae bacterium UBA6085		0
1951438	Anaerolineaceae bacterium UBA6086		0
1952897	Spirochaetaceae bacterium UBA6089		0
1948559	Deltaproteobacteria bacterium UBA6091		0
1946282	Christensenella sp. UBA6094		0
1947478	Sphaerochaeta sp. UBA6095		0
1948765	Thermoleophilia bacterium UBA6103		0
1948681	Ignavibacteria bacterium UBA6104		0
1951439	Anaerolineaceae bacterium UBA6105		0
1946233	Castellaniella sp. UBA6218		0
1951900	Gallionellaceae bacterium UBA6222		0
1953366	Candidatus Saccharibacteria bacterium UBA6224		0
1950671	Bacteroidales bacterium UBA6229		0
1953210	Candidatus Dependentiae bacterium UBA6230		0
1953269	Candidatus Omnitrophica bacterium UBA6233		0
1951332	Acholeplasmataceae bacterium UBA6235		0
1951050	Flavobacteriales bacterium UBA6239		0
1953309	Candidatus Roizmanbacteria bacterium UBA6242		0
1946310	Cellulomonas sp. UBA6250		0
1953206	Candidatus Atribacteria bacterium UBA6251		0
1961453	Syntrophaceae bacterium UBA6252		0
1948093	Firmicutes bacterium UBA6256		0
1948850	Patescibacteria group bacterium UBA6257		0
1947925	Elusimicrobia bacterium UBA6262		0
1948846	Patescibacteria group bacterium UBA6201		0
1951611	Comamonadaceae bacterium UBA6202		0
1948847	Patescibacteria group bacterium UBA6206		0
1950670	Bacteroidales bacterium UBA6207		0
1961385	Smithella sp. UBA6208		0
1953267	Candidatus Omnitrophica bacterium UBA6210		0
1946554	Flavobacterium sp. UBA6195		0
1950675	Bacteroidales bacterium UBA6267		0
36861	Thiobacillus denitrificans		0
1948799	Patescibacteria group bacterium UBA2196		0
1961569	Desulfuromonadaceae bacterium UBA2197		0
1953193	Candidatus Aminicenantes bacterium UBA2199		0
1948307	Caldifarciminota bacterium UBA2202		0
1948756	Spirochaetia bacterium UBA2205		0
1961423	Syntrophaceae bacterium UBA2207		0
1947947	Firmicutes bacterium UBA2209		0
1951743	Erysipelotrichaceae bacterium UBA2212		0
1947594	Sulfurospirillum sp. UBA2217		0
1951190	Phycisphaerales bacterium UBA2218		0
1953211	Candidatus Hydrogenedentes bacterium UBA2224		0
1961413	Desulfobacter sp. UBA2225		0
1951744	Erysipelotrichaceae bacterium UBA2227		0
1961420	Syntrophaceae bacterium UBA2185		0
1953191	Candidatus Aminicenantes bacterium UBA2190		0
1953192	Candidatus Aminicenantes bacterium UBA2191		0
1961419	Syntrophaceae bacterium UBA2175		0
1948252	Verrucomicrobia bacterium UBA3063		0
1950776	Burkholderiales bacterium UBA3064		0
1948161	Proteobacteria bacterium UBA3065		0
1948336	Actinobacteria bacterium UBA3066		0
1948251	Verrucomicrobia bacterium UBA3062		0
1947093	Prevotella sp. UBA2456		0
1947094	Prevotella sp. UBA2457		0
1950770	Burkholderiales bacterium UBA2459		0
1950771	Burkholderiales bacterium UBA2463		0
1961508	Bdellovibrionaceae bacterium UBA2466		0
1951550	Chitinophagaceae bacterium UBA2467		0
1952464	Prevotellaceae bacterium UBA2451		0
1947089	Prevotella sp. UBA2446		0
1952463	Prevotellaceae bacterium UBA2448		0
1950254			0
1947104	Prevotella sp. UBA2742		0
1952469	Prevotellaceae bacterium UBA2738		0
1947103	Prevotella sp. UBA2740		0
1947115	Prevotella sp. UBA2763		0
1947113	Prevotella sp. UBA2758		0
1950455	Bacteroidales bacterium UBA2759		0
1950450	Bacteroidales bacterium UBA2716		0
1952541	Porphyromonadaceae bacterium UBA2720		0
1947098	Prevotella sp. UBA2728		0
1946067	Atopobium sp. UBA2729		0
1950253			0
1945915	Acidaminococcus sp. UBA2733		0
1951992	Lachnospiraceae bacterium UBA2734		0
1951990	Lachnospiraceae bacterium UBA2727		0
1952701	Porphyromonadaceae bacterium UBA7747		0
1947230	Prevotella sp. UBA7743		0
1947899	Cyanobacteria bacterium UBA7753		0
1950753	Bacteroidales bacterium UBA7755		0
1952178	Lachnospiraceae bacterium UBA7744		0
1952182	Lachnospiraceae bacterium UBA7759		0
1947231	Prevotella sp. UBA7745		0
1951338	Acidaminococcaceae bacterium UBA7746		0
1950754	Bacteroidales bacterium UBA7769		0
1947236	Prevotella sp. UBA7773		0
1947232	Prevotella sp. UBA7762		0
1952186	Lachnospiraceae bacterium UBA7777		0
1947233	Prevotella sp. UBA7764		0
1952188	Lachnospiraceae bacterium UBA7783		0
1946082	Atopobium sp. UBA7788		0
1947239	Prevotella sp. UBA7785		0
1947226	Prevotella sp. UBA7723		0
1947579	Succinatimonas sp. UBA7726		0
1952174	Lachnospiraceae bacterium UBA7729		0
1950751	Bacteroidales bacterium UBA7731		0
1945917	Acidaminococcus sp. UBA7736		0
1952176	Lachnospiraceae bacterium UBA7738		0
1952173	Lachnospiraceae bacterium UBA7725		0
1946078	Atopobium sp. UBA7741		0
1950728	Bacteroidales bacterium UBA7258		0
1946418	Dialister sp. UBA7259		0
1946075	Atopobium sp. UBA7261		0
1950731	Bacteroidales bacterium UBA7284		0
1948646	Gammaproteobacteria bacterium UBA7282		0
1947213	Prevotella sp. UBA7283		0
1946419	Dialister sp. UBA7295		0
1947208	Prevotella sp. UBA7262		0
1952685	Porphyromonadaceae bacterium UBA7269		0
1947209	Prevotella sp. UBA7263		0
1947211	Prevotella sp. UBA7270		0
1950929	Clostridiales bacterium UBA7273		0
1951597	Clostridiales bacterium UBA7277		0
1950345			0
1950773	Burkholderiales bacterium UBA2643		0
1950774	Burkholderiales bacterium UBA2647		0
1951147	Legionellales bacterium UBA2653		0
1953144	Bacteroidetes bacterium UBA2234		0
1948325	Actinobacteria bacterium UBA2236		0
1950370	Bacteroidales bacterium UBA1064		0
1948572	Epsilonproteobacteria bacterium UBA4036		0
1952232	Methylocystaceae bacterium UBA4761		0
1946524	Fervidobacterium sp. UBA5837		0
1950656	Bacteroidales bacterium UBA5839		0
1945907	Acetobacterium sp. UBA5834		0
1947474	Sphaerochaeta sp. UBA5836		0
1947475	Sphaerochaeta sp. UBA5849		0
1961566	Desulfovibrionaceae bacterium UBA5842		0
1947766	Tyzzerella sp. UBA5844		0
61435	Dehalococcoides mccartyi		0
1950659	Bacteroidales bacterium UBA5855		0
1947476	Sphaerochaeta sp. UBA5856		0
1948075	Firmicutes bacterium UBA5559		0
1952919	Synergistaceae bacterium UBA5560		0
1948076	Firmicutes bacterium UBA5561		0
1952918	Synergistaceae bacterium UBA5555		0
1946857	Mesotoga sp. UBA5557		0
1947866	Cloacimonetes bacterium UBA5553		0
1961564	Desulfovibrionaceae bacterium UBA5546		0
1950648	Bacteroidales bacterium UBA5548		0
1952587	Porphyromonadaceae bacterium UBA6067		0
1947020	Oribacterium sp. UBA6992		0
1946801	Mageeibacillus sp. UBA6980		0
1950918	Clostridiales bacterium UBA6981		0
1952522	Prevotellaceae bacterium UBA6993		0
1952120	Lachnospiraceae bacterium UBA7012		0
1952425	Ruminococcaceae bacterium UBA6997		0
1950342			0
1946671	Kandleria sp. UBA6996		0
1946726	Lachnospira sp. UBA7007		0
1950724	Bacteroidales bacterium UBA7021		0
1950725	Bacteroidales bacterium UBA7022		0
1952125	Lachnospiraceae bacterium UBA7027		0
1952427	Ruminococcaceae bacterium UBA7031		0
1953412	bacterium UBP10_UBA1160		0
1961417	Syntrophaceae bacterium UBA1164		0
1953413	Candidatus Binatus soli		0
1950127	Acidimicrobiales bacterium UBA7543		0
1953111	Acidobacteria bacterium UBA7540		0
1961457	Syntrophaceae bacterium UBA7544		0
1953112	Candidatus Acidiferrum typicum		0
1948751	Spartobacteria bacterium UBA6821		0
1390	Bacillus amyloliquefaciens		0
1952878	Saprospiraceae bacterium UBA3362		0
1946317	Chloracidobacterium sp. UBA3360		0
1951857	Flavobacteriaceae bacterium UBA5534		0
1950645	Bacteroidales bacterium UBA5536		0
1951037	Flavobacteriales bacterium UBA5538		0
1946129	Brevundimonas sp. UBA5539		0
1948349	Actinobacteria bacterium UBA959		0
1948688	Ignavibacteria bacterium UBA961		0
1947788	bacterium UBA951		0
1951211	Phycisphaerales bacterium UBA966		0
1952747	Planctomycetaceae bacterium UBA969		0
1951885	Flavobacteriaceae bacterium UBA7446		0
1948735	Opitutia bacterium UBA7350		0
1946007	Alistipes sp. UBA1686		0
1952288	Ruminococcaceae bacterium UBA1691		0
46503	Parabacteroides merdae		0
1946385	Collinsella sp. UBA1693		0
1950956	Flavobacteriales bacterium UBA1694		0
1946843	Megasphaera sp. UBA1696		0
905	Acidaminococcus fermentans		0
1950825	Clostridiales bacterium UBA1701		0
1947048	Parabacteroides sp. UBA1708		0
1951976	Lachnospiraceae bacterium UBA1683		0
1946247	Christensenella sp. UBA1685		0
1950418	Bacteroidales bacterium UBA1711		0
1950830	Clostridiales bacterium UBA1742		0
1950428	Bacteroidales bacterium UBA1751		0
1950430	Bacteroidales bacterium UBA1756		0
1950832	Clostridiales bacterium UBA1758		0
1946505	Faecalibacterium sp. UBA1762		0
1950833	Clostridiales bacterium UBA1763		0
1946528	Fibrobacter sp. UBA1765		0
1951987	Lachnospiraceae bacterium UBA1766		0
1950420	Bacteroidales bacterium UBA1715		0
1950834	Clostridiales bacterium UBA1770		0
1950835	Clostridiales bacterium UBA1774		0
1951988	Lachnospiraceae bacterium UBA1778		0
1947406	Ruminococcus sp. UBA1780		0
1946249	Christensenella sp. UBA1782		0
1951742	Erysipelotrichaceae bacterium UBA1783		0
1952462	Prevotellaceae bacterium UBA1787		0
1950421	Bacteroidales bacterium UBA1722		0
1948241	Verrucomicrobia bacterium UBA1727		0
1950827	Clostridiales bacterium UBA1728		0
1950426	Bacteroidales bacterium UBA1736		0
1950828	Clostridiales bacterium UBA1738		0
1948694	Lentisphaeria bacterium UBA1791		0
1947464	Solobacterium sp. UBA3303		0
1948383	Alphaproteobacteria bacterium UBA3307		0
1952967	Oscillospiraceae bacterium UBA3295		0
1947133	Prevotella sp. UBA3288		0
1946657	Kandleria sp. UBA3298		0
1950481	Bacteroidales bacterium UBA3300		0
1951043	Flavobacteriales bacterium UBA5939		0
1951860	Flavobacteriaceae bacterium UBA5950		0
1952298	Ruminococcaceae bacterium UBA2089		0
1945908	Acetobacterium sp. UBA6819		0
1951639	Deferribacteraceae bacterium UBA6793		0
1952814	Rhodobacteraceae bacterium UBA6796		0
1953272	Candidatus Omnitrophica bacterium UBA6797		0
1951640	Deferribacteraceae bacterium UBA6799		0
1948860	Patescibacteria group bacterium UBA6805		0
1961455	Syntrophaceae bacterium UBA6807		0
1947600	Sulfurospirillum sp. UBA6810		0
1947599	Sulfurospirillum sp. UBA6791		0
1961381	Pelobacter sp. UBA6812		0
1948101	Firmicutes bacterium UBA6813		0
1947609	Sulfurovum sp. UBA6815		0
1948861	Patescibacteria group bacterium UBA6816		0
1952841	Rhodocyclaceae bacterium UBA4002		0
1951643	Demequinaceae bacterium UBA4004		0
1953055	Nocardioidaceae bacterium UBA4001		0
310575	Advenella kashmirensis		0
1946063	Asticcacaulis sp. UBA2476		0
1953163	Bacteroidetes bacterium UBA5697		0
1951191	Phycisphaerales bacterium UBA2266		0
1948663	Ignavibacteria bacterium UBA2268		0
1953229	Fidelibacterota bacterium UBA2242		0
1952906	Synergistaceae bacterium UBA2252		0
1950249			0
1953423	bacterium UBP2_UBA2255		0
1952886	Spirochaetaceae bacterium UBA2256		0
1948308	Caldifarciminota bacterium UBA2258		0
1953395	Candidatus Dojkabacteria bacterium UBA2259		0
1952704	Peptococcaceae bacterium UBA2264		0
1961390	Geobacter sp. UBA2265		0
1961570	Desulfuromonadaceae bacterium UBA2294		0
1953118	Actinobacteria bacterium UBA2272		0
1951407	Anaerolineaceae bacterium UBA2275		0
1953274	Candidatus Collierbacteria bacterium UBA2277		0
1953119	Actinobacteria bacterium UBA2279		0
1948244	Verrucomicrobia bacterium UBA2281		0
1953120	Actinobacteria bacterium UBA2286		0
1950443	Bacteroidales bacterium UBA2287		0
1947253	Proteiniphilum sp. UBA2288		0
1950250			0
1948454	Betaproteobacteria bacterium UBA2293		0
1952843	Rhodocyclaceae bacterium UBA5196		0
1950603	Bacteroidales bacterium UBA5197		0
1948828	Patescibacteria group bacterium UBA5194		0
1948549	Deltaproteobacteria bacterium UBA5205		0
1952210	Marinilabiliaceae bacterium UBA5213		0
1951414	Anaerolineaceae bacterium UBA4799		0
1953100	Acetothermia bacterium UBA4801		0
1961437	Syntrophaceae bacterium UBA4803		0
1961473	Desulfarculales bacterium UBA4804		0
1950592	Bacteroidales bacterium UBA4805		0
1947618	Syntrophomonas sp. UBA4807		0
1951746	Erysipelotrichaceae bacterium UBA4808		0
1953400	Candidatus Dojkabacteria bacterium UBA4813		0
1947921	Elusimicrobia bacterium UBA4817		0
1948312	Caldifarciminota bacterium UBA4773		0
1953301	Candidatus Moranbacteria bacterium UBA4824		0
1953399	Candidatus Dojkabacteria bacterium UBA4776		0
1946752	Leptolinea sp. UBA4782		0
1952888	Spirochaetaceae bacterium UBA4785		0
1953235	Fidelibacterota bacterium UBA4786		0
1948819	Patescibacteria group bacterium UBA4787		0
1947067	Pelotomaculum sp. UBA4789		0
1948006	Firmicutes bacterium UBA4795		0
1946471	Erythrobacter sp. UBA3075		0
1951230	Rhodobacterales bacterium UBA3077		0
1951820	Flavobacteriaceae bacterium UBA3078		0
1950204	Anaerolineales bacterium UBA3082		0
1953123	Actinobacteria bacterium UBA3086		0
1950790	Cellvibrionales bacterium UBA3090		0
1947348	Psychrobacter sp. UBA2769		0
1948804	Patescibacteria group bacterium UBA2772		0
1953209	Candidatus Dadabacteria bacterium UBA2774		0
1947541	Spirochaeta sp. UBA2779		0
1951935	Hyphomicrobiaceae bacterium UBA2767		0
1948486	Dehalococcoidia bacterium UBA2768		0
1948787	Patescibacteria group bacterium UBA1875		0
1952903	Synergistaceae bacterium UBA1876		0
1951531	Campylobacteraceae bacterium UBA1877		0
1951638	Deferribacteraceae bacterium UBA1873		0
1947943	Firmicutes bacterium UBA1874		0
1950787	Cellvibrionales bacterium UBA2034		0
1945988	Alcanivorax sp. UBA4485		0
1952826	Rhodobiaceae bacterium UBA4490		0
1946861	Methylobacter sp. UBA2091		0
1946327	Chthonomonas sp. UBA2025		0
1947695	Thiothrix sp. UBA2016		0
1948678	Ignavibacteria bacterium UBA5590		0
1948460	Betaproteobacteria bacterium UBA5582		0
1947697	Thiothrix sp. UBA5583		0
1950215	Anaerolineales bacterium UBA5587		0
1953356	Candidatus Saccharibacteria bacterium UBA5589		0
1948667	Ignavibacteria bacterium UBA2333		0
1946914	Micavibrio sp. UBA2341		0
1953326	Candidatus Saccharibacteria bacterium UBA2342		0
1952866	Saprospiraceae bacterium UBA2329		0
1948150	Proteobacteria bacterium UBA2411		0
1950764	Bacteroidetes bacterium UBA2412		0
1953285	Candidatus Gottesmanbacteria bacterium UBA2417		0
1953150	Bacteroidetes bacterium UBA2406		0
1950978	Flavobacteriales bacterium UBA2426		0
1951780	Flammeovirgaceae bacterium UBA2427		0
1946337	Chthonomonas sp. UBA2407		0
1946915	Micavibrio sp. UBA2400		0
1951193	Phycisphaerales bacterium UBA2402		0
1948672	Ignavibacteria bacterium UBA2403		0
1951192	Phycisphaerales bacterium UBA2396		0
1948668	Ignavibacteria bacterium UBA2350		0
1961507	Bdellovibrionaceae bacterium UBA2351		0
1948669	Ignavibacteria bacterium UBA2353		0
1946332	Chthonomonas sp. UBA2354		0
1953277	Candidatus Falkowbacteria bacterium UBA2355		0
1950196	Anaerolineales bacterium UBA2356		0
1952868	Saprospiraceae bacterium UBA2349		0
1951617	Competibacteraceae bacterium UBA2368		0
1951548	Chitinophagaceae bacterium UBA2375		0
2982025	Candidatus Parvibacillus calidus		0
1952995	Opitutaceae bacterium UBA2377		0
1950198	Anaerolineales bacterium UBA2378		0
1952871	Saprospiraceae bacterium UBA2379		0
1948801	Patescibacteria group bacterium UBA2380		0
1951358	Akkermansiaceae bacterium UBA2381		0
1950976	Flavobacteriales bacterium UBA2382		0
1948148	Proteobacteria bacterium UBA2383		0
1951779	Flammeovirgaceae bacterium UBA2384		0
1948542	Deltaproteobacteria bacterium UBA2385		0
1948127	Planctomycetes bacterium UBA2386		0
1953327	Candidatus Saccharibacteria bacterium UBA2390		0
1946335	Chthonomonas sp. UBA2391		0
1948128	Planctomycetes bacterium UBA2392		0
1948147	Proteobacteria bacterium UBA2363		0
1946328	Chthonomonas sp. UBA2321		0
1953145	Bacteroidetes bacterium UBA2322		0
1948664	Ignavibacteria bacterium UBA2319		0
1951754	Erythrobacteraceae bacterium UBA3164		0
1946178	Candidatus Neomicrothrix sp. UBA3166		0
1946745	Leeuwenhoekiella sp. UBA3167		0
1951823	Flavobacteriaceae bacterium UBA3168		0
1951359	Akkermansiaceae bacterium UBA3157		0
1951822	Flavobacteriaceae bacterium UBA3159		0
1948717	Opitutia bacterium UBA3150		0
1951814	Flavobacteriaceae bacterium UBA2639		0
1948714	Opitutia bacterium UBA2637		0
1950980	Flavobacteriales bacterium UBA2619		0
1951386	Alteromonadaceae bacterium UBA2620		0
1951901	Halieaceae bacterium UBA2614		0
1952731	Planctomycetaceae bacterium UBA2616		0
1946185	Candidatus Neomicrothrix sp. UBA4143		0
1951361	Akkermansiaceae bacterium UBA4145		0
1946187	Candidatus Neomicrothrix sp. UBA4147		0
1946191	Candidatus Neomicrothrix sp. UBA5678		0
1953238	Fidelibacterota bacterium UBA5679		0
1961540	Desulfobacteraceae bacterium UBA5681		0
1948186	Proteobacteria bacterium UBA5682		0
1953239	Fidelibacterota bacterium UBA5683		0
1946190	Candidatus Neomicrothrix sp. UBA5676		0
1951003	Flavobacteriales bacterium UBA4159		0
1948811	Patescibacteria group bacterium UBA3526		0
1948812	Patescibacteria group bacterium UBA3527		0
1946760	Limnobacter sp. UBA3528		0
1948610	Gammaproteobacteria bacterium UBA3529		0
1948813	Patescibacteria group bacterium UBA3530		0
1948815	Patescibacteria group bacterium UBA3533		0
1948719	Opitutia bacterium UBA3534		0
1961514	Bdellovibrionaceae bacterium UBA3536		0
1951831	Flavobacteriaceae bacterium UBA3537		0
1947454	Salinisphaera sp. UBA1666		0
1946162	Candidatus Neomicrothrix sp. UBA1677		0
1961463	Myxococcales bacterium UBA1671		0
1948576	Fusobacteriia bacterium UBA1674		0
1948786	Patescibacteria group bacterium UBA1675		0
1946907	Micavibrio sp. UBA1664		0
1948789	Patescibacteria group bacterium UBA2100		0
1950971	Flavobacteriales bacterium UBA2104		0
1953324	Candidatus Saccharibacteria bacterium UBA2112		0
1945975	Alcanivorax sp. UBA2114		0
1945970	Alcanivorax sp. UBA1608		0
1948439	Alphaproteobacteria bacterium UBA723		0
1948643	Gammaproteobacteria bacterium UBA725		0
1961470	Myxococcales bacterium UBA727		0
1951144	Legionellales bacterium UBA1113		0
1948575	Fusobacteriia bacterium UBA1095		0
1951380	Alteromonadaceae bacterium UBA1099		0
1948468	Dehalococcoidia bacterium UBA1127		0
1951920	Halieaceae bacterium UBA5721		0
1948597	Gammaproteobacteria bacterium UBA2679		0
1947007	Oceanicaulis sp. UBA2681		0
1948596	Gammaproteobacteria bacterium UBA2675		0
1946816	Marinobacter sp. UBA2688		0
1946878	Methylophaga sp. UBA2689		0
1945979	Alcanivorax sp. UBA2694		0
1951493	Balneolaceae bacterium UBA2695		0
1946879	Methylophaga sp. UBA2696		0
1952732	Planctomycetaceae bacterium UBA2671		0
1946620	Hyphomonas sp. UBA2660		0
1948369	Alphaproteobacteria bacterium UBA2662		0
1951904	Halieaceae bacterium UBA3187		0
1946059	Arsukibacterium sp. UBA3189		0
1951905	Halieaceae bacterium UBA3188		0
1951497	Balneolaceae bacterium UBA3184		0
1946054	Arenibacter sp. UBA3199		0
1948606	Gammaproteobacteria bacterium UBA3204		0
1948382	Alphaproteobacteria bacterium UBA3205		0
1951499	Balneolaceae bacterium UBA3193		0
1946882	Methylophaga sp. UBA3192		0
1946642	Idiomarina sp. UBA3176		0
1946880	Methylophaga sp. UBA3172		0
1948389	Alphaproteobacteria bacterium UBA3612		0
1946819	Marinobacter sp. UBA3604		0
1952778	Pseudomonadaceae bacterium UBA3606		0
1946625	Hyphomonas sp. UBA3596		0
1946885	Methylophaga sp. UBA3593		0
1951833	Flavobacteriaceae bacterium UBA3594		0
1951832	Flavobacteriaceae bacterium UBA3591		0
1945983	Alcanivorax sp. UBA3585		0
1945999	Algoriphagus sp. UBA3586		0
1073414	Porticoccus hydrocarbonoclasticus		0
1946892	Methylophaga sp. UBA4204		0
1946644	Idiomarina sp. UBA4206		0
1946810	Marinimicrobium sp. UBA4209		0
1946645	Idiomarina sp. UBA4211		0
1951910	Halieaceae bacterium UBA4216		0
1948404	Alphaproteobacteria bacterium UBA5046		0
1951760	Erythrobacteraceae bacterium UBA5049		0
1951916	Halieaceae bacterium UBA5044		0
368405	Paraglaciecola chathamensis		0
1947778	Aequorivita sp. UBA5053		0
1946895	Methylophaga sp. UBA5054		0
1948192	Proteobacteria bacterium UBA6492		0
1951143	Ignavibacteriales bacterium UBA6490		0
1953168	Bacteroidetes bacterium UBA6491		0
1948853	Patescibacteria group bacterium UBA6489		0
1948203	Proteobacteria bacterium UBA6901		0
1952984	Nitrospiraceae bacterium UBA6905		0
1948761	Spirochaetia bacterium UBA6919		0
1948209	Proteobacteria bacterium UBA6917		0
1948462	Betaproteobacteria bacterium UBA6910		0
1946995	Nitrospira sp. UBA6909		0
1946231	Candidatus Ruthia sp. UBA5978		0
1946227	Candidatus Ruthia sp. UBA2551		0
1946229	Candidatus Ruthia sp. UBA3026		0
1948632	Gammaproteobacteria bacterium UBA5524		0
1946403	Dechloromonas sp. UBA5022		0
1951200	Phycisphaerales bacterium UBA4658		0
1948676	Ignavibacteria bacterium UBA4661		0
1947350	Psychrobacter sp. UBA3480		0
1952764	Porticoccaceae bacterium UBA6066		0
1950446	Bacteroidales bacterium UBA2559		0
1952804	Rhodobacteraceae bacterium UBA3428		0
1946767	Loktanella sp. UBA3435		0
1952758	Porticoccaceae bacterium UBA3436		0
1948384	Alphaproteobacteria bacterium UBA3437		0
1951906	Halieaceae bacterium UBA3444		0
1950996	Flavobacteriales bacterium UBA3446		0
274	Thermus thermophilus		0
1946765	Loktanella sp. UBA2038		0
1951164	Micrococcales bacterium UBA2037		0
1951789	Flammeovirgaceae bacterium UBA6059		0
1951921	Halieaceae bacterium UBA6060		0
1947390	Roseivirga sp. UBA6061		0
1953164	Bacteroidetes bacterium UBA6063		0
1948269	Verrucomicrobia bacterium UBA6053		0
1950218	Anaerolineales bacterium UBA6055		0
1951047	Flavobacteriales bacterium UBA6057		0
1947888	Cyanobacteria bacterium UBA6047		0
1952247	Microbacteriaceae bacterium UBA5967		0
1952763	Porticoccaceae bacterium UBA5971		0
1951234	Rhodobacterales bacterium UBA5972		0
1951610	Comamonadaceae bacterium UBA5974		0
1948344	Actinobacteria bacterium UBA5975		0
1948729	Opitutia bacterium UBA5964		0
178606	Leptospirillum ferriphilum		0
1948121	Nitrospirae bacterium UBA6675		0
1948118	Nitrospirae bacterium UBA4572		0
1948821	Patescibacteria group bacterium UBA5004		0
1951539	Caulobacteraceae bacterium UBA5005		0
1948822	Patescibacteria group bacterium UBA5006		0
121428	Sphingobium xenophagum		0
1946398	Cupriavidus sp. UBA2526		0
1952774	Pseudomonadaceae bacterium UBA2533		0
1946399	Cupriavidus sp. UBA2534		0
1948142	Proteobacteria bacterium UBA2008		0
1951167	Micrococcales bacterium UBA2548		0
1952755	Porticoccaceae bacterium UBA2550		0
1948152	Proteobacteria bacterium UBA2536		0
1951156	Methylophilales bacterium UBA2537		0
1951902	Halieaceae bacterium UBA3019		0
1948158	Proteobacteria bacterium UBA3014		0
1948604	Gammaproteobacteria bacterium UBA3017		0
1945919	Acidimicrobium sp. UBA3010		0
1951818	Flavobacteriaceae bacterium UBA3013		0
1945918	Acidimicrobium sp. UBA3006		0
1951821	Flavobacteriaceae bacterium UBA3118		0
1950986	Flavobacteriales bacterium UBA3115		0
1951160	Methylophilales bacterium UBA3117		0
1948456	Betaproteobacteria bacterium UBA3031		0
1951819	Flavobacteriaceae bacterium UBA3032		0
1952761	Porticoccaceae bacterium UBA4026		0
1948615	Gammaproteobacteria bacterium UBA4030		0
1948458	Betaproteobacteria bacterium UBA4031		0
1951840	Flavobacteriaceae bacterium UBA4033		0
1951162	Methylophilales bacterium UBA4021		0
1951001	Flavobacteriales bacterium UBA4023		0
1952807	Rhodobacteraceae bacterium UBA4014		0
1953156	Bacteroidetes bacterium UBA4009		0
1951836	Flavobacteriaceae bacterium UBA4012		0
1951161	Methylophilales bacterium UBA4017		0
1951909	Halieaceae bacterium UBA4019		0
1951837	Flavobacteriaceae bacterium UBA4020		0
1420917	Marinobacter salarius		0
1947451	Salegentibacter sp. UBA1130		0
1947672	Thalassospira sp. UBA1131		0
1951101	Gemmatimonadales bacterium UBA1138		0
1953214	Fidelibacterota bacterium UBA1139		0
1947601	Sulfurovum sp. UBA1140		0
1947789	bacterium UBA1143		0
1953208	Candidatus Dadabacteria bacterium UBA1144		0
1948471	Dehalococcoidia bacterium UBA1152		0
1961486	Bacteriovoracaceae bacterium UBA4573		0
1953290	Candidatus Gottesmanbacteria bacterium UBA6580		0
1953370	Candidatus Saccharibacteria bacterium UBA6573		0
1953389	Candidatus Woesebacteria bacterium UBA5941		0
1953288	Candidatus Gottesmanbacteria bacterium UBA5943		0
1951624	Competibacteraceae bacterium UBA5948		0
1953358	Candidatus Saccharibacteria bacterium UBA5946		0
1953390	Candidatus Woesebacteria bacterium UBA5947		0
1953310	Candidatus Saccharibacteria bacterium UBA1020		0
1953311	Candidatus Saccharibacteria bacterium UBA1021		0
1948871	Patescibacteria group bacterium UBA926		0
1961501	Bacteriovoracaceae bacterium UBA923		0
1953391	Candidatus Woesebacteria bacterium UBA925		0
1952237	Methylophilaceae bacterium UBA7525		0
1948865	Patescibacteria group bacterium UBA7522		0
1946567	Gemmatimonas sp. UBA2094		0
1951341	Acidimicrobiaceae bacterium UBA6895		0
1951364	Akkermansiaceae bacterium UBA5020		0
1947169	Prevotella sp. UBA5805		0
146476	Acetobacter syzygii		0
1952193	Lactobacillaceae bacterium UBA5807		0
1953090	Veillonellaceae bacterium UBA5809		0
1946046	Arcobacter sp. UBA2434		0
1947000	Oblitimonas sp. UBA2430		0
1946045	Arcobacter sp. UBA2431		0
1946047	Arcobacter sp. UBA2438		0
1948567	Epsilonproteobacteria bacterium UBA1340		0
1948570	Epsilonproteobacteria bacterium UBA1350		0
1950547	Bacteroidales bacterium UBA4183		0
1950542	Bacteroidales bacterium UBA4176		0
1950541	Bacteroidales bacterium UBA4174		0
1950544	Bacteroidales bacterium UBA4179		0
1947850	Cloacimonetes bacterium UBA4186		0
1950488	Bacteroidales bacterium UBA3543		0
1946952	Microbacterium sp. UBA6741		0
358	Agrobacterium tumefaciens		0
1946980	Nitrospina sp. UBA6727		0
1948199	Proteobacteria bacterium UBA6729		0
1947359	Psychrobacter sp. UBA6730		0
1948200	Proteobacteria bacterium UBA6731		0
1950839	Clostridiales bacterium UBA2028		0
1950189	Anaerolineales bacterium UBA2029		0
1950436	Bacteroidales bacterium UBA2030		0
1946932	Micavibrio sp. UBA6656		0
1951543	Chitinophagaceae bacterium UBA1596		0
1951944	Hyphomonadaceae bacterium UBA1595		0
1951558	Chitinophagaceae bacterium UBA4411		0
1952716	Peptococcaceae bacterium UBA5757		0
1948508	Dehalococcoidia bacterium UBA5760		0
1950652	Bacteroidales bacterium UBA5762		0
1948079	Firmicutes bacterium UBA5766		0
1952921	Synergistaceae bacterium UBA5768		0
1948679	Ignavibacteria bacterium UBA5771		0
1950653	Bacteroidales bacterium UBA5773		0
1961396	Geobacter sp. UBA5730		0
1950650	Bacteroidales bacterium UBA5733		0
1946797	Mageeibacillus sp. UBA5734		0
1947287	Proteiniphilum sp. UBA5739		0
1948835	Patescibacteria group bacterium UBA5741		0
1951586	Clostridiaceae bacterium UBA5742		0
1952713	Peptococcaceae bacterium UBA5745		0
1946798	Mageeibacillus sp. UBA5747		0
1946073	Atopobium sp. UBA5910		0
1946725	Lachnospira sp. UBA5912		0
1952104	Lachnospiraceae bacterium UBA5881		0
1950661	Bacteroidales bacterium UBA5883		0
1947432	Ruminococcus sp. UBA5884		0
1948410	Alphaproteobacteria bacterium UBA5885		0
1950662	Bacteroidales bacterium UBA5889		0
1952408	Ruminococcaceae bacterium UBA5891		0
1952105	Lachnospiraceae bacterium UBA5895		0
1947173	Prevotella sp. UBA5896		0
1950663	Bacteroidales bacterium UBA5898		0
1952107	Lachnospiraceae bacterium UBA5902		0
1947924	Candidatus Avelusimicrobium stercoris		0
1950328			0
1948731	Opitutia bacterium UBA6451		0
1952114	Lachnospiraceae bacterium UBA6452		0
1947189	Candidatus Segatella mututuai		0
1947191	Prevotella sp. UBA6455		0
1946102	Bifidobacterium sp. UBA6444		0
1950702	Bacteroidales bacterium UBA6445		0
1947891	Cyanobacteria bacterium UBA6446		0
1948277	Verrucomicrobia bacterium UBA6430		0
1950699	Bacteroidales bacterium UBA6431		0
1950700	Bacteroidales bacterium UBA6432		0
1952112	Lachnospiraceae bacterium UBA6436		0
1950701	Bacteroidales bacterium UBA6437		0
1950324			0
1950693	Bacteroidales bacterium UBA6401		0
1950694	Bacteroidales bacterium UBA6402		0
1950691	Bacteroidales bacterium UBA6395		0
1946100	Bifidobacterium sp. UBA6396		0
1952972	Oscillospiraceae bacterium UBA6409		0
1948730	Opitutia bacterium UBA6410		0
1948426	Alphaproteobacteria bacterium UBA6411		0
1950914	Clostridiales bacterium UBA6412		0
1950692	Bacteroidales bacterium UBA6397		0
1950325			0
1950326			0
1952111	Lachnospiraceae bacterium UBA6419		0
1946417	Dialister sp. UBA6422		0
1950913	Clostridiales bacterium UBA6388		0
1950322			0
1946284	Christensenella sp. UBA6373		0
1950683	Bacteroidales bacterium UBA6360		0
1947179	Prevotella sp. UBA6361		0
1950911	Clostridiales bacterium UBA6363		0
1950684	Bacteroidales bacterium UBA6365		0
1950320			0
1946283	Christensenella sp. UBA6345		0
1948273	Verrucomicrobia bacterium UBA6335		0
1953453	bacterium UBP9_UBA6348		0
1951272	Spirochaetales bacterium UBA6350		0
1947177	Candidatus Segatella violae		0
1950678	Bacteroidales bacterium UBA6340		0
1950679	Bacteroidales bacterium UBA6341		0
1950316			0
1948420	Alphaproteobacteria bacterium UBA6334		0
1950315			0
1947736	Treponema sp. UBA6326		0
1948272	Verrucomicrobia bacterium UBA6327		0
1946104	Bifidobacterium sp. UBA6481		0
1951278	Spirochaetales bacterium UBA6485		0
1947742	Treponema sp. UBA6479		0
1952116	Lachnospiraceae bacterium UBA6480		0
1950330			0
1951276	Spirochaetales bacterium UBA6463		0
1950916	Clostridiales bacterium UBA6468		0
1948428	Alphaproteobacteria bacterium UBA6471		0
1948279	Verrucomicrobia bacterium UBA6458		0
1952593	Porphyromonadaceae bacterium UBA6459		0
1946103	Bifidobacterium sp. UBA6460		0
1952516	Prevotellaceae bacterium UBA6848		0
1947574	Succinatimonas sp. UBA6849		0
1947743	Treponema sp. UBA6844		0
1952596	Porphyromonadaceae bacterium UBA6846		0
1947744	Treponema sp. UBA6852		0
1952598	Porphyromonadaceae bacterium UBA6859		0
1946107	Bifidobacterium sp. UBA6860		0
1952520	Prevotellaceae bacterium UBA6867		0
1950713	Bacteroidales bacterium UBA6862		0
1950340			0
1950337			0
1950338			0
1946290	Christensenella sp. UBA6882		0
1950709	Bacteroidales bacterium UBA6837		0
1948433	Alphaproteobacteria bacterium UBA6830		0
1952595	Porphyromonadaceae bacterium UBA6831		0
1952515	Prevotellaceae bacterium UBA6832		0
1952171	Lachnospiraceae bacterium UBA7589		0
1946294	Christensenella sp. UBA7584		0
1946114	Bifidobacterium sp. UBA7585		0
1948293	Verrucomicrobia bacterium UBA7576		0
1951284	Spirochaetales bacterium UBA7552		0
1950742	Bacteroidales bacterium UBA7582		0
1947751	Treponema sp. UBA7579		0
1947749	Treponema sp. UBA7570		0
1946293	Christensenella sp. UBA7571		0
1950934	Clostridiales bacterium UBA7573		0
1950741	Bacteroidales bacterium UBA7574		0
1947896	Cyanobacteria bacterium UBA7562		0
1947221	Prevotella sp. UBA7563		0
1947220	Prevotella sp. UBA7557		0
1950352			0
1948240	Verrucomicrobia bacterium UBA1629		0
1950416	Bacteroidales bacterium UBA1630		0
1951266	Spirochaetales bacterium UBA1631		0
1952974	Oscillospiraceae bacterium UBA790		0
1947760	Treponema sp. UBA793		0
1952447	Ruminococcaceae bacterium UBA794		0
1947197	Candidatus Segatella albertsiae		0
1952453	Prevotellaceae bacterium UBA1626		0
1946116	Bifidobacterium sp. UBA787		0
1950362			0
1947757	Treponema sp. UBA785		0
1950363			0
1946298	Christensenella sp. UBA765		0
1946299	Christensenella sp. UBA767		0
1950746	Bacteroidales bacterium UBA763		0
1947753	Treponema sp. UBA764		0
1946302	Christensenella sp. UBA773		0
1947755	Treponema sp. UBA775		0
1948446	Alphaproteobacteria bacterium UBA780		0
1951287	Spirochaetales bacterium UBA781		0
1952693	Porphyromonadaceae bacterium UBA751		0
1948443	Alphaproteobacteria bacterium UBA756		0
1947222	Prevotella sp. UBA758		0
1946420	Dialister sp. UBA734		0
1952445	Ruminococcaceae bacterium UBA736		0
1947215	Candidatus Segatella papionis		0
1947787	bacterium UBA732		0
1947216	Prevotella sp. UBA745		0
1950234			0
1950235			0
1950376	Bacteroidales bacterium UBA1111		0
1953314	Candidatus Saccharibacteria bacterium UBA1103		0
1951267	Spirochaetales bacterium UBA4629		0
1952969	Oscillospiraceae bacterium UBA4632		0
1950581	Bacteroidales bacterium UBA4639		0
1950582	Bacteroidales bacterium UBA4646		0
1946272	Christensenella sp. UBA4647		0
1950884	Clostridiales bacterium UBA4653		0
1950373	Bacteroidales bacterium UBA1072		0
1952451	Prevotellaceae bacterium UBA1079		0
1951971	Lachnospiraceae bacterium UBA1080		0
1953447	bacterium UBP9_UBA1085		0
1950664	Bacteroidales bacterium UBA5918		0
1946306	Christensenella sp. UBA7867		0
1946304	Christensenella sp. UBA7862		0
1950364			0
1952099	Lachnospiraceae bacterium UBA4714		0
1948264	Verrucomicrobia bacterium UBA4680		0
1950282			0
1950584	Bacteroidales bacterium UBA4672		0
1950586	Bacteroidales bacterium UBA4685		0
1950283			0
1950587	Bacteroidales bacterium UBA4687		0
1946276	Christensenella sp. UBA4689		0
1950588	Bacteroidales bacterium UBA4690		0
1951270	Spirochaetales bacterium UBA4674		0
1950286			0
1947430	Ruminococcus sp. UBA4697		0
1952331	Ruminococcaceae bacterium UBA4699		0
1946274	Christensenella sp. UBA4675		0
1950889	Clostridiales bacterium UBA4706		0
1946852	Megasphaera sp. UBA4708		0
33051	Sphingomonas sanguinis		0
1947874	Cyanobacteria bacterium UBA1583		0
1948696	Lentisphaeria bacterium UBA2565		0
1950939	Cytophagales bacterium UBA2561		0
1947065	Pelotomaculum sp. UBA3103		0
1948164	Proteobacteria bacterium UBA3124		0
1946176	Candidatus Neomicrothrix sp. UBA3125		0
1946119	Bradyrhizobium sp. UBA2491		0
1948136	Proteobacteria bacterium UBA1541		0
1946831	Mariprofundus sp. UBA1571		0
1948779	Patescibacteria group bacterium UBA1545		0
1953316	Candidatus Saccharibacteria bacterium UBA1547		0
1948780	Patescibacteria group bacterium UBA1549		0
1950805	Chrysiogenales bacterium UBA1553		0
1948782	Patescibacteria group bacterium UBA1554		0
1961371	Candidatus Peribacter sp. UBA1555		0
1950411	Bacteroidales bacterium UBA1556		0
1953435	bacterium UBP5_UBA1559		0
1953261	Candidatus Omnitrophica bacterium UBA1560		0
1948784	Patescibacteria group bacterium UBA1561		0
1953262	Candidatus Omnitrophica bacterium UBA1562		0
1951142	Ignavibacteriales bacterium UBA1563		0
1948709	Opitutia bacterium UBA1569		0
1947688	Thiobacillus sp. UBA3133		0
1945996	Alcanivorax sp. UBA5595		0
1947249	Prochlorococcus sp. UBA7854		0
1953170	Bacteroidetes bacterium UBA7236		0
1946202	Candidatus Neomicrothrix sp. UBA7237		0
1946605	Hydrogenovibrio sp. UBA3092		0
1947763	Turicibacter sp. UBA1159		0
33959	Lactobacillus johnsonii		0
1950208	Anaerolineales bacterium UBA4142		0
1947860	Cloacimonetes bacterium UBA5313		0
1947633	Syntrophomonas sp. UBA5314		0
1952378	Ruminococcaceae bacterium UBA5309		0
1947635	Syntrophomonas sp. UBA5319		0
1951467	Atopobiaceae bacterium UBA5321		0
1946277	Christensenella sp. UBA5327		0
1948550	Deltaproteobacteria bacterium UBA5329		0
1952369	Ruminococcaceae bacterium UBA5217		0
1947856	Cloacimonetes bacterium UBA5220		0
1951465	Atopobiaceae bacterium UBA5228		0
1951581	Clostridiaceae bacterium UBA5234		0
1950609	Bacteroidales bacterium UBA5235		0
1948037	Firmicutes bacterium UBA5237		0
1946791	Mageeibacillus sp. UBA5238		0
1948038	Firmicutes bacterium UBA5248		0
1950611	Bacteroidales bacterium UBA5256		0
1947267	Proteiniphilum sp. UBA5242		0
1952912	Synergistaceae bacterium UBA5258		0
1947271	Proteiniphilum sp. UBA5265		0
1950613	Bacteroidales bacterium UBA5266		0
1948040	Firmicutes bacterium UBA5268		0
1950615	Bacteroidales bacterium UBA5271		0
1947270	Proteiniphilum sp. UBA5260		0
1950617	Bacteroidales bacterium UBA5287		0
1950616	Bacteroidales bacterium UBA5281		0
1948045	Firmicutes bacterium UBA5292		0
1952375	Ruminococcaceae bacterium UBA5294		0
1950619	Bacteroidales bacterium UBA5299		0
1948047	Firmicutes bacterium UBA5300		0
1948106	Firmicutes bacterium UBA7641		0
1950356			0
1951445	Anaerolineaceae bacterium UBA7644		0
1947610	Sulfurovum sp. UBA7648		0
1950357			0
1952269	Ruminococcaceae bacterium UBA1033		0
1946234	Christensenella sp. UBA1038		0
863	Syntrophomonas wolfei		0
1946235	Christensenella sp. UBA1045		0
1951401	Anaerolineaceae bacterium UBA1024		0
1951762	Eubacteriaceae bacterium UBA1048		0
1950806	Clostridiales bacterium UBA1049		0
1948012	Firmicutes bacterium UBA4874		0
1600	Lactobacillus acetotolerans		0
1952343	Ruminococcaceae bacterium UBA4876		0
1951293	Thermoanaerobacterales bacterium UBA4877		0
1951577	Clostridiaceae bacterium UBA4872		0
1947257	Proteiniphilum sp. UBA4879		0
1947734	Treponema sp. UBA4873		0
1947805	bacterium UBA4883		0
732242	Phocaeicola paurosaccharolyticus		0
1947852	Cloacimonetes bacterium UBA4860		0
1951310	Acholeplasmataceae bacterium UBA4853		0
1951416	Anaerolineaceae bacterium UBA4864		0
1950595	Bacteroidales bacterium UBA4865		0
1948011	Firmicutes bacterium UBA4867		0
1947804	bacterium UBA4868		0
1950290			0
1950289			0
1951576	Clostridiaceae bacterium UBA4839		0
1950594	Bacteroidales bacterium UBA4850		0
1947255	Proteiniphilum sp. UBA4842		0
1952333	Ruminococcaceae bacterium UBA4827		0
1952335	Ruminococcaceae bacterium UBA4831		0
1946022	Aminobacterium sp. UBA4834		0
1951575	Clostridiaceae bacterium UBA4828		0
1947803	bacterium UBA4835		0
1952356	Ruminococcaceae bacterium UBA4945		0
1951313	Acholeplasmataceae bacterium UBA4950		0
1950894	Clostridiales bacterium UBA4959		0
1952351	Ruminococcaceae bacterium UBA4925		0
1951419	Anaerolineaceae bacterium UBA4929		0
1951462	Atopobiaceae bacterium UBA4927		0
1947260	Proteiniphilum sp. UBA4907		0
1947261	Proteiniphilum sp. UBA4913		0
1948017	Firmicutes bacterium UBA4914		0
1948019	Firmicutes bacterium UBA4916		0
1946025	Aminobacterium sp. UBA4919		0
1952910	Synergistaceae bacterium UBA4921		0
1952347	Ruminococcaceae bacterium UBA4905		0
1946789	Mageeibacillus sp. UBA4923		0
1951578	Clostridiaceae bacterium UBA4906		0
1952344	Ruminococcaceae bacterium UBA4885		0
1947258	Proteiniphilum sp. UBA4888		0
1947259	Proteiniphilum sp. UBA4892		0
1950597	Bacteroidales bacterium UBA4893		0
1950291			0
1947624	Syntrophomonas sp. UBA4903		0
1947264	Proteiniphilum sp. UBA4988		0
1947628	Syntrophomonas sp. UBA4990		0
1952366	Ruminococcaceae bacterium UBA4986		0
1952360	Ruminococcaceae bacterium UBA4965		0
1519	Clostridium tyrobutyricum		0
1952393	Ruminococcaceae bacterium UBA5408		0
1946425	Dysgonomonas sp. UBA5412		0
1952394	Ruminococcaceae bacterium UBA5413		0
1951296	Thermoanaerobacterales bacterium UBA5417		0
1953134	Armatimonadetes bacterium UBA5419		0
1948057	Firmicutes bacterium UBA5420		0
1950898	Clostridiales bacterium UBA5424		0
1947639	Syntrophomonas sp. UBA5425		0
1952396	Ruminococcaceae bacterium UBA5426		0
1952397	Ruminococcaceae bacterium UBA5434		0
1951583	Clostridiaceae bacterium UBA5444		0
1950633	Bacteroidales bacterium UBA5445		0
1950899	Clostridiales bacterium UBA5446		0
1950900	Clostridiales bacterium UBA5448		0
1947681	Thermacetogenium sp. UBA5451		0
1952103	Lachnospiraceae bacterium UBA5452		0
1950303			0
1952400	Ruminococcaceae bacterium UBA5457		0
1950634	Bacteroidales bacterium UBA5458		0
1952385	Ruminococcaceae bacterium UBA5374		0
1947278	Proteiniphilum sp. UBA5375		0
1950301			0
1947167	Prevotella sp. UBA5379		0
1950626	Bacteroidales bacterium UBA5371		0
1950628	Bacteroidales bacterium UBA5382		0
1946598	Hungatella sp. UBA5385		0
1951320	Acholeplasmataceae bacterium UBA5386		0
1947168	Prevotella sp. UBA5387		0
1947636	Syntrophomonas sp. UBA5373		0
1950897	Clostridiales bacterium UBA5392		0
1946278	Christensenella sp. UBA5394		0
1946279	Christensenella sp. UBA5399		0
1950298			0
1950624	Bacteroidales bacterium UBA5349		0
1950625	Bacteroidales bacterium UBA5351		0
1953132	Armatimonadetes bacterium UBA5352		0
1948052	Firmicutes bacterium UBA5353		0
1951428	Anaerolineaceae bacterium UBA5344		0
1950300			0
1946754	Leptolinea sp. UBA5366		0
1952403	Ruminococcaceae bacterium UBA5478		0
1947865	Cloacimonetes bacterium UBA5482		0
1948066	Firmicutes bacterium UBA5484		0
1947283	Proteiniphilum sp. UBA5485		0
1948067	Firmicutes bacterium UBA5486		0
1947643	Syntrophomonas sp. UBA5494		0
1948069	Firmicutes bacterium UBA5496		0
1947282	Proteiniphilum sp. UBA5480		0
1952404	Ruminococcaceae bacterium UBA5498		0
1950643	Bacteroidales bacterium UBA5508		0
1947286	Proteiniphilum sp. UBA5510		0
1951473	Atopobiaceae bacterium UBA5513		0
1950635	Bacteroidales bacterium UBA5464		0
1951472	Atopobiaceae bacterium UBA5465		0
1947682	Thermacetogenium sp. UBA5472		0
1947864	Cloacimonetes bacterium UBA5477		0
1948170	Proteobacteria bacterium UBA3457		0
1946809	Marinilabilia sp. UBA5340		0
1951954	Hyphomonadaceae bacterium UBA5341		0
1950623	Bacteroidales bacterium UBA5342		0
1951953	Hyphomonadaceae bacterium UBA5336		0
1951925	Halothiobacillaceae bacterium UBA5337		0
1481663	Vibrio metoecus		0
1950768	Burkholderiales bacterium UBA1834		0
1950777	Burkholderiales bacterium UBA4200		0
1946546	Flavobacterium sp. UBA4197		0
546367	Hafnia paralvei		0
1947074	Polaromonas sp. UBA4122		0
1953344	Candidatus Saccharibacteria bacterium UBA4665		0
1946563	Gallionella sp. UBA4666		0
1947828	Chloroflexi bacterium UBA4669		0
1953124	Actinobacteria bacterium UBA4670		0
1951939	Hyphomicrobiaceae bacterium UBA4668		0
1953352	Candidatus Saccharibacteria bacterium UBA5150		0
1946965	Mucilaginibacter sp. UBA5156		0
1953003	Oxalobacteraceae bacterium UBA5157		0
1953353	Candidatus Saccharibacteria bacterium UBA5152		0
1946565	Gallionella sp. UBA5154		0
1953351	Candidatus Saccharibacteria bacterium UBA5148		0
1947376	Rhodanobacter sp. UBA5168		0
1953125	Actinobacteria bacterium UBA4738		0
1946963	Mucilaginibacter sp. UBA4741		0
1946189	Candidatus Neomicrothrix sp. UBA4742		0
1952735	Planctomycetaceae bacterium UBA4732		0
1951941	Hyphomicrobiaceae bacterium UBA4734		0
1946319	Chloracidobacterium sp. UBA4728		0
1946412	Desulfosporosinus sp. UBA5188		0
1947834	Chloroflexi bacterium UBA5183		0
1948764	Thermoleophilia bacterium UBA5186		0
1948827	Patescibacteria group bacterium UBA5187		0
1946411	Desulfosporosinus sp. UBA5179		0
1953354	Candidatus Saccharibacteria bacterium UBA5170		0
1947075	Polaromonas sp. UBA5171		0
1946581	Granulicella sp. UBA5172		0
1951940	Hyphomicrobiaceae bacterium UBA4725		0
1953347	Candidatus Saccharibacteria bacterium UBA4724		0
1948342	Actinobacteria bacterium UBA4719		0
1947836	Chloroflexi bacterium UBA6019		0
1946903	Methylotenera sp. UBA6020		0
1946551	Flavobacterium sp. UBA6031		0
1948413	Alphaproteobacteria bacterium UBA6038		0
1953361	Candidatus Saccharibacteria bacterium UBA6039		0
1953362	Candidatus Saccharibacteria bacterium UBA6040		0
1947837	Chloroflexi bacterium UBA6042		0
1946566	Gallionella sp. UBA6045		0
1946552	Flavobacterium sp. UBA6046		0
1946966	Mucilaginibacter sp. UBA6044		0
1946988	Nitrospira sp. UBA4129		0
1947377	Rhodoferax sp. UBA4127		0
1951556	Chitinophagaceae bacterium UBA4128		0
1947970	Firmicutes bacterium UBA3576		0
1947966	Firmicutes bacterium UBA3570		0
1947969	Firmicutes bacterium UBA3575		0
1953093	Acetothermia bacterium UBA3560		0
1952979	Nitrospiraceae bacterium UBA3562		0
1953121	Candidatus Subteraquimicrobium carltonvillense		0
1947687	Thiobacillus sp. UBA2597		0
1947956	Firmicutes bacterium UBA2598		0
1946608	Hydrogenovibrio sp. UBA654		0
1946607	Hydrogenovibrio sp. UBA653		0
1946606	Hydrogenovibrio sp. UBA650		0
1948194	Proteobacteria bacterium UBA651		0
1961560	Desulfonatronaceae bacterium UBA663		0
1952981	Nitrospiraceae bacterium UBA665		0
1951260	Sphingomonadales bacterium UBA656		0
1947456	Sediminibacterium sp. UBA657		0
1953130	Actinobacteria bacterium UBA912		0
1948111	Firmicutes bacterium UBA995		0
1952817	Rhodobacteraceae bacterium UBA996		0
1947531	Sphingomonas sp. UBA1000		0
1951005	Flavobacteriales bacterium UBA4418		0
1952855	Rhodospirillaceae bacterium UBA4420		0
1951007	Flavobacteriales bacterium UBA4422		0
1951017	Flavobacteriales bacterium UBA4467		0
1951018	Flavobacteriales bacterium UBA4471		0
1948817	Patescibacteria group bacterium UBA4473		0
1948318	Acidimicrobiia bacterium UBA4461		0
1948502	Dehalococcoidia bacterium UBA4462		0
1948619	Gammaproteobacteria bacterium UBA4450		0
1948722	Opitutia bacterium UBA4453		0
1951116	Gemmatimonadales bacterium UBA4456		0
1951172	Micrococcales bacterium UBA4448		0
1951010	Flavobacteriales bacterium UBA4434		0
1948398	Alphaproteobacteria bacterium UBA4436		0
1951844	Flavobacteriaceae bacterium UBA4430		0
1948721	Opitutia bacterium UBA4440		0
1952989	Oceanospirillaceae bacterium UBA4431		0
1951965	Kordiimonadaceae bacterium UBA4441		0
1948340	Actinobacteria bacterium UBA4444		0
1951014	Flavobacteriales bacterium UBA4446		0
1947387	Roseivirga sp. UBA1988		0
1952749	Porticoccaceae bacterium UBA1989		0
1950964	Flavobacteriales bacterium UBA1991		0
1950965	Flavobacteriales bacterium UBA1993		0
1950967	Flavobacteriales bacterium UBA1996		0
1952750	Porticoccaceae bacterium UBA2002		0
1951793	Flammeovirgaceae bacterium UBA7355		0
1953017	Thiotrichaceae bacterium UBA7359		0
1951066	Flavobacteriales bacterium UBA7360		0
1948648	Gammaproteobacteria bacterium UBA7363		0
1953072	Saccharospirillaceae bacterium UBA4579		0
1951022	Flavobacteriales bacterium UBA4580		0
1948725	Opitutia bacterium UBA4583		0
1951783	Flammeovirgaceae bacterium UBA4584		0
1951363	Akkermansiaceae bacterium UBA4589		0
1951854	Flavobacteriaceae bacterium UBA4590		0
1947391	Roseivirga sp. UBA7431		0
1952816	Rhodobacteraceae bacterium UBA7436		0
1951794	Flammeovirgaceae bacterium UBA7439		0
1952994	Oceanospirillaceae bacterium UBA7440		0
1948348	Actinobacteria bacterium UBA7442		0
1948651	Gammaproteobacteria bacterium UBA7412		0
1948347	Actinobacteria bacterium UBA7422		0
1951094	Flavobacteriales bacterium UBA979		0
1948226	Proteobacteria bacterium UBA981		0
1953018	Thiotrichaceae bacterium UBA973		0
1951892	Flavobacteriaceae bacterium UBA982		0
1946573	Glaciecola sp. UBA983		0
1951376	Akkermansiaceae bacterium UBA985		0
1946689	Lachnoclostridium sp. UBA3262		0
1952553	Porphyromonadaceae bacterium UBA3263		0
1952555	Porphyromonadaceae bacterium UBA3265		0
1952557	Porphyromonadaceae bacterium UBA3267		0
1952558	Porphyromonadaceae bacterium UBA3268		0
1945963	Akkermansia sp. UBA3271		0
1947132	Prevotella sp. UBA3256		0
1952559	Porphyromonadaceae bacterium UBA3272		0
1952022	Lachnospiraceae bacterium UBA3273		0
1952561	Porphyromonadaceae bacterium UBA3276		0
1947049	Parabacteroides sp. UBA3278		0
1947411	Ruminococcus sp. UBA3280		0
1952562	Porphyromonadaceae bacterium UBA3281		0
1952023	Lachnospiraceae bacterium UBA3282		0
1952551	Porphyromonadaceae bacterium UBA3258		0
1952024	Lachnospiraceae bacterium UBA3283		0
1952563	Porphyromonadaceae bacterium UBA3284		0
1947412	Ruminococcus sp. UBA3286		0
1952605	Porphyromonadaceae bacterium UBA7047		0
1952607	Porphyromonadaceae bacterium UBA7049		0
1947202	Prevotella sp. UBA7051		0
1946087	Bacteroides sp. UBA7052		0
1952609	Porphyromonadaceae bacterium UBA7055		0
1945965	Akkermansia sp. UBA7059		0
1952428	Ruminococcaceae bacterium UBA7067		0
1950922	Clostridiales bacterium UBA7044		0
1952564	Porphyromonadaceae bacterium UBA3309		0
1952029	Lachnospiraceae bacterium UBA3310		0
1952315	Ruminococcaceae bacterium UBA3323		0
1946474	Eubacterium sp. UBA3326		0
1952573	Porphyromonadaceae bacterium UBA3327		0
823	Parabacteroides distasonis		0
1952138	Lachnospiraceae bacterium UBA7113		0
1952636	Porphyromonadaceae bacterium UBA7114		0
1952635	Porphyromonadaceae bacterium UBA7112		0
1952638	Porphyromonadaceae bacterium UBA7119		0
1952140	Lachnospiraceae bacterium UBA7133		0
1952622	Porphyromonadaceae bacterium UBA7079		0
1947203	Prevotella sp. UBA7071		0
1952624	Porphyromonadaceae bacterium UBA7085		0
1952627	Porphyromonadaceae bacterium UBA7089		0
1952629	Porphyromonadaceae bacterium UBA7092		0
1947764	Turicibacter sp. UBA7094		0
1952619	Porphyromonadaceae bacterium UBA7074		0
1952135	Lachnospiraceae bacterium UBA7098		0
1952631	Porphyromonadaceae bacterium UBA7099		0
1946292	Christensenella sp. UBA7102		0
1947050	Parabacteroides sp. UBA7107		0
1952429	Ruminococcaceae bacterium UBA7075		0
1952634	Porphyromonadaceae bacterium UBA7111		0
1952651	Porphyromonadaceae bacterium UBA7148		0
1952652	Porphyromonadaceae bacterium UBA7149		0
1952654	Porphyromonadaceae bacterium UBA7152		0
1947205	Prevotella sp. UBA7140		0
1946703	Lachnoclostridium sp. UBA7153		0
1952143	Lachnospiraceae bacterium UBA7155		0
1947437	Ruminococcus sp. UBA7191		0
1952442	Ruminococcaceae bacterium UBA7192		0
1952663	Porphyromonadaceae bacterium UBA7176		0
1946510	Faecalibacterium sp. UBA7177		0
1952665	Porphyromonadaceae bacterium UBA7180		0
1952723	Peptococcaceae bacterium UBA7185		0
1952439	Ruminococcaceae bacterium UBA7169		0
1622	Ligilactobacillus murinus		0
1950928	Clostridiales bacterium UBA7200		0
1952675	Porphyromonadaceae bacterium UBA7206		0
1952676	Porphyromonadaceae bacterium UBA7207		0
1952677	Porphyromonadaceae bacterium UBA7208		0
1952156	Lachnospiraceae bacterium UBA7211		0
1952443	Ruminococcaceae bacterium UBA7212		0
1952680	Porphyromonadaceae bacterium UBA7214		0
1952444	Ruminococcaceae bacterium UBA7217		0
1952157	Lachnospiraceae bacterium UBA7218		0
1946735	Lactococcus sp. UBA7220		0
1952684	Porphyromonadaceae bacterium UBA7223		0
1947439	Ruminococcus sp. UBA7226		0
1961387	Geobacter sp. UBA1603		0
1961388	Geobacter sp. UBA1606		0
1950780	Burkholderiales bacterium UBA6064		0
1948842	Patescibacteria group bacterium UBA6065		0
1946991	Nitrospira sp. UBA5702		0
1951139	Holophagales bacterium UBA5704		0
64696	Hippodamia convergens		0
633097	Cycloneda sanguinea		0
115357	Harmonia axyridis		0
2548426	Candidatus Sedimenticola endophacoides		0
244486	Phacoides pectinatus		0
1699855	food production metagenome	ecological metagenomes	1
611	Salmonella enterica subsp. enterica serovar Heidelberg		0
1592332	sludge metagenome	ecological metagenomes	1
1898966	sheep metagenome	organismal metagenomes	1
307658	Monomorium pharaonis		0
128943	Cynomya cadaverina		0
13632	Lucilia sericata		0
115424	Chrysomya megacephala		0
307205	Fannia canicularis		0
7380	Phormia regina		0
128966	Sarcophaga africa		0
1173686	Cryptolestes pusillus		0
92692	Rhyzopertha dominica		0
7385	Sarcophaga bullata		0
27454	Calliphora vomitoria		0
7373	Calliphora vicina		0
7048	Sitophilus oryzae		0
602600	Aphaenogaster carolinensis		0
29039	Tapinoma sessile		0
612271	Monomorium emarginatum		0
1417798	mollusc metagenome	organismal metagenomes	1
1729361	lung metagenome	organismal metagenomes	1
1675031	oral-nasopharyngeal metagenome	organismal metagenomes	1
39054	Enterovirus A71		0
86107	Coxsackievirus A6		0
122929	Norovirus GII		0
1906931	Human rotavirus		0
1672641	rice paddy metagenome	ecological metagenomes	1
1915576	Methanosarcina sp. UBA301		0
1915577	Methanosarcina sp. UBA304		0
1915900	Euryarchaeota archaeon UBA49		0
1916025	Candidatus Woesearchaeota archaeon UBA492		0
301375	Methanothrix harundinacea		0
1915557	Methanosaeta sp. UBA243		0
1915656	Methanomassiliicoccaceae archaeon UBA394		0
1915703	Candidatus Methanogaster sp. UBA203		0
1915769	Euryarchaeota archaeon UBA102		0
1915781	Euryarchaeota archaeon UBA100		0
1915712	Thermoplasmatales archaeon UBA268		0
1915713	Thermoplasmatales archaeon UBA269		0
1915962	Euryarchaeota archaeon UBA610		0
1915944	Euryarchaeota archaeon UBA584		0
1915448	Methanobacterium sp. UBA357		0
1915444	Methanobacterium sp. UBA350		0
1915445	Methanobacterium sp. UBA351		0
1915480	Methanobrevibacter sp. UBA337		0
1915918	Euryarchaeota archaeon UBA531		0
1915616	Desulfurococcaceae archaeon UBA150		0
1915855	Euryarchaeota archaeon UBA242		0
1915990	Candidatus Bathyarchaeota archaeon UBA233		0
1915856	Euryarchaeota archaeon UBA249		0
2209	Methanosarcina mazei		0
1915437	Methanobacterium sp. UBA322		0
1915731	Thermoplasmatales archaeon UBA522		0
1915974	Euryarchaeota archaeon UBA82		0
1915979	Euryarchaeota archaeon UBA87		0
1915976	Euryarchaeota archaeon UBA84		0
1915645	Methanomassiliicoccaceae archaeon UBA344		0
1915930	Euryarchaeota archaeon UBA552		0
1915556	Methanosaeta sp. UBA204		0
1915705	Nitrosopumilales archaeon UBA218		0
2198	Methanoculleus marisnigri		0
1916017	Candidatus Parvarchaeota archaeon UBA575		0
1915617	Desulfurococcaceae archaeon UBA285		0
1915814	Euryarchaeota archaeon UBA16		0
1915805	Euryarchaeota archaeon UBA13		0
1915825	Euryarchaeota archaeon UBA18		0
1915678	Methanomassiliicoccaceae archaeon UBA72		0
1915677	Methanomassiliicoccaceae archaeon UBA71		0
1915940	Euryarchaeota archaeon UBA561		0
1915851	Euryarchaeota archaeon UBA227		0
1915850	Euryarchaeota archaeon UBA226		0
1915755	Thaumarchaeota archaeon UBA164		0
1915754	Thaumarchaeota archaeon UBA160		0
1915786	Euryarchaeota archaeon UBA106		0
1915696	Methanomicrobia archaeon UBA590		0
1915890	Euryarchaeota archaeon UBA443		0
1915888	Euryarchaeota archaeon UBA441		0
1915605	Thermocladium sp. UBA166		0
1915449	Methanobacterium sp. UBA368		0
1916005	Candidatus Pacearchaeota archaeon UBA284		0
2959593	Candidatus Nitrosopolaris nunavutensis		0
1916000	Candidatus Micrarchaeota archaeon UBA615		0
1915592	Methanosarcina sp. UBA47		0
1915882	Euryarchaeota archaeon UBA4		0
1915736	Thermoplasmatales archaeon UBA570		0
1915737	Thermoplasmatales archaeon UBA571		0
1915742	Thermoplasmatales archaeon UBA578		0
1915743	Thermoplasmatales archaeon UBA579		0
1916002	Candidatus Micrarchaeota archaeon UBA95		0
1915916	Euryarchaeota archaeon UBA53		0
1915579	Methanosarcina sp. UBA338		0
1915701	Methanomassiliicoccales archaeon UBA280		0
1915614	Acidilobaceae archaeon UBA158		0
1917432	archaeon UBA543		0
1915558	Methanosaeta sp. UBA332		0
1915495	Methanoculleus sp. UBA291		0
1915520	Methanolinea sp. UBA277		0
1915751	Thermoplasmata archaeon UBA184		0
1915682	Methanosarcinaceae archaeon UBA470		0
1915476	Methanobrevibacter sp. UBA212		0
1915808	Euryarchaeota archaeon UBA132		0
1915807	Euryarchaeota archaeon UBA131		0
1915811	Euryarchaeota archaeon UBA137		0
1915431	Methanobacterium sp. UBA299		0
1915430	Methanobacterium sp. UBA297		0
1915692	Methanomicrobiaceae archaeon UBA436		0
1915772	Euryarchaeota archaeon UBA139		0
1915428	Methanobacterium sp. UBA294		0
1915601	Nitrososphaera sp. UBA217		0
1915704	Candidatus Methanogasteraceae archaeon UBA261		0
1915968	Euryarchaeota archaeon UBA622		0
1915761	Euryarchaeota archaeon UBA186		0
1915872	Euryarchaeota archaeon UBA29		0
1915857	Euryarchaeota archaeon UBA25		0
1915870	Euryarchaeota archaeon UBA27		0
1915844	Euryarchaeota archaeon UBA22		0
1916019	Candidatus Methanomethylicota archaeon UBA156		0
1915937	Euryarchaeota archaeon UBA559		0
1915929	Euryarchaeota archaeon UBA551		0
1915897	Euryarchaeota archaeon UBA485		0
1915775	Euryarchaeota archaeon UBA488		0
1915469	Methanobacterium sp. UBA479		0
1915620	Methanobacteriaceae archaeon UBA237		0
1915861	Euryarchaeota archaeon UBA252		0
1915862	Euryarchaeota archaeon UBA253		0
1915865	Euryarchaeota archaeon UBA257		0
1915867	Euryarchaeota archaeon UBA259		0
1915593	Methanosarcina sp. UBA5		0
1915497	Methanoculleus sp. UBA303		0
1915496	Methanoculleus sp. UBA300		0
1915464	Methanobacterium sp. UBA42		0
1915984	Euryarchaeota archaeon UBA91		0
1915983	Euryarchaeota archaeon UBA90		0
1915648	Methanomassiliicoccaceae archaeon UBA359		0
1915646	Methanomassiliicoccaceae archaeon UBA354		0
1915502	Methanoculleus sp. UBA331		0
1915477	Methanobrevibacter sp. UBA313		0
1915478	Methanobrevibacter sp. UBA318		0
1917430	archaeon UBA140		0
1915569	Caldivirga sp. UBA161		0
1915615	Acidilobaceae archaeon UBA162		0
1915511	Methanoculleus sp. UBA430		0
1915821	Euryarchaeota archaeon UBA175		0
1915819	Euryarchaeota archaeon UBA173		0
1915816	Euryarchaeota archaeon UBA170		0
1915586	Methanosarcina sp. UBA392		0
1915834	Euryarchaeota archaeon UBA195		0
1915836	Euryarchaeota archaeon UBA197		0
1915835	Euryarchaeota archaeon UBA196		0
1915832	Euryarchaeota archaeon UBA193		0
1915717	Thermoplasmatales archaeon UBA447		0
1915716	Thermoplasmatales archaeon UBA445		0
1915518	Methanolinea sp. UBA245		0
1916010	Candidatus Parvarchaeota archaeon UBA446		0
1915467	Methanobacterium sp. UBA44		0
1915451	Methanobacterium sp. UBA375		0
1915452	Methanobacterium sp. UBA379		0
1915853	Euryarchaeota archaeon UBA229		0
1915515	Methanolinea sp. UBA144		0
1915849	Euryarchaeota archaeon UBA225		0
1915665	Methanomassiliicoccaceae archaeon UBA415		0
1915673	Methanomassiliicoccaceae archaeon UBA482		0
1915530	Methanomassiliicoccus sp. UBA292		0
1915506	Methanoculleus sp. UBA377		0
1915574	Methanosarcina sp. UBA289		0
1915542	Methanoregula sp. UBA143		0
1916009	Candidatus Parvarchaeota archaeon UBA265		0
1915641	Methanomassiliicoccaceae archaeon UBA328		0
1915622	Methanobacteriaceae archaeon UBA349		0
1916021	Candidatus Woesearchaeota archaeon UBA119		0
1915881	Euryarchaeota archaeon UBA39		0
1915879	Euryarchaeota archaeon UBA37		0
1915878	Euryarchaeota archaeon UBA36		0
1915875	Euryarchaeota archaeon UBA31		0
1915544	Methanoregula sp. UBA244		0
1915695	Methanotrichaceae archaeon UBA116		0
1915891	Euryarchaeota archaeon UBA461		0
1915895	Euryarchaeota archaeon UBA465		0
1915927	Euryarchaeota archaeon UBA549		0
1915803	Euryarchaeota archaeon UBA128		0
1915801	Euryarchaeota archaeon UBA126		0
1915802	Euryarchaeota archaeon UBA127		0
1915795	Euryarchaeota archaeon UBA120		0
1915796	Euryarchaeota archaeon UBA121		0
1915905	Euryarchaeota archaeon UBA498		0
1915906	Euryarchaeota archaeon UBA499		0
1915903	Euryarchaeota archaeon UBA496		0
1915997	Candidatus Micrarchaeota archaeon UBA523		0
1916027	Candidatus Woesearchaeota archaeon UBA544		0
1916001	Candidatus Micrarchaeota archaeon UBA93		0
1915718	Thermoplasmatales archaeon UBA504		0
1915721	Thermoplasmatales archaeon UBA508		0
1915994	Candidatus Micrarchaeota archaeon UBA448		0
1915432	Methanobacterium sp. UBA302		0
1915582	Methanosarcina sp. UBA363		0
1915649	Methanomassiliicoccaceae archaeon UBA366		0
1915750	Thermoplasmatales archaeon UBA617		0
1915746	Thermoplasmatales archaeon UBA611		0
1915565	Archaeoglobus sp. UBA230		0
1915567	Archaeoglobus sp. UBA234		0
1915563	Methanosaeta sp. UBA70		0
1915608	Candidatus Methanomethylophilus sp. UBA78		0
1915727	Thermoplasmatales archaeon UBA517		0
1915439	Methanobacterium sp. UBA327		0
1915483	Methanobrevibacter sp. UBA395		0
1915503	Methanoculleus sp. UBA334		0
1915438	Methanobacterium sp. UBA324		0
1915886	Euryarchaeota archaeon UBA438		0
1915911	Euryarchaeota archaeon UBA503		0
1915956	Euryarchaeota archaeon UBA604		0
1915959	Euryarchaeota archaeon UBA607		0
1915435	Methanobacterium sp. UBA311		0
1917429	archaeon UBA583		0
1915948	Euryarchaeota archaeon UBA597		0
1915989	Candidatus Bathyarchaeota archaeon UBA185		0
1915826	Euryarchaeota archaeon UBA180		0
1915462	Methanobacterium sp. UBA418		0
1915573	Methanosarcina sp. UBA135		0
1916007	Candidatus Pacearchaeota archaeon UBA92		0
1915424	Methanobacterium sp. UBA176		0
1915475	Methanobrevibacter sp. UBA190		0
1915643	Methanomassiliicoccaceae archaeon UBA333		0
1915604	Sulfolobus sp. UBA167		0
1915584	Methanosarcina sp. UBA376		0
1915752	Thermoplasmata archaeon UBA61		0
1915455	Methanobacterium sp. UBA385		0
1915454	Methanobacterium sp. UBA384		0
1915456	Methanobacterium sp. UBA388		0
1915523	Methanolinea sp. UBA451		0
1915996	Candidatus Micrarchaeota archaeon UBA514		0
1915995	Candidatus Micrarchaeota archaeon UBA510		0
1915726	Thermoplasmatales archaeon UBA516		0
1915669	Methanomassiliicoccaceae archaeon UBA472		0
1915724	Thermoplasmatales archaeon UBA512		0
1915533	Methanomassiliicoccus sp. UBA335		0
1915733	Thermoplasmatales archaeon UBA565		0
1915734	Thermoplasmatales archaeon UBA566		0
1915735	Thermoplasmatales archaeon UBA568		0
1735564	cow dung metagenome	ecological metagenomes	1
1545499	salt mine metagenome	ecological metagenomes	1
1580551	annelid metagenome	organismal metagenomes	1
1678905	Leishmania RNA virus 1		0
1899497	tailings metagenome	ecological metagenomes	1
1041057	sea squirt metagenome	organismal metagenomes	1
1651087	glacier metagenome	ecological metagenomes	1
1678143	Paslahepevirus balayani		0
2582415	blank sample		0
1541066	oyster metagenome	organismal metagenomes	1
302047	Seriola lalandi		0
903395	salt lake metagenome	ecological metagenomes	1
1284369	stomach metagenome	organismal metagenomes	1
1283	Staphylococcus haemolyticus		0
42068	Pneumocystis jirovecii		0
1346744	urine metagenome	organismal metagenomes	1
10116	Rattus norvegicus		0
35823	Arthrospira		0
604570	Brachymyrmex patagonicus		0
28901	Salmonella enterica		0
1792145	manure metagenome	ecological metagenomes	1
2010181	Lissoclinum sp. TIC-2013-079		0
1710357	biocrust metagenome	ecological metagenomes	1
1632839	human vaginal metagenome	organismal metagenomes	1
1714377	Bottlenose dolphin adenovirus 1		0
381124	Zea mays subsp. mays		0
28264	Arcanobacterium haemolyticum		0
1282	Staphylococcus epidermidis		0
119978	Acidithiobacillus albertensis		0
1469245	Thioalkalivibrio sp. HK1		0
1498843	Tettigades auropilosa		0
1986882	Tettigades chilensis		0
1882381	Pseudomonas sp. K35		0
1763544	lagoon metagenome	ecological metagenomes	1
31704	Coxsackievirus A16		0
42769	Coxsackievirus A10		0
12814	Respiratory syncytial virus		0
12060	Echovirus E9		0
42786	Coxsackievirus A5		0
93678	TTV-like mini virus		0
12089	Coxsackievirus A24		0
1915883	Euryarchaeota archaeon UBA40		0
1915500	Methanoculleus sp. UBA320		0
1915681	Methanosarcinaceae archaeon UBA282		0
1915532	Methanomassiliicoccus sp. UBA321		0
1915549	Methanoregula sp. UBA434		0
1915657	Methanomassiliicoccaceae archaeon UBA396		0
1915787	Euryarchaeota archaeon UBA107		0
1915784	Euryarchaeota archaeon UBA104		0
1915785	Euryarchaeota archaeon UBA105		0
1915783	Euryarchaeota archaeon UBA103		0
1915789	Euryarchaeota archaeon UBA109		0
1915711	Thermoplasmatales archaeon UBA266		0
1915570	Geoglobus sp. UBA232		0
1915571	Geoglobus sp. UBA235		0
1916014	Candidatus Parvarchaeota archaeon UBA519		0
1915917	Euryarchaeota archaeon UBA530		0
1915560	Methanosaeta sp. UBA372		0
1915625	Methanobacteriaceae archaeon UBA588		0
1915975	Euryarchaeota archaeon UBA83		0
1915980	Euryarchaeota archaeon UBA88		0
1915472	Methanobrevibacter sp. UBA187		0
1915644	Methanomassiliicoccaceae archaeon UBA343		0
1915521	Methanolinea sp. UBA286		0
1915676	Methanomassiliicoccaceae archaeon UBA593		0
1915634	Methanomassiliicoccaceae archaeon UBA298		0
1915596	Nitrosopumilus sp. UBA241		0
1915991	Candidatus Bathyarchaeota archaeon UBA589		0
1915813	Euryarchaeota archaeon UBA15		0
1915812	Euryarchaeota archaeon UBA14		0
1915815	Euryarchaeota archaeon UBA17		0
1915794	Euryarchaeota archaeon UBA12		0
1915829	Euryarchaeota archaeon UBA19		0
1915679	Methanomassiliicoccaceae archaeon UBA75		0
1915658	Methanomassiliicoccaceae archaeon UBA399		0
1915942	Euryarchaeota archaeon UBA563		0
1915458	Methanobacterium sp. UBA391		0
1917434	archaeon UBA460		0
1917431	archaeon UBA490		0
1915514	Methanofollis sp. UBA420		0
1915766	Euryarchaeota archaeon UBA287		0
1915774	Euryarchaeota archaeon UBA440		0
1915494	Methanoculleus sp. UBA208		0
1915487	Methanobrevibacter sp. UBA417		0
1915491	Methanocorpusculum sp. UBA362		0
1915842	Euryarchaeota archaeon UBA214		0
1915843	Euryarchaeota archaeon UBA215		0
1916018	Candidatus Parvarchaeota archaeon UBA614		0
1915591	Methanosarcina sp. UBA43		0
1915739	Thermoplasmatales archaeon UBA574		0
1916003	Candidatus Micrarchaeota archaeon UBA96		0
1915912	Euryarchaeota archaeon UBA51		0
1915913	Euryarchaeota archaeon UBA52		0
1915689	Methanomicrobiaceae archaeon UBA2		0
1915479	Methanobrevibacter sp. UBA325		0
1915668	Methanomassiliicoccaceae archaeon UBA427		0
1915770	Euryarchaeota archaeon UBA136		0
1915810	Euryarchaeota archaeon UBA134		0
1915427	Methanobacterium sp. UBA290		0
1915868	Euryarchaeota archaeon UBA26		0
1915841	Euryarchaeota archaeon UBA21		0
1915936	Euryarchaeota archaeon UBA558		0
1915626	Methanocellaceae archaeon UBA148		0
1915914	Euryarchaeota archaeon UBA528		0
1915706	Nitrosopumilales archaeon UBA219		0
1915899	Euryarchaeota archaeon UBA487		0
1916026	Candidatus Woesearchaeota archaeon UBA525		0
1916024	Candidatus Woesearchaeota archaeon UBA489		0
1915595	Methanosarcina sp. UBA7		0
1915667	Methanomassiliicoccaceae archaeon UBA422		0
1915993	Candidatus Micrarchaeota archaeon UBA267		0
1915442	Methanobacterium sp. UBA339		0
1915536	Methanomassiliicoccus sp. UBA364		0
1915535	Methanomassiliicoccus sp. UBA360		0
1915441	Methanobacterium sp. UBA336		0
1915932	Euryarchaeota archaeon UBA554		0
1915680	Methanosarcinaceae archaeon UBA151		0
1915537	Methanomassiliicoccus sp. UBA382		0
1915607	Vulcanisaeta sp. UBA163		0
1915578	Methanosarcina sp. UBA323		0
1915970	Euryarchaeota archaeon UBA63		0
1915971	Euryarchaeota archaeon UBA66		0
1915973	Euryarchaeota archaeon UBA69		0
1915820	Euryarchaeota archaeon UBA174		0
1915818	Euryarchaeota archaeon UBA172		0
1915817	Euryarchaeota archaeon UBA171		0
1915823	Euryarchaeota archaeon UBA178		0
1915550	Methanoregula sp. UBA450		0
1915985	Euryarchaeota archaeon UBA98		0
1915830	Euryarchaeota archaeon UBA191		0
1915831	Euryarchaeota archaeon UBA192		0
1915715	Thermoplasmatales archaeon UBA444		0
1915466	Methanobacterium sp. UBA428		0
1916011	Candidatus Parvarchaeota archaeon UBA449		0
1915465	Methanobacterium sp. UBA426		0
1915423	Candidatus Methanoperedens sp. UBA453		0
1915846	Euryarchaeota archaeon UBA221		0
1915664	Methanomassiliicoccaceae archaeon UBA414		0
1915674	Methanomassiliicoccaceae archaeon UBA483		0
1915672	Methanomassiliicoccaceae archaeon UBA481		0
1915505	Methanoculleus sp. UBA374		0
1915642	Methanomassiliicoccaceae archaeon UBA329		0
1915490	Methanobrevibacter sp. UBA594		0
1915606	Thermoproteus sp. UBA157		0
1915707	Nitrosopumilales archaeon UBA459		0
1915559	Methanosaeta sp. UBA356		0
1915767	Euryarchaeota archaeon UBA33		0
1915508	Methanoculleus sp. UBA406		0
1915892	Euryarchaeota archaeon UBA462		0
1915924	Euryarchaeota archaeon UBA546		0
1915922	Euryarchaeota archaeon UBA542		0
1915921	Euryarchaeota archaeon UBA540		0
1915757	Thaumarchaeota archaeon UBA201		0
1915804	Euryarchaeota archaeon UBA129		0
1915799	Euryarchaeota archaeon UBA124		0
1915800	Euryarchaeota archaeon UBA125		0
1915798	Euryarchaeota archaeon UBA123		0
1915901	Euryarchaeota archaeon UBA494		0
1915776	Euryarchaeota archaeon UBA491		0
1915998	Candidatus Micrarchaeota archaeon UBA524		0
1915619	Methanobacteriaceae archaeon UBA117		0
1915630	Methanomassiliicoccaceae archaeon UBA113		0
1915588	Methanosarcina sp. UBA402		0
1915650	Methanomassiliicoccaceae archaeon UBA367		0
1915747	Thermoplasmatales archaeon UBA612		0
1915568	Archaeoglobus sp. UBA236		0
1915623	Methanobacteriaceae archaeon UBA541		0
1915938	Euryarchaeota archaeon UBA56		0
1915473	Methanobrevibacter sp. UBA188		0
1915691	Methanomicrobiaceae archaeon UBA207		0
1915655	Methanomassiliicoccaceae archaeon UBA387		0
1915910	Euryarchaeota archaeon UBA502		0
1915909	Euryarchaeota archaeon UBA501		0
1915791	Euryarchaeota archaeon UBA110		0
1915562	Methanosaeta sp. UBA533		0
1915504	Methanoculleus sp. UBA340		0
1915961	Euryarchaeota archaeon UBA609		0
1915960	Euryarchaeota archaeon UBA608		0
1915957	Euryarchaeota archaeon UBA605		0
1915828	Euryarchaeota archaeon UBA182		0
1915827	Euryarchaeota archaeon UBA181		0
1915753	Thaumarchaeota archaeon UBA141		0
1915714	Thermoplasmatales archaeon UBA270		0
1915461	Methanobacterium sp. UBA410		0
1917428	archaeon UBA431		0
1915702	Methanomicrobiales archaeon UBA81		0
1915663	Methanomassiliicoccaceae archaeon UBA409		0
1915662	Methanomassiliicoccaceae archaeon UBA408		0
1915661	Methanomassiliicoccaceae archaeon UBA407		0
1915659	Methanomassiliicoccaceae archaeon UBA400		0
1915675	Methanomassiliicoccaceae archaeon UBA537		0
1915631	Methanomassiliicoccaceae archaeon UBA248		0
1915575	Methanosarcina sp. UBA293		0
1915543	Methanoregula sp. UBA154		0
1915700	Methanomassiliicoccales archaeon UBA149		0
1915699	Methanomassiliicoccales archaeon UBA147		0
1915471	Methanobacterium sp. UBA8		0
1915600	Nitrososphaera sp. UBA216		0
1915599	Nitrososphaera sp. UBA210		0
1915453	Methanobacterium sp. UBA380		0
1915546	Methanoregula sp. UBA274		0
1915548	Methanoregula sp. UBA278		0
1915482	Methanobrevibacter sp. UBA365		0
1915527	Methanolobus sp. UBA32		0
1915744	Thermoplasmatales archaeon UBA580		0
1915429	Methanobacterium sp. UBA295		0
1915725	Thermoplasmatales archaeon UBA513		0
1915728	Thermoplasmatales archaeon UBA518		0
1915434	Methanobacterium sp. UBA310		0
1915540	Methanomassiliicoccus sp. UBA429		0
1915484	Methanobrevibacter sp. UBA401		0
1915840	Euryarchaeota archaeon UBA209		0
1915839	Euryarchaeota archaeon UBA200		0
1915539	Methanomassiliicoccus sp. UBA393		0
1628154	pollen metagenome	organismal metagenomes	1
1318617	Candidatus Malacoplasma girerdii		0
1926875	Candidatus Porisulfidus sp. TsSOB		0
1704045	aquifer metagenome	ecological metagenomes	1
9615	Canis lupus familiaris		0
1846278	Candidatus Nitrosotenuis aquarius		0
1445915	Tettigades undata		0
1951244	Bryobacterales bacterium UBA690		0
1953067	Rhodanobacteraceae bacterium UBA691		0
1951444	Anaerolineaceae bacterium UBA700		0
1952933	Verrucomicrobia subdivision 3 bacterium UBA707		0
1953031	Sporomusaceae bacterium UBA7701		0
1946300	Christensenella sp. UBA7703		0
1952965	Propionibacteriaceae bacterium UBA7704		0
1948107	Firmicutes bacterium UBA7709		0
1946427	Dysgonomonas sp. UBA7698		0
1946428	Dysgonomonas sp. UBA7710		0
1947408	Ruminococcus sp. UBA2836		0
1947706	Treponema sp. UBA2837		0
1951335	Acidaminococcaceae bacterium UBA2812		0
1947459	Solobacterium sp. UBA2814		0
1951993	Lachnospiraceae bacterium UBA2815		0
1951994	Lachnospiraceae bacterium UBA2816		0
1947116	Prevotella sp. UBA2809		0
1947878	Cyanobacteria bacterium UBA2819		0
1946712	Lachnospira sp. UBA2821		0
1948599	Gammaproteobacteria bacterium UBA2810		0
1951997	Lachnospiraceae bacterium UBA2825		0
1950461	Bacteroidales bacterium UBA2827		0
1947117	Prevotella sp. UBA2811		0
1950462	Bacteroidales bacterium UBA2832		0
1950846	Clostridiales bacterium UBA2871		0
1947122	Prevotella sp. UBA2850		0
1952477	Prevotellaceae bacterium UBA2852		0
1952476	Prevotellaceae bacterium UBA2839		0
1952306	Ruminococcaceae bacterium UBA2857		0
1952545	Porphyromonadaceae bacterium UBA2841		0
1946252	Christensenella sp. UBA2862		0
1946250	Christensenella sp. UBA2843		0
1953331	Candidatus Saccharibacteria bacterium UBA2866		0
1952546	Porphyromonadaceae bacterium UBA2844		0
1947880	Cyanobacteria bacterium UBA2877		0
1947015	Oribacterium sp. UBA2880		0
1946253	Christensenella sp. UBA2915		0
1952004	Lachnospiraceae bacterium UBA2882		0
1947881	Cyanobacteria bacterium UBA2883		0
1952007	Lachnospiraceae bacterium UBA2887		0
1951453	Atopobiaceae bacterium UBA2890		0
1947882	Cyanobacteria bacterium UBA2892		0
1947409	Ruminococcus sp. UBA2895		0
1953022	Selenomonadaceae bacterium UBA2897		0
1947014	Olsenella sp. UBA2898		0
1948372	Alphaproteobacteria bacterium UBA2903		0
1946687	Lachnoclostridium sp. UBA2905		0
1945916	Acidaminococcus sp. UBA2908		0
1950467	Bacteroidales bacterium UBA2910		0
1951480	Bacteroidaceae bacterium UBA2918		0
1952548	Porphyromonadaceae bacterium UBA2920		0
1952309	Ruminococcaceae bacterium UBA2921		0
1950850	Clostridiales bacterium UBA2922		0
1948601	Gammaproteobacteria bacterium UBA2924		0
1947126	Prevotella sp. UBA2925		0
1947463	Solobacterium sp. UBA2929		0
1948373	Alphaproteobacteria bacterium UBA2931		0
1950470	Bacteroidales bacterium UBA2933		0
1952017	Lachnospiraceae bacterium UBA2935		0
1947128	Prevotella sp. UBA2937		0
1946118	Blautia sp. UBA2945		0
1946511	Faecalitalea sp. UBA2940		0
1948247	Verrucomicrobia bacterium UBA2808		0
1950857	Clostridiales bacterium UBA3333		0
329	Ralstonia pickettii		0
1947649	Tepidanaerobacter sp. UBA3921		0
1947986	Firmicutes bacterium UBA3923		0
1947982	Firmicutes bacterium UBA3915		0
1951408	Anaerolineaceae bacterium UBA3924		0
1947646	Syntrophothermus sp. UBA3927		0
1947989	Firmicutes bacterium UBA3928		0
1952706	Peptococcaceae bacterium UBA3933		0
1952707	Peptococcaceae bacterium UBA3937		0
1952327	Ruminococcaceae bacterium UBA3938		0
1947994	Firmicutes bacterium UBA3941		0
1947995	Firmicutes bacterium UBA3942		0
1950272			0
1950273			0
1946038	Acetomicrobium sp. UBA3949		0
1947997	Candidatus Fermentithermobacillaceae bacterium UBA3951		0
1946587	Halothermothrix sp. UBA3952		0
1947066	Pelotomaculum sp. UBA3955		0
1947974	Firmicutes bacterium UBA3899		0
1947980	Firmicutes bacterium UBA3910		0
1950534	Bacteroidales bacterium UBA3911		0
1947846	Cloacimonetes bacterium UBA3900		0
1951170	Micrococcales bacterium UBA3913		0
1946011	Alistipes sp. UBA3409		0
1952575	Porphyromonadaceae bacterium UBA3410		0
1947562	Streptococcus sp. UBA3373		0
376804	Phocaeicola barnesiae		0
1946677	Kurthia sp. UBA3380		0
1950484	Bacteroidales bacterium UBA3389		0
1947414	Ruminococcus sp. UBA3387		0
1604	Lactobacillus amylovorus		0
1947467	Solobacterium sp. UBA636		0
1946520	Faecalitalea sp. UBA637		0
1947184	Prevotella sp. UBA640		0
1947185	Prevotella sp. UBA641		0
1623	Ligilactobacillus ruminis		0
1948768	Patescibacteria group bacterium UBA1357		0
1950186	Actinomycetales bacterium UBA1416		0
1948238	Verrucomicrobia bacterium UBA1418		0
1953381	Candidatus Shapirobacteria bacterium UBA1420		0
1947935	Firmicutes bacterium UBA1422		0
1950242			0
1953387	Candidatus Woesebacteria bacterium UBA1430		0
1953448	bacterium UBP9_UBA1432		0
1946685	Lachnoclostridium sp. UBA1434		0
1947403	Ruminococcus sp. UBA1366		0
1953429	bacterium UBP3_UBA1439		0
1953259	Candidatus Omnitrophica bacterium UBA1443		0
1947645	Syntrophothermus sp. UBA1445		0
1948769	Patescibacteria group bacterium UBA1370		0
1948770	Patescibacteria group bacterium UBA1372		0
1947616	Syntrophomonas sp. UBA1376		0
1947084	Prevotella sp. UBA1378		0
1953273	Candidatus Berkelbacteria bacterium UBA1384		0
1948771	Patescibacteria group bacterium UBA1388		0
1947404	Ruminococcus sp. UBA1394		0
1948772	Patescibacteria group bacterium UBA1396		0
1950823	Clostridiales bacterium UBA1399		0
1948773	Patescibacteria group bacterium UBA1400		0
1947252	Proteiniphilum sp. UBA1403		0
1948774	Patescibacteria group bacterium UBA1406		0
1948689	Lentisphaeria bacterium UBA1407		0
1946383	Collinsella sp. UBA1408		0
1961418	Syntrophaceae bacterium UBA1411		0
1948237	Verrucomicrobia bacterium UBA1412		0
1946084	Bacteroides sp. UBA1451		0
1946909	Micavibrio sp. UBA1850		0
1946918	Micavibrio sp. UBA2705		0
1948584	Gammaproteobacteria bacterium UBA1283		0
1948134	Proteobacteria bacterium UBA1280		0
1947243	Prochlorococcus sp. UBA1273		0
1948132	Proteobacteria bacterium UBA1270		0
1948351	Alphaproteobacteria bacterium UBA1172		0
1950784	Cellvibrionales bacterium UBA1854		0
1953139	Bacteroidetes bacterium UBA1860		0
1948551	Deltaproteobacteria bacterium UBA5573		0
1950225	Anaerolineales bacterium UBA7227		0
1948706	Opitutia bacterium UBA1333		0
1951382	Alteromonadaceae bacterium UBA1334		0
1948236	Verrucomicrobia bacterium UBA1337		0
1948474	Dehalococcoidia bacterium UBA1327		0
1948360	Alphaproteobacteria bacterium UBA1330		0
1961476	Bacteriovoracaceae bacterium UBA1331		0
1961523	Bdellovibrionaceae bacterium UBA818		0
1951888	Flavobacteriaceae bacterium UBA819		0
1947669	Thalassolituus sp. UBA824		0
1953446	bacterium UBP8_UBA827		0
1946220	Candidatus Neomicrothrix sp. UBA831		0
1952794	Pseudomonadaceae bacterium UBA833		0
1952795	Pseudomonadaceae bacterium UBA836		0
1947295	Pseudoalteromonas sp. UBA846		0
570156	Pseudoalteromonas lipolytica		0
1952797	Pseudomonadaceae bacterium UBA853		0
1948662	Gammaproteobacteria bacterium UBA855		0
1951395	Alteromonadaceae bacterium UBA858		0
190892	Idiomarina baltica		0
1946762	Limnobacter sp. UBA7229		0
1948530	Dehalococcoidia bacterium UBA7833		0
1948527	Dehalococcoidia bacterium UBA7822		0
1951127	Gemmatimonadales bacterium UBA7825		0
1948659	Gammaproteobacteria bacterium UBA7820		0
1946212	Candidatus Neomicrothrix sp. UBA7829		0
1961522	Bdellovibrionaceae bacterium UBA7827		0
1946211	Candidatus Neomicrothrix sp. UBA7828		0
1953444	bacterium UBP8_UBA7816		0
1951519	Balneolaceae bacterium UBA7797		0
1951206	Phycisphaerales bacterium UBA7800		0
1948658	Gammaproteobacteria bacterium UBA7803		0
1952745	Planctomycetaceae bacterium UBA7805		0
1946969	Allomuricauda sp. UBA7809		0
1948218	Proteobacteria bacterium UBA7810		0
1951207	Phycisphaerales bacterium UBA7812		0
1947392	Roseivirga sp. UBA7815		0
1961521	Bdellovibrionaceae bacterium UBA7794		0
1952882	Saprospiraceae bacterium UBA7328		0
1951370	Akkermansiaceae bacterium UBA7329		0
1953001	Opitutaceae bacterium UBA7327		0
1952742	Planctomycetaceae bacterium UBA7309		0
1948647	Gammaproteobacteria bacterium UBA7310		0
1951875	Flavobacteriaceae bacterium UBA7311		0
1951390	Alteromonadaceae bacterium UBA7313		0
1961497	Bacteriovoracaceae bacterium UBA7317		0
1952207	Leptospiraceae bacterium UBA7318		0
1961471	Myxococcales bacterium UBA7319		0
1953255	Fidelibacterota bacterium UBA7301		0
1951874	Flavobacteriaceae bacterium UBA7302		0
1953256	Fidelibacterota bacterium UBA7303		0
1953257	Fidelibacterota bacterium UBA7308		0
1952791	Pseudomonadaceae bacterium UBA7298		0
1953442	bacterium UBP8_UBA6595		0
1952786	Pseudomonadaceae bacterium UBA6589		0
1947544	Spongiibacter sp. UBA6593		0
1952788	Pseudomonadaceae bacterium UBA6597		0
1947455	Salinisphaera sp. UBA6602		0
1946825	Marinobacter sp. UBA6604		0
1948432	Alphaproteobacteria bacterium UBA6615		0
151081	Pseudoalteromonas ruthenica		0
1948115	Latescibacteria bacterium UBA6620		0
1948637	Gammaproteobacteria bacterium UBA6621		0
1947840	Chloroflexi bacterium UBA6622		0
1947545	Spongiibacter sp. UBA6625		0
1951121	Gemmatimonadales bacterium UBA6612		0
301	Ectopseudomonas oleovorans		0
1946199	Candidatus Neomicrothrix sp. UBA6944		0
1952253	Microbacteriaceae bacterium UBA6954		0
1948522	Dehalococcoidia bacterium UBA6952		0
1951180	Opitutales bacterium UBA6958		0
1948518	Dehalococcoidia bacterium UBA6926		0
1946198	Candidatus Neomicrothrix sp. UBA6925		0
1951123	Gemmatimonadales bacterium UBA6934		0
1961496	Bacteriovoracaceae bacterium UBA6935		0
1953250	Fidelibacterota bacterium UBA6936		0
1948642	Gammaproteobacteria bacterium UBA6968		0
1948733	Opitutia bacterium UBA6972		0
1947676	Thalassospira sp. UBA6510		0
1946931	Micavibrio sp. UBA6513		0
1961494	Bacteriovoracaceae bacterium UBA6507		0
1946761	Limnobacter sp. UBA6514		0
1946950	Microbacterium sp. UBA6496		0
1951151	Legionellales bacterium UBA6500		0
1948196	Proteobacteria bacterium UBA6522		0
1952830	Rhodobiaceae bacterium UBA6516		0
1951867	Flavobacteriaceae bacterium UBA6515		0
1947293	Pseudoalteromonas sp. UBA6540		0
1946194	Candidatus Neomicrothrix sp. UBA6542		0
1961518	Bdellovibrionaceae bacterium UBA6543		0
1948430	Alphaproteobacteria bacterium UBA6544		0
1953244	Fidelibacterota bacterium UBA6531		0
1948854	Patescibacteria group bacterium UBA6532		0
1953241	Fidelibacterota bacterium UBA6528		0
1953242	Fidelibacterota bacterium UBA6529		0
1961375	Candidatus Peribacter sp. UBA6538		0
1948165	Proteobacteria bacterium UBA3343		0
1946803	Maribacter sp. UBA3344		0
1961481	Bacteriovoracaceae bacterium UBA3346		0
1961510	Bdellovibrionaceae bacterium UBA3342		0
1951828	Flavobacteriaceae bacterium UBA3356		0
1952777	Pseudomonadaceae bacterium UBA3367		0
1946890	Methylophaga sp. UBA3991		0
1951221	Rhizobiales bacterium UBA3986		0
1946628	Hyphomonas sp. UBA3988		0
1945985	Alcanivorax sp. UBA3989		0
1951505	Balneolaceae bacterium UBA3998		0
313588	Croceibacter atlanticus		0
1946586	Halomonas sp. UBA3980		0
1947370	Pusillimonas sp. UBA4517		0
1951852	Flavobacteriaceae bacterium UBA4518		0
1951508	Balneolaceae bacterium UBA4511		0
1946811	Marinimicrobium sp. UBA4509		0
1945991	Alcanivorax sp. UBA4527		0
1952860	Rhodospirillaceae bacterium UBA5101		0
1945994	Alcanivorax sp. UBA5099		0
1951919	Halieaceae bacterium UBA5105		0
1952827	Rhodobiaceae bacterium UBA5112		0
1947782	Aequorivita sp. UBA5106		0
1948628	Gammaproteobacteria bacterium UBA5109		0
1951918	Halieaceae bacterium UBA5085		0
1948406	Alphaproteobacteria bacterium UBA5086		0
1946898	Methylophaga sp. UBA5088		0
1951513	Balneolaceae bacterium UBA5089		0
1952781	Pseudomonadaceae bacterium UBA5092		0
1951761	Erythrobacteraceae bacterium UBA5093		0
1951515	Balneolaceae bacterium UBA5097		0
1947781	Aequorivita sp. UBA5096		0
1951214	Rhizobiales bacterium UBA1480		0
1945968	Alcanivorax sp. UBA1475		0
1946344	Citromicrobium sp. UBA1476		0
1952238	Microbacteriaceae bacterium UBA1477		0
1952240	Microbacteriaceae bacterium UBA1492		0
1946802	Maribacter sp. UBA1493		0
1946583	Halomonas sp. UBA1491		0
1951486	Balneolaceae bacterium UBA1488		0
1951751	Erythrobacteraceae bacterium UBA1460		0
1947362	Pusillimonas sp. UBA1905		0
1951216	Rhizobiales bacterium UBA1909		0
64988	Alcanivorax jadensis		0
1946869	Methylophaga sp. UBA1918		0
1211807	Stutzerimonas kunmingensis		0
1946616	Hyphomonas sp. UBA1914		0
1947346	Psychrobacter sp. UBA2514		0
1951195	Phycisphaerales bacterium UBA2507		0
1947673	Thalassospira sp. UBA2501		0
314275	Alteromonas mediterranea		0
1952753	Porticoccaceae bacterium UBA2518		0
1948324	Actinobacteria bacterium UBA1985		0
1948141	Proteobacteria bacterium UBA1966		0
1950786	Cellvibrionales bacterium UBA1969		0
1952799	Rhodobacteraceae bacterium UBA1957		0
1950959	Flavobacteriales bacterium UBA1958		0
1951356	Akkermansiaceae bacterium UBA1982		0
1951488	Balneolaceae bacterium UBA1971		0
1952770	Pseudomonadaceae bacterium UBA1973		0
1946921	Micavibrio sp. UBA3393		0
1948488	Dehalococcoidia bacterium UBA2962		0
1948489	Dehalococcoidia bacterium UBA2963		0
1948603	Gammaproteobacteria bacterium UBA2965		0
1948112	Latescibacteria bacterium UBA2968		0
1948249	Verrucomicrobia bacterium UBA2970		0
1948490	Dehalococcoidia bacterium UBA2976		0
1951494	Balneolaceae bacterium UBA2956		0
1948544	Deltaproteobacteria bacterium UBA2957		0
1953107	Acidobacteria bacterium UBA2999		0
1950202	Anaerolineales bacterium UBA3001		0
1948380	Alphaproteobacteria bacterium UBA3002		0
1951108	Gemmatimonadales bacterium UBA2981		0
1951109	Gemmatimonadales bacterium UBA2982		0
1946175	Candidatus Neomicrothrix sp. UBA2983		0
1948379	Alphaproteobacteria bacterium UBA2984		0
1951110	Gemmatimonadales bacterium UBA2988		0
1953105	Acidobacteria bacterium UBA2990		0
1948494	Dehalococcoidia bacterium UBA2991		0
1948156	Proteobacteria bacterium UBA2996		0
1948743	Opitutia bacterium UBA7876		0
1953258	Fidelibacterota bacterium UBA7882		0
1953054	Nitrospinaceae bacterium UBA7883		0
1948661	Gammaproteobacteria bacterium UBA7885		0
1948130	Planctomycetes bacterium UBA7888		0
1951374	Akkermansiaceae bacterium UBA7890		0
1948565	Deltaproteobacteria bacterium UBA7892		0
1948533	Dehalococcoidia bacterium UBA7894		0
1951880	Flavobacteriaceae bacterium UBA7369		0
1951923	Halieaceae bacterium UBA7381		0
1946206	Candidatus Neomicrothrix sp. UBA7383		0
1946207	Candidatus Neomicrothrix sp. UBA7388		0
1948707	Opitutia bacterium UBA1508		0
1950954	Flavobacteriales bacterium UBA1510		0
1947654	Thalassolituus sp. UBA1520		0
1951145	Legionellales bacterium UBA1524		0
1961461	Myxococcales bacterium UBA1532		0
1951354	Akkermansiaceae bacterium UBA1527		0
1947244	Prochlorococcus sp. UBA1528		0
1951631	Coxiellaceae bacterium UBA1530		0
1947056	Paracoccus sp. UBA889		0
1953379	Candidatus Saccharibacteria bacterium UBA892		0
1946223	Candidatus Neomicrothrix sp. UBA881		0
1946823	Marinobacter sp. UBA5687		0
1951365	Akkermansiaceae bacterium UBA5688		0
1951366	Akkermansiaceae bacterium UBA5689		0
1951039	Flavobacteriales bacterium UBA5692		0
1951518	Balneolaceae bacterium UBA6773		0
1953108	Acidobacteria bacterium UBA5166		0
1946923	Micavibrio sp. UBA5167		0
1951871	Flavobacteriaceae bacterium UBA6781		0
1946953	Microbacterium sp. UBA6782		0
1951869	Flavobacteriaceae bacterium UBA6779		0
1951056	Flavobacteriales bacterium UBA6770		0
1951058	Flavobacteriales bacterium UBA6772		0
42565			0
1951796	Flavobacteriaceae bacterium UBA1005		0
1951797	Flavobacteriaceae bacterium UBA1008		0
1946153	Candidatus Neomicrothrix sp. UBA1013		0
152297	Pseudoalteromonas issachenkonii		0
1947667	Thalassolituus sp. UBA675		0
1945998	Alcanivorax sp. UBA679		0
1961528	Desulfobacteraceae bacterium UBA2130		0
1948143	Proteobacteria bacterium UBA2132		0
1948793	Patescibacteria group bacterium UBA2135		0
1948145	Proteobacteria bacterium UBA2136		0
1946913	Micavibrio sp. UBA2137		0
1953218	Fidelibacterota bacterium UBA2126		0
1948538	Deltaproteobacteria bacterium UBA2138		0
1946166	Candidatus Neomicrothrix sp. UBA2127		0
1961372	Candidatus Peribacter sp. UBA2144		0
1953219	Fidelibacterota bacterium UBA2128		0
1953222	Fidelibacterota bacterium UBA2146		0
1946345	Citromicrobium sp. UBA3494		0
1948497	Dehalococcoidia bacterium UBA3495		0
1946179	Candidatus Neomicrothrix sp. UBA3492		0
1950205	Anaerolineales bacterium UBA3499		0
1948387	Alphaproteobacteria bacterium UBA3502		0
1946922	Micavibrio sp. UBA3503		0
1961529	Desulfobacteraceae bacterium UBA2156		0
1948481	Dehalococcoidia bacterium UBA2160		0
1953226	Fidelibacterota bacterium UBA2152		0
1948796	Candidatus Phycocordibacter aenigmaticus		0
1953227	Fidelibacterota bacterium UBA2153		0
1952852	Rhodospirillaceae bacterium UBA2165		0
1948797	Patescibacteria group bacterium UBA2169		0
1961373	Candidatus Peribacter sp. UBA2170		0
1947693	Thioclava sp. UBA3469		0
1948653	Gammaproteobacteria bacterium UBA7451		0
1948217	Proteobacteria bacterium UBA7452		0
1952743	Planctomycetaceae bacterium UBA7453		0
1945971	Alcanivorax sp. UBA1614		0
1946158	Candidatus Neomicrothrix sp. UBA1616		0
1946906	Micavibrio sp. UBA1618		0
1961557	Desulfobulbaceae bacterium UBA5750		0
1946694	Lachnoclostridium sp. UBA5725		0
1947254	Proteiniphilum sp. UBA4084		0
1947999	Firmicutes bacterium UBA4049		0
1953432	bacterium UBP4_UBA4092		0
1961391	Geobacter sp. UBA4050		0
1948000	Firmicutes bacterium UBA4053		0
1948499	Dehalococcoidia bacterium UBA4060		0
1948001	Firmicutes bacterium UBA4061		0
1961534	Desulfobacteraceae bacterium UBA4064		0
1961431	Syntrophaceae bacterium UBA4065		0
1947024	Paludibacter sp. UBA4071		0
1950537	Bacteroidales bacterium UBA4073		0
1961393	Geobacter sp. UBA4074		0
1952887	Spirochaetaceae bacterium UBA4077		0
1951410	Anaerolineaceae bacterium UBA4081		0
1961378	Bdellovibrio sp. UBA4095		0
1950276			0
1953427	bacterium UBP2_UBA5599		0
1950305			0
1952845	Rhodocyclaceae bacterium UBA5602		0
1948314	Caldifarciminota bacterium UBA5631		0
1950306			0
1961554	Desulfobulbaceae bacterium UBA5604		0
1961537	Desulfobacteraceae bacterium UBA5605		0
1961440	Syntrophaceae bacterium UBA5606		0
1961555	Desulfobulbaceae bacterium UBA5611		0
1961441	Syntrophaceae bacterium UBA5612		0
1947586	Sulfuricurvum sp. UBA5598		0
1961538	Desulfobacteraceae bacterium UBA5616		0
1951326	Acholeplasmataceae bacterium UBA5617		0
1948313	Caldifarciminota bacterium UBA5618		0
1951327	Acholeplasmataceae bacterium UBA5635		0
1946041	Aneurinibacillus sp. UBA3580		0
1947971	Firmicutes bacterium UBA3583		0
1946997	Nitrospira sp. UBA7655		0
1946938	Micavibrio sp. UBA7657		0
1946321	Blastocatellia bacterium UBA7656		0
1953143	Bacteroidetes bacterium UBA1952		0
1953321	Candidatus Saccharibacteria bacterium UBA1944		0
1953142	Bacteroidetes bacterium UBA1947		0
1953322	Candidatus Saccharibacteria bacterium UBA1949		0
1950957	Flavobacteriales bacterium UBA1820		0
1952296	Ruminococcaceae bacterium UBA1821		0
1953089	Veillonellaceae bacterium UBA1822		0
357276	Phocaeicola dorei		0
1946507	Faecalibacterium sp. UBA1819		0
1946018	Alistipes sp. UBA943		0
1947012	Odoribacter sp. UBA944		0
1950758	Bacteroidales bacterium UBA932		0
1946710	Lachnoclostridium sp. UBA933		0
1961568	Desulfovibrionaceae bacterium UBA930		0
1947384	Richelia sp. UBA3957		0
1946568	Gemmatimonas sp. UBA7669		0
94255	Runella zeae		0
1946736	Leadbetterella sp. UBA7673		0
1953069	Rhodanobacteraceae bacterium UBA7676		0
1946117	Blastomonas sp. UBA7677		0
1952744	Planctomycetaceae bacterium UBA7678		0
1946559	Flavobacterium sp. UBA7680		0
1946560	Flavobacterium sp. UBA7682		0
1951886	Flavobacteriaceae bacterium UBA7684		0
1947080	Porphyrobacter sp. UBA7686		0
1952883	Saprospiraceae bacterium UBA7687		0
1948445	Alphaproteobacteria bacterium UBA7691		0
1953174	Bacteroidetes bacterium UBA7692		0
1122941	Pedobacter glucosidilyticus		0
1947422	Ruminococcus sp. UBA4240		0
1946515	Faecalitalea sp. UBA4241		0
1950556	Bacteroidales bacterium UBA4243		0
1947721	Treponema sp. UBA4245		0
1961467	Myxococcales bacterium UBA4248		0
1946667	Kandleria sp. UBA4229		0
1950554	Bacteroidales bacterium UBA4231		0
1946847	Megasphaera sp. UBA4233		0
1951239	Rickettsiales bacterium UBA4270		0
1947472	Sphaerochaeta sp. UBA4273		0
1946070	Atopobium sp. UBA4279		0
1952488	Prevotellaceae bacterium UBA4256		0
1952489	Prevotellaceae bacterium UBA4261		0
1946267	Christensenella sp. UBA4263		0
1946848	Megasphaera sp. UBA4264		0
1952080	Lachnospiraceae bacterium UBA4265		0
1951765	Eubacteriaceae bacterium UBA4266		0
1950558	Bacteroidales bacterium UBA4269		0
1947157	Prevotella sp. UBA4296		0
1947725	Treponema sp. UBA4319		0
1946722	Lachnospira sp. UBA4320		0
1952490	Prevotellaceae bacterium UBA4300		0
1947723	Treponema sp. UBA4307		0
1947302	Pseudobutyrivibrio sp. UBA4308		0
1946537	Fibrobacter sp. UBA4309		0
1947424	Ruminococcus sp. UBA4310		0
1947159	Prevotella sp. UBA4337		0
1952087	Lachnospiraceae bacterium UBA4338		0
1950567	Bacteroidales bacterium UBA4331		0
1946481	Eubacterium sp. UBA4340		0
1946482	Eubacterium sp. UBA4343		0
1946724	Lachnospira sp. UBA4346		0
1952497	Prevotellaceae bacterium UBA4359		0
1947429	Ruminococcus sp. UBA4385		0
1952498	Prevotellaceae bacterium UBA4361		0
1952091	Lachnospiraceae bacterium UBA4366		0
1950881	Clostridiales bacterium UBA4367		0
1952092	Lachnospiraceae bacterium UBA4368		0
1952500	Prevotellaceae bacterium UBA4372		0
1946538	Fibrobacter sp. UBA4373		0
1952501	Prevotellaceae bacterium UBA4374		0
1952094	Lachnospiraceae bacterium UBA4380		0
1952050	Lachnospiraceae bacterium UBA3731		0
1946478	Eubacterium sp. UBA3735		0
1946846	Megasphaera sp. UBA3736		0
1947972	Firmicutes bacterium UBA3738		0
1947915	Elusimicrobia bacterium UBA3739		0
1946147	Butyrivibrio sp. UBA3740		0
1947143	Prevotella sp. UBA3713		0
1946532	Fibrobacter sp. UBA3721		0
1950507	Bacteroidales bacterium UBA3727		0
1950496	Bacteroidales bacterium UBA3672		0
1951764	Eubacteriaceae bacterium UBA3695		0
1951456	Atopobiaceae bacterium UBA3698		0
1952576	Porphyromonadaceae bacterium UBA3677		0
1950862	Clostridiales bacterium UBA3678		0
1950497	Bacteroidales bacterium UBA3679		0
1950503	Bacteroidales bacterium UBA3709		0
1952044	Lachnospiraceae bacterium UBA3682		0
1952320	Ruminococcaceae bacterium UBA3710		0
1950499	Bacteroidales bacterium UBA3684		0
1946661	Kandleria sp. UBA3685		0
1952046	Lachnospiraceae bacterium UBA3689		0
1947140	Prevotella sp. UBA3674		0
28051	Lachnospira multipara		0
1952049	Lachnospiraceae bacterium UBA3711		0
1950267			0
1950493	Bacteroidales bacterium UBA3653		0
1950489	Bacteroidales bacterium UBA3623		0
1951455	Atopobiaceae bacterium UBA3639		0
1950861	Clostridiales bacterium UBA3640		0
1947137	Prevotella sp. UBA3625		0
1952035	Lachnospiraceae bacterium UBA3621		0
1946658	Kandleria sp. UBA3622		0
1952037	Lachnospiraceae bacterium UBA3633		0
1948390	Alphaproteobacteria bacterium UBA3635		0
1948391	Alphaproteobacteria bacterium UBA3637		0
1947419	Ruminococcus sp. UBA3800		0
1952059	Lachnospiraceae bacterium UBA3801		0
1946717	Lachnospira sp. UBA3790		0
1947917	Elusimicrobia bacterium UBA3793		0
1950519	Bacteroidales bacterium UBA3794		0
1952058	Lachnospiraceae bacterium UBA3795		0
1950513	Bacteroidales bacterium UBA3754		0
1946663	Kandleria sp. UBA3744		0
1950510	Bacteroidales bacterium UBA3745		0
1950867	Clostridiales bacterium UBA3746		0
1950508	Bacteroidales bacterium UBA3742		0
1950512	Bacteroidales bacterium UBA3748		0
1952321	Ruminococcaceae bacterium UBA3751		0
1947799	bacterium UBA3756		0
1950868	Clostridiales bacterium UBA3758		0
1953083	Succinivibrionaceae bacterium UBA3769		0
1952054	Lachnospiraceae bacterium UBA3772		0
1952055	Lachnospiraceae bacterium UBA3774		0
1950516	Bacteroidales bacterium UBA3764		0
1947145	Prevotella sp. UBA3765		0
1952485	Prevotellaceae bacterium UBA3779		0
1950517	Bacteroidales bacterium UBA3784		0
1952057	Lachnospiraceae bacterium UBA3785		0
1950526	Bacteroidales bacterium UBA3831		0
1947421	Ruminococcus sp. UBA3855		0
1950870	Clostridiales bacterium UBA3858		0
1950532	Bacteroidales bacterium UBA3860		0
1952070	Lachnospiraceae bacterium UBA3861		0
1950269			0
1948396	Alphaproteobacteria bacterium UBA3864		0
1950533	Bacteroidales bacterium UBA3868		0
1947719	Treponema sp. UBA3870		0
1947149	Prevotella sp. UBA3837		0
1950529	Bacteroidales bacterium UBA3843		0
1947150	Prevotella sp. UBA3846		0
1952324	Ruminococcaceae bacterium UBA3818		0
1952063	Lachnospiraceae bacterium UBA3820		0
1947420	Ruminococcus sp. UBA3827		0
1950524	Bacteroidales bacterium UBA3816		0
1953335	Candidatus Saccharibacteria bacterium UBA3225		0
1950851	Clostridiales bacterium UBA3213		0
1946808	Marinagarivorans sp. UBA5870		0
1961475	Bacteriovoracaceae bacterium UBA1018		0
1948558	Deltaproteobacteria bacterium UBA5799		0
1950216	Anaerolineales bacterium UBA5796		0
1950217	Anaerolineales bacterium UBA5797		0
1947290	Pseudanabaena sp. UBA1465		0
1947588	Sulfurimonas sp. UBA6014		0
1948268	Verrucomicrobia bacterium UBA6015		0
1950410	Bacteroidales bacterium UBA1458		0
1948845	Patescibacteria group bacterium UBA6164		0
1952881	Saprospiraceae bacterium UBA6168		0
1951258	Sphingomonadales bacterium UBA6171		0
1952738	Planctomycetaceae bacterium UBA6172		0
1948635	Gammaproteobacteria bacterium UBA6173		0
1951749	Erysipelotrichaceae bacterium UBA6182		0
1953166	Bacteroidetes bacterium UBA6183		0
1948417	Alphaproteobacteria bacterium UBA6187		0
1953306	Candidatus Pacebacteria bacterium UBA6188		0
1946928	Micavibrio sp. UBA6145		0
1952197	Legionellaceae bacterium UBA6148		0
1951329	Acholeplasmataceae bacterium UBA6150		0
1952248	Microbacteriaceae bacterium UBA6152		0
1950669	Bacteroidales bacterium UBA6192		0
1948087	Firmicutes bacterium UBA6113		0
1952719	Peptococcaceae bacterium UBA6116		0
1950668	Bacteroidales bacterium UBA6117		0
1953212	Candidatus Hydrogenedentes bacterium UBA6118		0
1947838	Chloroflexi bacterium UBA6077		0
1952962	Propionibacteriaceae bacterium UBA6122		0
1953419	bacterium UBP16_UBA6123		0
1961408	Desulfovibrio sp. UBA6079		0
1948844	Patescibacteria group bacterium UBA6130		0
1952924	Synergistaceae bacterium UBA6083		0
1950667	Bacteroidales bacterium UBA6088		0
1946860	Mesotoga sp. UBA6090		0
1953196	Candidatus Aminicenantes bacterium UBA6072		0
1950219	Anaerolineales bacterium UBA6092		0
1961380	Pelobacter sp. UBA6093		0
1951437	Anaerolineaceae bacterium UBA6073		0
1953417	bacterium UBP14_UBA6098		0
1953418	bacterium UBP15_UBA6099		0
1950666	Bacteroidales bacterium UBA6074		0
1961398	Geobacter sp. UBA6108		0
1951588	Clostridiaceae bacterium UBA6110		0
1951441	Anaerolineaceae bacterium UBA6133		0
1947396	Roseovarius sp. UBA6217		0
1948848	Patescibacteria group bacterium UBA6220		0
1953167	Bacteroidetes bacterium UBA6221		0
1951540	Caulobacteraceae bacterium UBA6225		0
1948091	Firmicutes bacterium UBA6226		0
1953197	Candidatus Aminicenantes bacterium UBA6228		0
1951864	Flavobacteriaceae bacterium UBA6231		0
1952964	Propionibacteriaceae bacterium UBA6238		0
1951049	Flavobacteriales bacterium UBA6196		0
1952898	Spirochaetaceae bacterium UBA6243		0
1950672	Bacteroidales bacterium UBA6244		0
1741	Thermodesulfobacterium commune		0
1947288	Proteiniphilum sp. UBA6247		0
1950673	Bacteroidales bacterium UBA6248		0
1950674	Bacteroidales bacterium UBA6254		0
1961454	Syntrophaceae bacterium UBA6255		0
1961492	Bacteriovoracaceae bacterium UBA6261		0
1947608	Sulfurovum sp. UBA6199		0
1948851	Patescibacteria group bacterium UBA6263		0
1948852	Patescibacteria group bacterium UBA6264		0
1947690	Thiobacillus sp. UBA6205		0
1948573	Epsilonproteobacteria bacterium UBA6211		0
1946930	Micavibrio sp. UBA6212		0
1952811	Rhodobacteraceae bacterium UBA6213		0
1953268	Candidatus Omnitrophica bacterium UBA6215		0
1946525	Fervidobacterium sp. UBA6216		0
1950438	Bacteroidales bacterium UBA2198		0
1950191	Anaerolineales bacterium UBA2200		0
1951135	Holophagales bacterium UBA2201		0
1951404	Anaerolineaceae bacterium UBA2178		0
1952836	Rhodocyclaceae bacterium UBA2179		0
1961425	Syntrophaceae bacterium UBA2210		0
1948800	Patescibacteria group bacterium UBA2211		0
1947602	Sulfurovum sp. UBA2215		0
1953408	bacterium UBP1_UBA2172		0
1948540	Deltaproteobacteria bacterium UBA2221		0
1953394	Candidatus Dojkabacteria bacterium UBA2222		0
1950190	Anaerolineales bacterium UBA2181		0
1951570	Clostridiaceae bacterium UBA2223		0
1953422	bacterium UBP2_UBA2226		0
1953179	Caldiserica bacterium UBA2182		0
1950437	Bacteroidales bacterium UBA2183		0
1947911	Elusimicrobia bacterium UBA2231		0
1947585	Sulfuricurvum sp. UBA2173		0
1947762	Trichococcus sp. UBA802		0
1947092	Prevotella sp. UBA2455		0
1952465	Prevotellaceae bacterium UBA2458		0
1948151	Proteobacteria bacterium UBA2462		0
1951165	Micrococcales bacterium UBA2465		0
1951146	Legionellales bacterium UBA2469		0
1950252			0
1947091	Prevotella sp. UBA2452		0
1951334	Acidaminococcaceae bacterium UBA2453		0
1950445	Bacteroidales bacterium UBA2454		0
1947090	Prevotella sp. UBA2447		0
1952543	Porphyromonadaceae bacterium UBA2751		0
1947107	Prevotella sp. UBA2746		0
1950454	Bacteroidales bacterium UBA2748		0
1947105	Prevotella sp. UBA2743		0
1952470	Prevotellaceae bacterium UBA2744		0
1947102	Prevotella sp. UBA2739		0
1947114	Prevotella sp. UBA2762		0
1950456	Bacteroidales bacterium UBA2764		0
1952474	Prevotellaceae bacterium UBA2760		0
1947095	Prevotella sp. UBA2711		0
1952466	Prevotellaceae bacterium UBA2713		0
1950449	Bacteroidales bacterium UBA2714		0
1952540	Porphyromonadaceae bacterium UBA2715		0
1948370	Alphaproteobacteria bacterium UBA2723		0
1951521	Bifidobacteriaceae bacterium UBA2724		0
1947097	Prevotella sp. UBA2726		0
1946079	Atopobium sp. UBA7748		0
1947820	bacterium UBA7751		0
1946080	Atopobium sp. UBA7756		0
1947822	bacterium UBA7760		0
1946856	Megasphaera sp. UBA7761		0
1947900	Cyanobacteria bacterium UBA7768		0
1947235	Prevotella sp. UBA7770		0
1952183	Lachnospiraceae bacterium UBA7763		0
1947237	Prevotella sp. UBA7779		0
1952187	Lachnospiraceae bacterium UBA7780		0
1952189	Lachnospiraceae bacterium UBA7784		0
1947240	Prevotella sp. UBA7787		0
1950757	Bacteroidales bacterium UBA7789		0
1952700	Porphyromonadaceae bacterium UBA7732		0
1947898	Cyanobacteria bacterium UBA7733		0
1951476	Atopobiaceae bacterium UBA7734		0
1947468	Solobacterium sp. UBA7737		0
1950935	Clostridiales bacterium UBA7739		0
1952159	Lachnospiraceae bacterium UBA7255		0
1948644	Gammaproteobacteria bacterium UBA7256		0
1952164	Lachnospiraceae bacterium UBA7279		0
1952165	Lachnospiraceae bacterium UBA7287		0
1946706	Lachnoclostridium sp. UBA7290		0
1946076	Atopobium sp. UBA7291		0
1952166	Lachnospiraceae bacterium UBA7292		0
1952167	Lachnospiraceae bacterium UBA7294		0
1947577	Succinatimonas sp. UBA7281		0
1948645	Gammaproteobacteria bacterium UBA7266		0
1948154	Proteobacteria bacterium UBA2646		0
1951168	Micrococcales bacterium UBA2649		0
1947077	Polynucleobacter sp. UBA2650		0
1961509	Bdellovibrionaceae bacterium UBA2651		0
1946610	Hylemonella sp. UBA2652		0
1951600	Comamonadaceae bacterium UBA2237		0
1950769	Burkholderiales bacterium UBA2238		0
1951095	Gallionellales bacterium UBA7399		0
1948346	Actinobacteria bacterium UBA7398		0
1951340	Acidimicrobiaceae bacterium UBA668		0
1948306	Caldifarciminota bacterium UBA1063		0
1947932	Firmicutes bacterium UBA1065		0
1953190	Candidatus Aminicenantes bacterium UBA1061		0
1951970	Lachnospiraceae bacterium UBA1066		0
1961415	Syntrophaceae bacterium UBA1062		0
1946052	Arcobacter sp. UBA7394		0
1950873	Clostridiales bacterium UBA4039		0
1952800	Rhodobacteraceae bacterium UBA2553		0
1948685	Ignavibacteria bacterium UBA6688		0
1951949	Hyphomonadaceae bacterium UBA4763		0
1947532	Sphingomonas sp. UBA4766		0
1947534	Sphingomonas sp. UBA5191		0
1948083	Firmicutes bacterium UBA5832		0
1950655	Bacteroidales bacterium UBA5833		0
1947869	Cloacimonetes bacterium UBA5835		0
1946859	Mesotoga sp. UBA5847		0
1948085	Firmicutes bacterium UBA5857		0
1952891	Spirochaetaceae bacterium UBA5547		0
1952916	Synergistaceae bacterium UBA5549		0
1948759	Spirochaetia bacterium UBA5550		0
1952917	Synergistaceae bacterium UBA5551		0
1946012	Alistipes sp. UBA6068		0
1950720	Bacteroidales bacterium UBA6983		0
1947893	Cyanobacteria bacterium UBA6984		0
1952117	Lachnospiraceae bacterium UBA6986		0
1952118	Lachnospiraceae bacterium UBA6987		0
1946670	Kandleria sp. UBA6973		0
1946291	Christensenella sp. UBA6989		0
1946484	Eubacterium sp. UBA6991		0
1947200	Prevotella sp. UBA6975		0
1950719	Bacteroidales bacterium UBA6978		0
1947201	Prevotella sp. UBA6994		0
1950723	Bacteroidales bacterium UBA7009		0
1950921	Clostridiales bacterium UBA7011		0
1952119	Lachnospiraceae bacterium UBA6998		0
1950920	Clostridiales bacterium UBA7001		0
1952121	Lachnospiraceae bacterium UBA7015		0
1952523	Prevotellaceae bacterium UBA6995		0
1946540	Fibrobacter sp. UBA7003		0
1950722	Bacteroidales bacterium UBA7005		0
1951243	Selenomonadales bacterium UBA7018		0
1950343			0
1952122	Lachnospiraceae bacterium UBA7020		0
1952123	Lachnospiraceae bacterium UBA7023		0
1952525	Prevotellaceae bacterium UBA7017		0
1950726	Bacteroidales bacterium UBA7024		0
1946541	Fibrobacter sp. UBA7025		0
1952124	Lachnospiraceae bacterium UBA7026		0
1948463	Betaproteobacteria bacterium UBA7395		0
1948863	Patescibacteria group bacterium UBA7396		0
1961458	Syntrophaceae bacterium UBA7545		0
1946522	Ferrimicrobium sp. UBA6820		0
1947689	Thiobacillus sp. UBA3361		0
1950990	Flavobacteriales bacterium UBA3364		0
1953155	Bacteroidetes bacterium UBA3363		0
1948267	Verrucomicrobia bacterium UBA5540		0
1950647	Bacteroidales bacterium UBA5541		0
1951933	Holosporaceae bacterium UBA5542		0
1953162	Bacteroidetes bacterium UBA5543		0
1947783	Aequorivita sp. UBA5531		0
1948222	Proteobacteria bacterium UBA799		0
1948744	Opitutia bacterium UBA953		0
1953175	Bacteroidetes bacterium UBA955		0
1951091	Flavobacteriales bacterium UBA958		0
1952254	Microbacteriaceae bacterium UBA960		0
1947079	Polynucleobacter sp. UBA962		0
1952255	Microbacteriaceae bacterium UBA963		0
1948225	Proteobacteria bacterium UBA964		0
1953071	Roseiflexaceae bacterium UBA965		0
1948753	Spartobacteria bacterium UBA967		0
1951092	Flavobacteriales bacterium UBA972		0
1946999	Oblitimonas sp. UBA1679		0
544645	Butyricimonas virosa		0
1951977	Lachnospiraceae bacterium UBA1689		0
820	Bacteroides uniformis		0
1946504	Faecalibacterium sp. UBA1697		0
1946651	Intestinimonas sp. UBA1698		0
328812	Parabacteroides goldsteinii		0
1947939	Firmicutes bacterium UBA1702		0
1946415	Dialister sp. UBA1703		0
1947086	Prevotella sp. UBA1705		0
1950826	Clostridiales bacterium UBA1707		0
817	Bacteroides fragilis		0
1952459	Prevotellaceae bacterium UBA1743		0
1950248			0
1950427	Bacteroidales bacterium UBA1745		0
1947703	Treponema sp. UBA1747		0
1951982	Lachnospiraceae bacterium UBA1748		0
1953070	Rikenellaceae bacterium UBA1749		0
1946248	Christensenella sp. UBA1750		0
1951983	Lachnospiraceae bacterium UBA1753		0
1950429	Bacteroidales bacterium UBA1754		0
1951984	Lachnospiraceae bacterium UBA1755		0
1950431	Bacteroidales bacterium UBA1757		0
1951985	Lachnospiraceae bacterium UBA1759		0
1947457	Solobacterium sp. UBA1761		0
1950419	Bacteroidales bacterium UBA1714		0
1952292	Ruminococcaceae bacterium UBA1767		0
1947942	Firmicutes bacterium UBA1768		0
1952456	Prevotellaceae bacterium UBA1716		0
1952293	Ruminococcaceae bacterium UBA1772		0
1946085	Bacteroides sp. UBA1773		0
1950836	Clostridiales bacterium UBA1775		0
1948692	Lentisphaeria bacterium UBA1776		0
1950837	Clostridiales bacterium UBA1777		0
1950838	Clostridiales bacterium UBA1779		0
1951979	Lachnospiraceae bacterium UBA1718		0
1948693	Lentisphaeria bacterium UBA1784		0
1951980	Lachnospiraceae bacterium UBA1721		0
1952294	Ruminococcaceae bacterium UBA1785		0
1952461	Prevotellaceae bacterium UBA1786		0
1948690	Lentisphaeria bacterium UBA1724		0
1952289	Ruminococcaceae bacterium UBA1730		0
1948242	Verrucomicrobia bacterium UBA1731		0
1950424	Bacteroidales bacterium UBA1733		0
1950247			0
1950829	Clostridiales bacterium UBA1740		0
1952291	Ruminococcaceae bacterium UBA1741		0
1947134	Prevotella sp. UBA3294		0
1952481	Prevotellaceae bacterium UBA3296		0
1950480	Bacteroidales bacterium UBA3297		0
1947883	Cyanobacteria bacterium UBA3301		0
1962724	Richelia intracellularis UBA3481		0
1951907	Halieaceae bacterium UBA3479		0
1951830	Flavobacteriaceae bacterium UBA3478		0
1948189	Proteobacteria bacterium UBA5949		0
1948411	Alphaproteobacteria bacterium UBA5951		0
1952828	Rhodobiaceae bacterium UBA5952		0
1951861	Flavobacteriaceae bacterium UBA5954		0
1951862	Flavobacteriaceae bacterium UBA5955		0
1948412	Alphaproteobacteria bacterium UBA5956		0
1952829	Rhodobiaceae bacterium UBA5957		0
216816	Bifidobacterium longum		0
1946065	Atopobium sp. UBA2085		0
1946472	Eubacterium sp. UBA2086		0
1951446	Aquificaceae bacterium UBA2488		0
1947590	Sulfurimonas sp. UBA6792		0
1953207	Candidatus Atribacteria bacterium UBA6794		0
1947591	Sulfurimonas sp. UBA6795		0
1961386	Smithella sp. UBA6798		0
1948098	Firmicutes bacterium UBA6800		0
1951443	Anaerolineaceae bacterium UBA6801		0
1948516	Dehalococcoidia bacterium UBA6803		0
1953247	Fidelibacterota bacterium UBA6817		0
1953002	Oxalobacteraceae bacterium UBA4003		0
1952257	Micrococcaceae bacterium UBA4005		0
68909	Deinococcus geothermalis		0
1953151	Bacteroidetes bacterium UBA2475		0
1948763	Thermoleophilia bacterium UBA2241		0
1952905	Synergistaceae bacterium UBA2244		0
1947470	Sphaerochaeta sp. UBA2246		0
1948484	Dehalococcoidia bacterium UBA2247		0
1952837	Rhodocyclaceae bacterium UBA2250		0
1950440	Bacteroidales bacterium UBA2254		0
1946407	Desulfosporosinus sp. UBA2257		0
1951405	Anaerolineaceae bacterium UBA2260		0
1950444	Bacteroidales bacterium UBA2295		0
1947603	Sulfurovum sp. UBA2297		0
1952838	Rhodocyclaceae bacterium UBA2271		0
1961548	Desulfobulbaceae bacterium UBA2276		0
1953396	Candidatus Dojkabacteria bacterium UBA2278		0
1953383	Candidatus Shapirobacteria bacterium UBA2283		0
1951309	Acholeplasmataceae bacterium UBA2284		0
1961546	Desulfobulbaceae bacterium UBA2270		0
1947950	Firmicutes bacterium UBA2290		0
1953424	bacterium UBP2_UBA2291		0
1947843	Cloacimonetes bacterium UBA2292		0
1950251			0
1961404	Desulfomicrobium sp. UBA5193		0
1950213	Anaerolineales bacterium UBA5195		0
1951421	Anaerolineaceae bacterium UBA5199		0
1952889	Spirochaetaceae bacterium UBA5200		0
1948034	Firmicutes bacterium UBA5201		0
1946753	Leptolinea sp. UBA5203		0
1950604	Bacteroidales bacterium UBA5204		0
1948266	Verrucomicrobia bacterium UBA5207		0
1953401	Candidatus Dojkabacteria bacterium UBA5209		0
1947473	Sphaerochaeta sp. UBA5212		0
1961433	Syntrophaceae bacterium UBA4767		0
1948007	Firmicutes bacterium UBA4798		0
1948129	Planctomycetes bacterium UBA4800		0
1950942	Deferribacterales bacterium UBA4806		0
1950590	Bacteroidales bacterium UBA4772		0
1961438	Syntrophaceae bacterium UBA4810		0
1950209	Anaerolineales bacterium UBA4811		0
1952946	Prolixibacteraceae bacterium UBA4818		0
1951574	Clostridiaceae bacterium UBA4819		0
1953195	Candidatus Aminicenantes bacterium UBA4820		0
1950892	Clostridiales bacterium UBA4821		0
1953181	Caldiserica bacterium UBA4822		0
1948005	Firmicutes bacterium UBA4774		0
1951411	Anaerolineaceae bacterium UBA4775		0
1961434	Syntrophaceae bacterium UBA4778		0
1951412	Anaerolineaceae bacterium UBA4781		0
1953410	bacterium UBP1_UBA4783		0
1951413	Anaerolineaceae bacterium UBA4784		0
1961536	Desulfobacteraceae bacterium UBA4769		0
1950591	Bacteroidales bacterium UBA4788		0
1961412	Desulfatitalea sp. UBA4791		0
1948820	Patescibacteria group bacterium UBA4792		0
1961435	Syntrophaceae bacterium UBA4793		0
1952909	Synergistaceae bacterium UBA4794		0
1947394	Roseovarius sp. UBA3070		0
1950203	Anaerolineales bacterium UBA3071		0
1948309	Caldifarciminota bacterium UBA3072		0
1948310	Caldifarciminota bacterium UBA3073		0
1947349	Psychrobacter sp. UBA3068		0
1951231	Rhodobacterales bacterium UBA3080		0
1953397	Candidatus Dojkabacteria bacterium UBA3081		0
1961480	Bacteriovoracaceae bacterium UBA3083		0
1953122	Candidatus Oleimmundimicrobium americanum		0
1952802	Rhodobacteraceae bacterium UBA3069		0
1952803	Rhodobacteraceae bacterium UBA3087		0
1948495	Dehalococcoidia bacterium UBA3088		0
1948317	Acidimicrobiia bacterium UBA2766		0
1948805	Patescibacteria group bacterium UBA2773		0
1961549	Desulfobulbaceae bacterium UBA2775		0
300	Ectopseudomonas mendocina		0
1952263	Moraxellaceae bacterium UBA2031		0
1946681	Labrenzia sp. UBA4493		0
1946631	Hyphomonas sp. UBA4494		0
1953057	Parvularculaceae bacterium UBA4496		0
1953014	Thiotrichaceae bacterium UBA4486		0
1946822	Marinobacter sp. UBA4489		0
1946748	Leisingera sp. UBA4491		0
1952858	Rhodospirillaceae bacterium UBA4492		0
1948175	Proteobacteria bacterium UBA4498		0
1946902	Methylophilus sp. UBA6697		0
1946864	Methylobacter sp. UBA6712		0
359408	Methylotenera mobilis		0
1951772	Flammeovirgaceae bacterium UBA2019		0
1952940	Verrucomicrobiaceae bacterium UBA2021		0
1953392	Candidatus Dojkabacteria bacterium UBA2022		0
1948788	Patescibacteria group bacterium UBA2023		0
1946341	Chthonomonas sp. UBA5591		0
1951563	Chitinophagaceae bacterium UBA5593		0
1951787	Flammeovirgaceae bacterium UBA5585		0
1950765	Bacteroidetes bacterium UBA5586		0
1952941	Verrucomicrobiaceae bacterium UBA2335		0
1951774	Flammeovirgaceae bacterium UBA2336		0
1953264	Candidatus Multiplicimicrobium inquinatum		0
1950975	Flavobacteriales bacterium UBA2343		0
1948666	Candidatus Tepidiaquacellales bacterium UBA2330		0
1953328	Candidatus Saccharibacteria bacterium UBA2413		0
1946124	Brevundimonas sp. UBA2416		0
1953329	Candidatus Saccharibacteria bacterium UBA2420		0
1951194	Phycisphaerales bacterium UBA2421		0
1946338	Chthonomonas sp. UBA2424		0
1946336	Chthonomonas sp. UBA2399		0
1952873	Saprospiraceae bacterium UBA2401		0
1948149	Proteobacteria bacterium UBA2404		0
1953149	Bacteroidetes bacterium UBA2397		0
1953147	Bacteroidetes bacterium UBA2347		0
1952867	Saprospiraceae bacterium UBA2348		0
1952840	Rhodocyclaceae bacterium UBA2357		0
1950763	Bacteroidetes bacterium UBA2364		0
1951255	Sphingomonadales bacterium UBA2369		0
1948671	Ignavibacteria bacterium UBA2373		0
1946334	Chthonomonas sp. UBA2387		0
1946123	Brevundimonas sp. UBA2388		0
1948670	Ignavibacteria bacterium UBA2360		0
1951948	Hyphomonadaceae bacterium UBA2389		0
1953284	Candidatus Gottesmanbacteria bacterium UBA2393		0
1948541	Deltaproteobacteria bacterium UBA2361		0
1946333	Chthonomonas sp. UBA2362		0
1961478	Bacteriovoracaceae bacterium UBA2394		0
1948665	Ignavibacteria bacterium UBA2324		0
1946329	Chthonomonas sp. UBA2325		0
1961505	Bdellovibrionaceae bacterium UBA2316		0
1946177	Candidatus Neomicrothrix sp. UBA3165		0
1951196	Phycisphaerales bacterium UBA3158		0
1951197	Phycisphaerales bacterium UBA3160		0
1946058	Arsukibacterium sp. UBA3155		0
1946641	Idiomarina sp. UBA3162		0
1948328	Actinobacteria bacterium UBA2641		0
1947674	Thalassospira sp. UBA2642		0
1946171	Candidatus Neomicrothrix sp. UBA2634		0
1946172	Candidatus Neomicrothrix sp. UBA2635		0
1950789	Cellvibrionales bacterium UBA2618		0
1950979	Flavobacteriales bacterium UBA2617		0
1946916	Micavibrio sp. UBA2621		0
1951963	Kordiimonadaceae bacterium UBA2615		0
1952204	Leptospiraceae bacterium UBA4148		0
1951964	Kordiimonadaceae bacterium UBA4149		0
1945987	Alcanivorax sp. UBA4152		0
1945986	Alcanivorax sp. UBA4150		0
1946182	Candidatus Neomicrothrix sp. UBA3507		0
1946759	Limnobacter sp. UBA3510		0
1951114	Gemmatimonadales bacterium UBA3511		0
1948498	Dehalococcoidia bacterium UBA3509		0
1953237	Fidelibacterota bacterium UBA5677		0
1948185	Proteobacteria bacterium UBA5680		0
1952861	Rhodospirillaceae bacterium UBA5685		0
1946746	Leeuwenhoekiella sp. UBA4164		0
1951842	Flavobacteriaceae bacterium UBA4167		0
2028569	Candidatus Atelocyanobacterium thalassa UBA4158		0
1948814	Patescibacteria group bacterium UBA3531		0
1951756	Erythrobacteraceae bacterium UBA3525		0
1961513	Bdellovibrionaceae bacterium UBA3535		0
1946160	Candidatus Neomicrothrix sp. UBA1665		0
1951184	Phycisphaerales bacterium UBA1668		0
1952729	Planctomycetaceae bacterium UBA1669		0
1946161	Candidatus Neomicrothrix sp. UBA1676		0
1948477	Dehalococcoidia bacterium UBA1657		0
1951803	Flavobacteriaceae bacterium UBA1658		0
1952769	Pseudomonadaceae bacterium UBA1659		0
1961462	Myxococcales bacterium UBA1660		0
1948126	Planctomycetes bacterium UBA1662		0
1946943	Microbacterium sp. UBA1663		0
1948791	Patescibacteria group bacterium UBA2105		0
1950972	Flavobacteriales bacterium UBA2108		0
1947291	Pseudoalteromonas sp. UBA2102		0
1947660	Thalassolituus sp. UBA2109		0
1946648	Idiomarina sp. UBA5185		0
1953216	Fidelibacterota bacterium UBA1611		0
1951873	Flavobacteriaceae bacterium UBA724		0
1952206	Leptospiraceae bacterium UBA726		0
1961410	Desulfovibrio sp. UBA728		0
1948212	Proteobacteria bacterium UBA729		0
1950946	Flavobacteriales bacterium UBA1112		0
1952200	Leptospiraceae bacterium UBA1091		0
1945967	Alcanivorax sp. UBA1092		0
1951482	Balneolaceae bacterium UBA1093		0
1947540	Spirochaeta sp. UBA1101		0
1951379	Alteromonadaceae bacterium UBA1089		0
1947651	Thalassolituus sp. UBA1087		0
1951099	Gemmatimonadales bacterium UBA1120		0
1951541	Cellvibrionaceae bacterium UBA1124		0
1952987	Oceanospirillaceae bacterium UBA1126		0
1950947	Flavobacteriales bacterium UBA1128		0
1951517	Balneolaceae bacterium UBA5722		0
1947366	Pusillimonas sp. UBA2680		0
1951492	Balneolaceae bacterium UBA2676		0
77608	Pseudoalteromonas distincta		0
1946621	Hyphomonas sp. UBA2691		0
1946817	Marinobacter sp. UBA2698		0
1951491	Balneolaceae bacterium UBA2670		0
1953152	Bacteroidetes bacterium UBA2664		0
1952853	Rhodospirillaceae bacterium UBA2667		0
1946874	Methylophaga sp. UBA2659		0
1946818	Marinobacter sp. UBA3182		0
1947774	Aequorivita sp. UBA3185		0
1945981	Alcanivorax sp. UBA3194		0
1951826	Flavobacteriaceae bacterium UBA3200		0
1951500	Balneolaceae bacterium UBA3202		0
1947785	Winogradskyella sp. UBA3174		0
1946053	Arenibacter sp. UBA3178		0
1947772	Aequorivita sp. UBA3101		0
1951903	Halieaceae bacterium UBA3099		0
1946889	Methylophaga sp. UBA3618		0
1951834	Flavobacteriaceae bacterium UBA3611		0
60137	Sulfitobacter pontiacus		0
1947368	Pusillimonas sp. UBA3615		0
1951538	Caulobacteraceae bacterium UBA3608		0
1951757	Erythrobacteraceae bacterium UBA3609		0
1946820	Marinobacter sp. UBA3607		0
1946886	Methylophaga sp. UBA3595		0
1951503	Balneolaceae bacterium UBA3598		0
1946624	Hyphomonas sp. UBA3592		0
1951501	Balneolaceae bacterium UBA3590		0
1947006	Sulfitobacter sp. UBA3587		0
1951223	Rhizobiales bacterium UBA4210		0
1946061	Arsukibacterium sp. UBA4212		0
1951506	Balneolaceae bacterium UBA4214		0
1946900	Methylophaga sp. UBA5113		0
1951510	Balneolaceae bacterium UBA5060		0
1953077	Sinobacteraceae bacterium UBA5061		0
1947371	Pusillimonas sp. UBA5062		0
1952245	Microbacteriaceae bacterium UBA5056		0
1946896	Methylophaga sp. UBA5057		0
1948405	Alphaproteobacteria bacterium UBA5058		0
1952736	Planctomycetaceae bacterium UBA5059		0
1946897	Methylophaga sp. UBA5063		0
1953081	Spongiibacteraceae bacterium UBA5047		0
1946062	Arsukibacterium sp. UBA5043		0
1951917	Halieaceae bacterium UBA5055		0
1951030	Flavobacteriales bacterium UBA5051		0
1946992	Nitrospira sp. UBA6488		0
1946993	Nitrospira sp. UBA6493		0
1946979	Nitrosomonas sp. UBA6494		0
1948202	Proteobacteria bacterium UBA6900		0
1952985	Nitrospiraceae bacterium UBA6907		0
1948204	Proteobacteria bacterium UBA6903		0
1952982	Nitrospiraceae bacterium UBA6898		0
1948208	Proteobacteria bacterium UBA6916		0
1948210	Proteobacteria bacterium UBA6920		0
1947691	Thiobacillus sp. UBA6918		0
1948205	Proteobacteria bacterium UBA6908		0
1948321	Acidimicrobiia bacterium UBA6912		0
1946228	Candidatus Ruthia sp. UBA2552		0
1950212	Anaerolineales bacterium UBA5069		0
41950	Candidatus Neomicrothrix parvicella		0
1946575	Gordonia sp. UBA5067		0
1951137	Holophagales bacterium UBA5066		0
1948677	Ignavibacteria bacterium UBA5521		0
1951035	Flavobacteriales bacterium UBA5520		0
1948631	Gammaproteobacteria bacterium UBA5522		0
1948630	Gammaproteobacteria bacterium UBA5518		0
1951034	Flavobacteriales bacterium UBA5519		0
1948626	Gammaproteobacteria bacterium UBA5014		0
1951623	Competibacteraceae bacterium UBA5015		0
1946402	Dechloromonas sp. UBA5021		0
1952734	Planctomycetaceae bacterium UBA4655		0
1950779	Burkholderiales bacterium UBA4657		0
1948434	Alphaproteobacteria bacterium UBA685		0
1947954	Firmicutes bacterium UBA2560		0
1952757	Porticoccaceae bacterium UBA3433		0
1952805	Rhodobacteraceae bacterium UBA3438		0
1951829	Flavobacteriaceae bacterium UBA3440		0
1948386	Alphaproteobacteria bacterium UBA3447		0
1950995	Flavobacteriales bacterium UBA3442		0
1952752	Porticoccaceae bacterium UBA2039		0
1948367	Alphaproteobacteria bacterium UBA2041		0
1947889	Cyanobacteria bacterium UBA6050		0
1951046	Flavobacteriales bacterium UBA6051		0
1947450	Saccharicrinis sp. UBA6048		0
1951045	Flavobacteriales bacterium UBA6049		0
1952762	Porticoccaceae bacterium UBA5969		0
1951609	Comamonadaceae bacterium UBA5970		0
1948634	Gammaproteobacteria bacterium UBA5973		0
1948345	Actinobacteria bacterium UBA5976		0
1951044	Flavobacteriales bacterium UBA5965		0
1948123	Nitrospirae bacterium UBA7871		0
1947818	bacterium UBA7393		0
1948119	Nitrospirae bacterium UBA4574		0
1951785	Flammeovirgaceae bacterium UBA5008		0
1947658	Thalassolituus sp. UBA2009		0
1946870	Methylophaga sp. UBA2012		0
1946396	Cupriavidus sp. UBA2010		0
1947587	Sulfurimonas sp. UBA2011		0
1952771	Pseudomonadaceae bacterium UBA2007		0
1951813	Flavobacteriaceae bacterium UBA2547		0
1951166	Micrococcales bacterium UBA2544		0
1951811	Flavobacteriaceae bacterium UBA2540		0
1951812	Flavobacteriaceae bacterium UBA2542		0
1952754	Porticoccaceae bacterium UBA2538		0
1948182	Proteobacteria bacterium UBA5662		0
1948184	Proteobacteria bacterium UBA5664		0
1948160	Proteobacteria bacterium UBA3021		0
1953154	Bacteroidetes bacterium UBA3022		0
1952936	Verrucomicrobia subdivision 6 bacterium UBA3015		0
1948333	Actinobacteria bacterium UBA3016		0
1948330	Actinobacteria bacterium UBA3007		0
1950985	Flavobacteriales bacterium UBA3011		0
1948332	Actinobacteria bacterium UBA3012		0
1948157	Proteobacteria bacterium UBA3005		0
1948159	Proteobacteria bacterium UBA3020		0
1948162	Proteobacteria bacterium UBA3113		0
1945921	Acidimicrobium sp. UBA3116		0
1948335	Actinobacteria bacterium UBA3030		0
1948166	Proteobacteria bacterium UBA3412		0
1948608	Gammaproteobacteria bacterium UBA3415		0
1948168	Proteobacteria bacterium UBA3414		0
1948169	Proteobacteria bacterium UBA3416		0
1952808	Rhodobacteraceae bacterium UBA4024		0
1945922	Acidimicrobium sp. UBA4025		0
1951838	Flavobacteriaceae bacterium UBA4022		0
1951835	Flavobacteriaceae bacterium UBA4008		0
1951000	Flavobacteriales bacterium UBA4011		0
1948338	Actinobacteria bacterium UBA4016		0
1948614	Gammaproteobacteria bacterium UBA4018		0
1948172	Proteobacteria bacterium UBA4015		0
664683	Vreelandella titanicae		0
1953213	Fidelibacterota bacterium UBA1134		0
1948124	Planctomycetes bacterium UBA1135		0
1952848	Rhodospirillaceae bacterium UBA1137		0
1948469	Dehalococcoidia bacterium UBA1141		0
1952219	Methylococcaceae bacterium UBA1147		0
1953215	Fidelibacterota bacterium UBA1150		0
1948470	Dehalococcoidia bacterium UBA1151		0
1953280	Candidatus Falkowbacteria bacterium UBA6578		0
1953374	Candidatus Saccharibacteria bacterium UBA6583		0
1951625	Competibacteraceae bacterium UBA6584		0
1948836	Patescibacteria group bacterium UBA5940		0
1953287	Candidatus Gottesmanbacteria bacterium UBA5942		0
1953357	Candidatus Saccharibacteria bacterium UBA5944		0
1953312	Candidatus Saccharibacteria bacterium UBA1022		0
1946974	Neorhizobium sp. UBA5916		0
1953292	Candidatus Gottesmanbacteria bacterium UBA927		0
1948869	Patescibacteria group bacterium UBA921		0
1953295	Candidatus Magasanikbacteria bacterium UBA922		0
1948870	Patescibacteria group bacterium UBA924		0
1953281	Candidatus Falkowbacteria bacterium UBA917		0
1953333	Candidatus Saccharibacteria bacterium UBA2952		0
1953286	Candidatus Gottesmanbacteria bacterium UBA2953		0
1948105	Firmicutes bacterium UBA7523		0
1961456	Syntrophaceae bacterium UBA7520		0
1953421	bacterium UBP18_UBA7526		0
1948564	Deltaproteobacteria bacterium UBA7527		0
1953101	Acetothermia bacterium UBA7521		0
1951339	Acidimicrobiaceae bacterium UBA2093		0
1952231	Methylocystaceae bacterium UBA2095		0
1948749	Spartobacteria bacterium UBA5019		0
1946731	Lactobacillus sp. UBA5815		0
1946730	Lactobacillus sp. UBA5814		0
1952194	Lactobacillaceae bacterium UBA5810		0
1946728	Lactobacillus sp. UBA5804		0
1952192	Lactobacillaceae bacterium UBA5802		0
1951645	Eggerthellaceae bacterium UBA5803		0
1947768	Vibrio sp. UBA2437		0
1947769	Vibrio sp. UBA2441		0
1948571	Epsilonproteobacteria bacterium UBA2440		0
1946998	Oblitimonas sp. UBA1343		0
1948568	Epsilonproteobacteria bacterium UBA1344		0
1948569	Epsilonproteobacteria bacterium UBA1345		0
1950817	Clostridiales bacterium UBA1346		0
1946044	Arcobacter sp. UBA1348		0
1951213	Rhizobiales bacterium UBA1349		0
1950540	Bacteroidales bacterium UBA4173		0
1947849	Cloacimonetes bacterium UBA4177		0
1950543	Bacteroidales bacterium UBA4178		0
477666	Bacteroides graminisolvens		0
1950545	Bacteroidales bacterium UBA4181		0
1950548	Bacteroidales bacterium UBA4187		0
1950549	Bacteroidales bacterium UBA4188		0
1947844	Cloacimonetes bacterium UBA3538		0
1947845	Cloacimonetes bacterium UBA3541		0
1946981	Nitrospina sp. UBA6737		0
1951527	Brucellaceae bacterium UBA6738		0
1948639	Gammaproteobacteria bacterium UBA6733		0
546	Citrobacter freundii		0
1951055	Flavobacteriales bacterium UBA6736		0
1951054	Flavobacteriales bacterium UBA6726		0
1947538	Sphingopyxis sp. UBA6723		0
1947808	bacterium UBA5577		0
1953317	Candidatus Saccharibacteria bacterium UBA1594		0
1953161	Bacteroidetes bacterium UBA4416		0
1951560	Chitinophagaceae bacterium UBA4413		0
1961384	Smithella sp. UBA5724		0
1948556	Deltaproteobacteria bacterium UBA5756		0
1947597	Sulfurospirillum sp. UBA5727		0
1961446	Syntrophaceae bacterium UBA5761		0
1948760	Spirochaetia bacterium UBA5763		0
1952895	Spirochaetaceae bacterium UBA5765		0
1952717	Peptococcaceae bacterium UBA5767		0
1946413	Desulfosporosinus sp. UBA5775		0
1953266	Candidatus Omnitrophica bacterium UBA5776		0
1950308			0
1961397	Geobacter sp. UBA5735		0
1950651	Bacteroidales bacterium UBA5737		0
1948834	Patescibacteria group bacterium UBA5738		0
1952947	Prolixibacteraceae bacterium UBA5740		0
1952586	Porphyromonadaceae bacterium UBA5907		0
1948086	Firmicutes bacterium UBA5911		0
1950311			0
1950660	Bacteroidales bacterium UBA5882		0
1952585	Porphyromonadaceae bacterium UBA5887		0
1950904	Clostridiales bacterium UBA5888		0
1946695	Lachnoclostridium sp. UBA5890		0
1946281	Christensenella sp. UBA5893		0
1946853	Megasphaera sp. UBA5897		0
1950310			0
1952506	Prevotellaceae bacterium UBA5903		0
1952409	Ruminococcaceae bacterium UBA5904		0
1947926			0
1948278	Verrucomicrobia bacterium UBA6441		0
1952592	Porphyromonadaceae bacterium UBA6443		0
1947190	Prevotella sp. UBA6447		0
1947187	Prevotella sp. UBA6429		0
1946101	Bifidobacterium sp. UBA6425		0
1946855	Megasphaera sp. UBA6440		0
1950698	Bacteroidales bacterium UBA6428		0
1952110	Lachnospiraceae bacterium UBA6403		0
1948276	Verrucomicrobia bacterium UBA6404		0
1952414	Ruminococcaceae bacterium UBA6413		0
1952510	Prevotellaceae bacterium UBA6398		0
1948094	Firmicutes bacterium UBA6418		0
1946286	Christensenella sp. UBA6420		0
1947186	Prevotella sp. UBA6421		0
1946854	Megasphaera sp. UBA6424		0
1952508	Prevotellaceae bacterium UBA6382		0
1950688	Bacteroidales bacterium UBA6384		0
1952509	Prevotellaceae bacterium UBA6385		0
1950912	Clostridiales bacterium UBA6386		0
1947182	Prevotella sp. UBA6387		0
1950323			0
1950689	Bacteroidales bacterium UBA6391		0
1950687	Bacteroidales bacterium UBA6377		0
1950690	Bacteroidales bacterium UBA6394		0
1947180	Prevotella sp. UBA6381		0
1947741	Treponema sp. UBA6367		0
1952971	Oscillospiraceae bacterium UBA6370		0
1950321			0
1948424	Alphaproteobacteria bacterium UBA6372		0
1951273	Spirochaetales bacterium UBA6368		0
1948423	Alphaproteobacteria bacterium UBA6358		0
1952411	Ruminococcaceae bacterium UBA6353		0
1948274	Verrucomicrobia bacterium UBA6354		0
1952412	Ruminococcaceae bacterium UBA6364		0
1950680	Bacteroidales bacterium UBA6342		0
1950682	Bacteroidales bacterium UBA6346		0
1948422	Alphaproteobacteria bacterium UBA6349		0
1947738	Treponema sp. UBA6337		0
1950318			0
1952588	Porphyromonadaceae bacterium UBA6329		0
1950910	Clostridiales bacterium UBA6330		0
1950317			0
1950676	Bacteroidales bacterium UBA6333		0
1951277	Spirochaetales bacterium UBA6482		0
1946288	Christensenella sp. UBA6486		0
1952594	Porphyromonadaceae bacterium UBA6478		0
1946287	Christensenella sp. UBA6462		0
1950703	Bacteroidales bacterium UBA6457		0
1950331			0
1947192	Prevotella sp. UBA6466		0
1948427	Alphaproteobacteria bacterium UBA6467		0
1950332			0
1948429	Alphaproteobacteria bacterium UBA6477		0
1951281	Spirochaetales bacterium UBA6847		0
1950711	Bacteroidales bacterium UBA6843		0
1952597	Porphyromonadaceae bacterium UBA6853		0
1952423	Ruminococcaceae bacterium UBA6856		0
1948436	Alphaproteobacteria bacterium UBA6868		0
1946108	Bifidobacterium sp. UBA6869		0
1951282	Spirochaetales bacterium UBA6872		0
1952601	Porphyromonadaceae bacterium UBA6876		0
1950717	Bacteroidales bacterium UBA6885		0
1950718	Bacteroidales bacterium UBA6887		0
1948287	Verrucomicrobia bacterium UBA6888		0
1946110	Bifidobacterium sp. UBA6889		0
1950708	Bacteroidales bacterium UBA6833		0
1946105	Bifidobacterium sp. UBA6835		0
1947196	Prevotella sp. UBA6836		0
1948284	Verrucomicrobia bacterium UBA6838		0
1946106	Bifidobacterium sp. UBA6839		0
1951280	Spirochaetales bacterium UBA6840		0
1950710	Bacteroidales bacterium UBA6841		0
1950743	Bacteroidales bacterium UBA7587		0
1952172	Lachnospiraceae bacterium UBA7598		0
1947223	Prevotella sp. UBA7592		0
1948444	Alphaproteobacteria bacterium UBA7577		0
1952170	Lachnospiraceae bacterium UBA7575		0
1948291	Verrucomicrobia bacterium UBA7550		0
1950736	Bacteroidales bacterium UBA7553		0
1952694	Porphyromonadaceae bacterium UBA7546		0
1950734	Bacteroidales bacterium UBA7547		0
1950354			0
1950353			0
1950739	Bacteroidales bacterium UBA7566		0
1947748	Treponema sp. UBA7567		0
1950740	Bacteroidales bacterium UBA7569		0
1952695	Porphyromonadaceae bacterium UBA7555		0
1952533	Prevotellaceae bacterium UBA7561		0
1952454	Prevotellaceae bacterium UBA1633		0
1947701	Treponema sp. UBA1634		0
1947702	Treponema sp. UBA1635		0
1947902	Cyanobacteria bacterium UBA791		0
1948239	Verrucomicrobia bacterium UBA1620		0
1952535	Prevotellaceae bacterium UBA766		0
1950749	Bacteroidales bacterium UBA769		0
1951286	Spirochaetales bacterium UBA772		0
1952536	Prevotellaceae bacterium UBA776		0
1950360			0
1947218	Prevotella sp. UBA752		0
1947746	Treponema sp. UBA750		0
1950745	Bacteroidales bacterium UBA760		0
1950735	Bacteroidales bacterium UBA755		0
1952973	Oscillospiraceae bacterium UBA757		0
1947214	Prevotella sp. UBA730		0
1950346			0
1950930	Clostridiales bacterium UBA735		0
1946707	Lachnoclostridium sp. UBA739		0
1948290	Verrucomicrobia bacterium UBA740		0
1950733	Bacteroidales bacterium UBA747		0
1946111	Bifidobacterium sp. UBA741		0
1950932	Clostridiales bacterium UBA749		0
1950348			0
1948230	Verrucomicrobia bacterium UBA1105		0
1950375	Bacteroidales bacterium UBA1107		0
1947082	Prevotella sp. UBA1102		0
1952097	Lachnospiraceae bacterium UBA4631		0
1946097	Bifidobacterium sp. UBA4633		0
1951268	Spirochaetales bacterium UBA4634		0
1947802	bacterium UBA4637		0
1948697	Lentisphaeria bacterium UBA4640		0
1947164	Prevotella sp. UBA4643		0
1950583	Bacteroidales bacterium UBA4649		0
1946273	Christensenella sp. UBA4651		0
1950372	Bacteroidales bacterium UBA1071		0
1948227	Verrucomicrobia bacterium UBA1067		0
1952450	Prevotellaceae bacterium UBA1075		0
1950374	Bacteroidales bacterium UBA1077		0
1950232			0
1947735	Treponema sp. UBA5919		0
1946307	Christensenella sp. UBA7868		0
1951288	Spirochaetales bacterium UBA7869		0
1952098	Lachnospiraceae bacterium UBA4711		0
1950585	Bacteroidales bacterium UBA4676		0
1947612	Sutterella sp. UBA4713		0
1947733	Treponema sp. UBA4715		0
1950890	Clostridiales bacterium UBA4716		0
1952503	Prevotellaceae bacterium UBA4677		0
1951269	Spirochaetales bacterium UBA4673		0
1950285			0
1950887	Clostridiales bacterium UBA4698		0
1948728	Opitutia bacterium UBA4700		0
1950888	Clostridiales bacterium UBA4701		0
853	Faecalibacterium prausnitzii		0
1948403	Alphaproteobacteria bacterium UBA4704		0
1947165	Prevotella sp. UBA4707		0
1951555	Chitinophagaceae bacterium UBA3961		0
1946571	Glaciecola sp. UBA2563		0
1961406	Desulfovibrio sp. UBA2564		0
1948368	Alphaproteobacteria bacterium UBA2562		0
1947876	Cyanobacteria bacterium UBA2566		0
1953198	Candidatus Aminicenantes bacterium UBA647		0
1946217	Candidatus Neomicrothrix sp. UBA7903		0
1948163	Proteobacteria bacterium UBA3123		0
470	Acinetobacter baumannii		0
1953260	Candidatus Omnitrophica bacterium UBA1542		0
1946830	Mariprofundus sp. UBA1543		0
1947908	Elusimicrobia bacterium UBA1548		0
1946828	Mariprofundus sp. UBA1536		0
1948781	Patescibacteria group bacterium UBA1550		0
1951802	Flavobacteriaceae bacterium UBA1552		0
1946604	Hydrogenovibrio sp. UBA1537		0
1946829	Mariprofundus sp. UBA1538		0
1953293	Candidatus Magasanikbacteria bacterium UBA1557		0
1948783	Patescibacteria group bacterium UBA1558		0
1948777	Patescibacteria group bacterium UBA1539		0
1947909	Elusimicrobia bacterium UBA1565		0
1953294	Candidatus Magasanikbacteria bacterium UBA1566		0
1948785	Patescibacteria group bacterium UBA1567		0
1947684	Thiobacillus sp. UBA1540		0
1953298	Candidatus Moranbacteria bacterium UBA1568		0
1946996	Nitrospira sp. UBA7240		0
1946832	Mariprofundus sp. UBA3091		0
1694	Bifidobacterium pseudolongum		0
1952379	Ruminococcaceae bacterium UBA5312		0
1950620	Bacteroidales bacterium UBA5308		0
1947634	Syntrophomonas sp. UBA5316		0
1952711	Peptococcaceae bacterium UBA5318		0
1947275	Proteiniphilum sp. UBA5310		0
1948051	Firmicutes bacterium UBA5330		0
1950896	Clostridiales bacterium UBA5332		0
1951427	Anaerolineaceae bacterium UBA5311		0
1947629	Syntrophomonas sp. UBA5221		0
1951315	Acholeplasmataceae bacterium UBA5222		0
1951423	Anaerolineaceae bacterium UBA5224		0
1950607	Bacteroidales bacterium UBA5226		0
1948036	Firmicutes bacterium UBA5227		0
1951424	Anaerolineaceae bacterium UBA5229		0
1947266	Proteiniphilum sp. UBA5218		0
1950608	Bacteroidales bacterium UBA5233		0
1952370	Ruminococcaceae bacterium UBA5236		0
1948698	Lentisphaeria bacterium UBA5239		0
1952911	Synergistaceae bacterium UBA5240		0
1951425	Anaerolineaceae bacterium UBA5241		0
1952371	Ruminococcaceae bacterium UBA5244		0
1952372	Ruminococcaceae bacterium UBA5252		0
1948039	Firmicutes bacterium UBA5253		0
1951426	Anaerolineaceae bacterium UBA5243		0
1947005	Oblitimonas sp. UBA5262		0
1951317	Acholeplasmataceae bacterium UBA5264		0
1950614	Bacteroidales bacterium UBA5269		0
1952373	Ruminococcaceae bacterium UBA5270		0
1950895	Clostridiales bacterium UBA5274		0
1952913	Synergistaceae bacterium UBA5276		0
1948042	Firmicutes bacterium UBA5278		0
1952211	Marinilabiliaceae bacterium UBA5279		0
1947274	Proteiniphilum sp. UBA5283		0
1948043	Firmicutes bacterium UBA5286		0
1948044	Firmicutes bacterium UBA5289		0
1952374	Ruminococcaceae bacterium UBA5290		0
1948046	Firmicutes bacterium UBA5293		0
1952376	Ruminococcaceae bacterium UBA5295		0
1961468	Myxococcales bacterium UBA5297		0
1951318	Acholeplasmataceae bacterium UBA5282		0
1948048	Firmicutes bacterium UBA5301		0
1950748	Bacteroidales bacterium UBA7650		0
1947251	Proteiniphilum sp. UBA1028		0
1947929	Firmicutes bacterium UBA1030		0
1946021	Aminobacterium sp. UBA1031		0
1952270	Ruminococcaceae bacterium UBA1036		0
1952900	Synergistaceae bacterium UBA1037		0
1952271	Ruminococcaceae bacterium UBA1039		0
1946778	Mageeibacillus sp. UBA1046		0
1947931	Firmicutes bacterium UBA1047		0
1952342	Ruminococcaceae bacterium UBA4871		0
1951294	Thermoanaerobacterales bacterium UBA4880		0
1952341	Ruminococcaceae bacterium UBA4859		0
1946424	Dysgonomonas sp. UBA4861		0
1948010	Firmicutes bacterium UBA4862		0
1947060	Pedobacter sp. UBA4863		0
1946548	Flavobacterium sp. UBA4854		0
1950288			0
1952337	Ruminococcaceae bacterium UBA4838		0
1947619	Syntrophomonas sp. UBA4844		0
1948009	Firmicutes bacterium UBA4845		0
1952339	Ruminococcaceae bacterium UBA4847		0
1952340	Ruminococcaceae bacterium UBA4848		0
1947851	Cloacimonetes bacterium UBA4849		0
1947620	Syntrophomonas sp. UBA4851		0
1951460	Atopobiaceae bacterium UBA4852		0
1951415	Anaerolineaceae bacterium UBA4841		0
1952334	Ruminococcaceae bacterium UBA4830		0
1950287			0
1950293			0
1946365	Clostridium sp. UBA4948		0
472	Acinetobacter sp.		0
1950295			0
1950599	Bacteroidales bacterium UBA4930		0
1946026	Aminobacterium sp. UBA4934		0
1950600	Bacteroidales bacterium UBA4935		0
1948021	Firmicutes bacterium UBA4938		0
1950893	Clostridiales bacterium UBA4942		0
1952352	Ruminococcaceae bacterium UBA4928		0
1946024	Aminobacterium sp. UBA4908		0
1952349	Ruminococcaceae bacterium UBA4910		0
1947625	Syntrophomonas sp. UBA4911		0
1948018	Firmicutes bacterium UBA4915		0
1947626	Syntrophomonas sp. UBA4922		0
1948020	Firmicutes bacterium UBA4924		0
1947622	Syntrophomonas sp. UBA4889		0
1951417	Anaerolineaceae bacterium UBA4890		0
1952345	Ruminococcaceae bacterium UBA4896		0
1590	Lactiplantibacillus plantarum		0
1947853	Cloacimonetes bacterium UBA4887		0
1951312	Acholeplasmataceae bacterium UBA4904		0
1948031	Firmicutes bacterium UBA4992		0
1947265	Proteiniphilum sp. UBA4993		0
1951580	Clostridiaceae bacterium UBA4985		0
1948032	Firmicutes bacterium UBA4996		0
1947854	Cloacimonetes bacterium UBA4999		0
1951314	Acholeplasmataceae bacterium UBA5000		0
1948024	Firmicutes bacterium UBA4971		0
1952362	Ruminococcaceae bacterium UBA4972		0
1951464	Atopobiaceae bacterium UBA4973		0
1948027	Firmicutes bacterium UBA4978		0
1952364	Ruminococcaceae bacterium UBA4979		0
1948029	Firmicutes bacterium UBA4981		0
1948265	Verrucomicrobia bacterium UBA4982		0
1947680	Thermacetogenium sp. UBA4966		0
1950629	Bacteroidales bacterium UBA5403		0
1952392	Ruminococcaceae bacterium UBA5406		0
1952390	Ruminococcaceae bacterium UBA5400		0
1951470	Atopobiaceae bacterium UBA5415		0
438	Acetobacter pasteurianus		0
1950302			0
1951033	Flavobacteriales bacterium UBA5422		0
1952395	Ruminococcaceae bacterium UBA5423		0
1950632	Bacteroidales bacterium UBA5433		0
1946033	Aminobacterium sp. UBA5437		0
1946794	Mageeibacillus sp. UBA5438		0
1951433	Anaerolineaceae bacterium UBA5440		0
1952398	Ruminococcaceae bacterium UBA5441		0
1948060	Firmicutes bacterium UBA5449		0
1952399	Ruminococcaceae bacterium UBA5450		0
1948061	Firmicutes bacterium UBA5454		0
1951471	Atopobiaceae bacterium UBA5428		0
1951595	Clostridiales bacterium UBA5460		0
1947637	Syntrophomonas sp. UBA5380		0
1947279	Proteiniphilum sp. UBA5384		0
1951469	Atopobiaceae bacterium UBA5372		0
1948054	Firmicutes bacterium UBA5388		0
1948055	Firmicutes bacterium UBA5389		0
1948056	Firmicutes bacterium UBA5390		0
1952387	Ruminococcaceae bacterium UBA5391		0
1952389	Ruminococcaceae bacterium UBA5397		0
1947466	Solobacterium sp. UBA5398		0
1947861	Cloacimonetes bacterium UBA5350		0
1953416	bacterium UBP13_UBA5359		0
1948053	Firmicutes bacterium UBA5362		0
1951468	Atopobiaceae bacterium UBA5363		0
1951431	Anaerolineaceae bacterium UBA5365		0
1946030	Aminobacterium sp. UBA5367		0
1948758	Spirochaetia bacterium UBA5368		0
1947642	Syntrophomonas sp. UBA5481		0
1951584	Clostridiaceae bacterium UBA5483		0
1950640	Bacteroidales bacterium UBA5487		0
1952212	Marinilabiliaceae bacterium UBA5488		0
1946280	Christensenella sp. UBA5489		0
1946035	Aminobacterium sp. UBA5495		0
1952213	Marinilabiliaceae bacterium UBA5497		0
1948071	Firmicutes bacterium UBA5500		0
1950901	Clostridiales bacterium UBA5502		0
1951585	Clostridiaceae bacterium UBA5505		0
1950642	Bacteroidales bacterium UBA5507		0
1948072	Firmicutes bacterium UBA5509		0
1950644	Bacteroidales bacterium UBA5515		0
1948073	Firmicutes bacterium UBA5516		0
1950902	Clostridiales bacterium UBA5517		0
1947644	Syntrophomonas sp. UBA5504		0
1952402	Ruminococcaceae bacterium UBA5467		0
1951324	Acholeplasmataceae bacterium UBA5468		0
1950637	Bacteroidales bacterium UBA5469		0
1948064	Firmicutes bacterium UBA5473		0
1951924	Halothiobacillaceae bacterium UBA3459		0
1948808	Patescibacteria group bacterium UBA3458		0
1951956	Hyphomonadaceae bacterium UBA7638		0
1948181	Proteobacteria bacterium UBA5335		0
1948629	Gammaproteobacteria bacterium UBA5338		0
1948188	Proteobacteria bacterium UBA5858		0
1953015	Thiotrichaceae bacterium UBA5859		0
1951926	Halothiobacillaceae bacterium UBA5861		0
1947922	Elusimicrobia bacterium UBA4825		0
654	Aeromonas veronii		0
13690	Sphingobium yanoikuyae		0
259	Sphingobacterium thalpophilum		0
1946961	Mucilaginibacter sp. UBA4119		0
1946545	Flavobacterium sp. UBA4120		0
1946562	Gallionella sp. UBA4121		0
1951936	Hyphomicrobiaceae bacterium UBA4118		0
1953343	Candidatus Saccharibacteria bacterium UBA4663		0
1951938	Hyphomicrobiaceae bacterium UBA4662		0
1951150	Legionellales bacterium UBA5158		0
1946549	Flavobacterium sp. UBA5153		0
1953377	Candidatus Saccharibacteria bacterium UBA6824		0
1947379	Rhodoferax sp. UBA5149		0
94132	Ramlibacter tataouinensis		0
1948825	Patescibacteria group bacterium UBA5147		0
1946564	Gallionella sp. UBA4737		0
1946580	Granulicella sp. UBA4739		0
1946547	Flavobacterium sp. UBA4740		0
1947832	Chloroflexi bacterium UBA4736		0
1953349	Candidatus Saccharibacteria bacterium UBA4729		0
1947829	Chloroflexi bacterium UBA4730		0
1952244	Microbacteriaceae bacterium UBA4731		0
1946410	Desulfosporosinus sp. UBA4745		0
1953127	Actinobacteria bacterium UBA5182		0
1948408	Alphaproteobacteria bacterium UBA5181		0
1953126	Actinobacteria bacterium UBA5176		0
1947807	bacterium UBA5178		0
1953346	Candidatus Saccharibacteria bacterium UBA4723		0
1951118	Gemmatimonadales bacterium UBA4720		0
1953345	Candidatus Saccharibacteria bacterium UBA4721		0
1951148	Legionellales bacterium UBA4722		0
1946409	Desulfosporosinus sp. UBA4726		0
1951117	Gemmatimonadales bacterium UBA4718		0
1952260	Micrococcaceae bacterium UBA6021		0
1948838	Patescibacteria group bacterium UBA6023		0
1947026	Paludibacter sp. UBA6032		0
1951119	Gemmatimonadales bacterium UBA6027		0
1952950	Prolixibacteraceae bacterium UBA6036		0
1948841	Patescibacteria group bacterium UBA6037		0
1947963	Firmicutes bacterium UBA3561		0
1953095	Acetothermia bacterium UBA3564		0
1950263			0
37636	Thermus scotoductus		0
1947955	Firmicutes bacterium UBA2595		0
1953265	Candidatus Omnitrophica bacterium UBA2593		0
1948198	Proteobacteria bacterium UBA664		0
1950333			0
1952227	Methylococcaceae bacterium UBA662		0
1952226	Methylococcaceae bacterium UBA659		0
1951261	Sphingomonadales bacterium UBA658		0
1948108	Firmicutes bacterium UBA911		0
1948110	Firmicutes bacterium UBA994		0
1951943	Hyphomonadaceae bacterium UBA1001		0
1948350	Alphaproteobacteria bacterium UBA1002		0
1947650	Tepidimonas sp. UBA997		0
1947904	Cyanobacteria bacterium UBA999		0
1951006	Flavobacteriales bacterium UBA4419		0
1951911	Halieaceae bacterium UBA4423		0
1948720	Opitutia bacterium UBA4424		0
1951843	Flavobacteriaceae bacterium UBA4425		0
1948547	Deltaproteobacteria bacterium UBA4427		0
1951782	Flammeovirgaceae bacterium UBA4465		0
1951016	Flavobacteriales bacterium UBA4466		0
1951914	Halieaceae bacterium UBA4469		0
1951019	Flavobacteriales bacterium UBA4474		0
1951850	Flavobacteriaceae bacterium UBA4476		0
1950793	Cellvibrionales bacterium UBA4478		0
1951849	Flavobacteriaceae bacterium UBA4464		0
1946768	Lutibacter sp. UBA4458		0
1950578	Bacteroidales bacterium UBA4459		0
1951937	Hyphomicrobiaceae bacterium UBA4460		0
1950792	Cellvibrionales bacterium UBA4451		0
1948173	Proteobacteria bacterium UBA4455		0
1948174	Proteobacteria bacterium UBA4457		0
1952879	Saprospiraceae bacterium UBA4447		0
1951845	Flavobacteriaceae bacterium UBA4432		0
1948617	Gammaproteobacteria bacterium UBA4433		0
1950791	Cellvibrionales bacterium UBA4435		0
1951846	Flavobacteriaceae bacterium UBA4439		0
1951810	Flavobacteriaceae bacterium UBA2000		0
1948590	Gammaproteobacteria bacterium UBA1992		0
1952865	Saprospiraceae bacterium UBA1994		0
1950966	Flavobacteriales bacterium UBA1995		0
1951236	Rickettsiales bacterium UBA1997		0
1951809	Flavobacteriaceae bacterium UBA1998		0
1951069	Flavobacteriales bacterium UBA7367		0
1950766	Bacteroidetes bacterium UBA7368		0
1951878	Flavobacteriaceae bacterium UBA7354		0
1953016	Thiotrichaceae bacterium UBA7357		0
1951065	Flavobacteriales bacterium UBA7358		0
1951068	Flavobacteriales bacterium UBA7364		0
1951879	Flavobacteriaceae bacterium UBA7365		0
1951154	Legionellales bacterium UBA7366		0
1947388	Roseivirga sp. UBA4591		0
1951024	Flavobacteriales bacterium UBA4594		0
1948176	Proteobacteria bacterium UBA4575		0
1952990	Oceanospirillaceae bacterium UBA4576		0
1948177	Proteobacteria bacterium UBA4577		0
1950795	Cellvibrionales bacterium UBA4578		0
1951023	Flavobacteriales bacterium UBA4585		0
1952859	Rhodospirillaceae bacterium UBA4587		0
1948399	Alphaproteobacteria bacterium UBA4588		0
1951882	Candidatus Arcticimaribacter sp. UBA7428		0
1951073	Flavobacteriales bacterium UBA7430		0
1951883	Flavobacteriaceae bacterium UBA7432		0
1951884	Flavobacteriaceae bacterium UBA7433		0
1950800	Cellvibrionales bacterium UBA7434		0
1948740	Opitutia bacterium UBA7441		0
1951074	Flavobacteriales bacterium UBA7443		0
1951075	Flavobacteriales bacterium UBA7444		0
1948214	Proteobacteria bacterium UBA7415		0
1951235	Rhodobacterales bacterium UBA7416		0
1952992	Oceanospirillaceae bacterium UBA7418		0
1951372	Akkermansiaceae bacterium UBA7421		0
1951093	Flavobacteriales bacterium UBA974		0
1952229	Methylococcaceae bacterium UBA975		0
1947536	Sphingomonas sp. UBA978		0
1951891	Flavobacteriaceae bacterium UBA980		0
1952554	Porphyromonadaceae bacterium UBA3264		0
1947410	Ruminococcus sp. UBA3270		0
1946010	Alistipes sp. UBA3274		0
1952560	Porphyromonadaceae bacterium UBA3275		0
1952550	Porphyromonadaceae bacterium UBA3257		0
1946473	Eubacterium sp. UBA3279		0
1952025	Lachnospiraceae bacterium UBA3285		0
821	Phocaeicola vulgatus		0
1952126	Lachnospiraceae bacterium UBA7046		0
1952606	Porphyromonadaceae bacterium UBA7048		0
1952127	Lachnospiraceae bacterium UBA7050		0
1952603	Porphyromonadaceae bacterium UBA7042		0
1952128	Lachnospiraceae bacterium UBA7054		0
1950344			0
1952611	Porphyromonadaceae bacterium UBA7062		0
1952604	Porphyromonadaceae bacterium UBA7043		0
1952612	Porphyromonadaceae bacterium UBA7063		0
1953086	Sutterellaceae bacterium UBA7069		0
1952030	Lachnospiraceae bacterium UBA3316		0
1952568	Porphyromonadaceae bacterium UBA3318		0
1952569	Porphyromonadaceae bacterium UBA3319		0
1946690	Lachnoclostridium sp. UBA3320		0
1952571	Porphyromonadaceae bacterium UBA3324		0
1952572	Porphyromonadaceae bacterium UBA3325		0
1952316	Ruminococcaceae bacterium UBA3329		0
1952705	Peptococcaceae bacterium UBA3330		0
1952435	Ruminococcaceae bacterium UBA7135		0
1947204	Prevotella sp. UBA7115		0
1952637	Porphyromonadaceae bacterium UBA7117		0
1946700	Lachnoclostridium sp. UBA7118		0
1946701	Lachnoclostridium sp. UBA7122		0
1952640	Porphyromonadaceae bacterium UBA7123		0
1952434	Ruminococcaceae bacterium UBA7127		0
1946702	Lachnoclostridium sp. UBA7129		0
1952643	Porphyromonadaceae bacterium UBA7130		0
1953088	Sutterellaceae bacterium UBA7131		0
1946485	Eubacterium sp. UBA7134		0
1952616	Porphyromonadaceae bacterium UBA7070		0
1952131	Lachnospiraceae bacterium UBA7076		0
1952623	Porphyromonadaceae bacterium UBA7082		0
1946698	Lachnoclostridium sp. UBA7084		0
1952626	Porphyromonadaceae bacterium UBA7088		0
1945966	Akkermansia sp. UBA7090		0
1952133	Lachnospiraceae bacterium UBA7093		0
1953087	Sutterellaceae bacterium UBA7100		0
1952431	Ruminococcaceae bacterium UBA7101		0
1950924	Clostridiales bacterium UBA7103		0
1952632	Porphyromonadaceae bacterium UBA7104		0
1952633	Porphyromonadaceae bacterium UBA7108		0
1952136	Lachnospiraceae bacterium UBA7109		0
1952649	Porphyromonadaceae bacterium UBA7145		0
1952646	Porphyromonadaceae bacterium UBA7139		0
1952647	Porphyromonadaceae bacterium UBA7141		0
1946089	Bacteroides sp. UBA7156		0
1947436	Ruminococcus sp. UBA7158		0
1952656	Porphyromonadaceae bacterium UBA7159		0
1952648	Porphyromonadaceae bacterium UBA7142		0
1952657	Porphyromonadaceae bacterium UBA7163		0
1952145	Lachnospiraceae bacterium UBA7164		0
1952660	Porphyromonadaceae bacterium UBA7171		0
1952662	Porphyromonadaceae bacterium UBA7173		0
1952664	Porphyromonadaceae bacterium UBA7178		0
1952149	Lachnospiraceae bacterium UBA7179		0
1952150	Lachnospiraceae bacterium UBA7182		0
1952666	Porphyromonadaceae bacterium UBA7183		0
1952659	Porphyromonadaceae bacterium UBA7168		0
1952668	Porphyromonadaceae bacterium UBA7186		0
1950927	Clostridiales bacterium UBA7187		0
1952151	Lachnospiraceae bacterium UBA7188		0
1947438	Ruminococcus sp. UBA7198		0
1952154	Lachnospiraceae bacterium UBA7202		0
1952673	Porphyromonadaceae bacterium UBA7203		0
1952670	Porphyromonadaceae bacterium UBA7194		0
1952678	Porphyromonadaceae bacterium UBA7209		0
1952679	Porphyromonadaceae bacterium UBA7213		0
1946705	Lachnoclostridium sp. UBA7215		0
1952671	Porphyromonadaceae bacterium UBA7195		0
1952152	Lachnospiraceae bacterium UBA7196		0
1952235	Methylophilaceae bacterium UBA5127		0
1951898	Gallionellaceae bacterium UBA1605		0
1946925	Micavibrio sp. UBA5701		0
1946990	Nitrospira sp. UBA5699		0
1951299	Lysobacterales bacterium UBA5700		0
310653	Chrysoperla externa		0
1759406	microbial fuel cell metagenome	ecological metagenomes	1
9646	Ailuropoda melanoleuca		0
64525	Podila minutissima		0
1778260	gas well metagenome	ecological metagenomes	1
6978	Periplaneta americana		0
6976	Blatta orientalis		0
36975	Validiblatta australasiae		0
36977	Validiblatta fuliginosa		0
151327	Blattella asahinai		0
2058791	Fannia conspicua		0
7375	Lucilia cuprina		0
295660	Lasioderma serricorne		0
888089	Trogoderma variabile		0
41112	Oryzaephilus surinamensis		0
7046	Sitophilus granarius		0
41895	Tribolium madens		0
7070	Tribolium castaneum		0
44422	Tribolium brevicornis		0
1553328	Gnatocerus cornutus		0
255789	Tetramorium caespitum		0
7370	Musca domestica		0
545	Citrobacter koseri		0
1428	Bacillus thuringiensis		0
131079	Limnobacter		0
1840217	Candidatus Arthromitus sp. SFB-turkey		0
1856682	Synechococcus sp. PCC 7002 x Microcystis aeruginosa TAIHU98 coculture		0
111611	Geitlerinema sp. PCC 9228		0
452565	Anoxybacillus mongoliensis		0
12072	Coxsackievirus B3		0
12062	Echovirus E6		0
33757	Coxsackievirus A2		0
1915884	Euryarchaeota archaeon UBA41		0
1915885	Euryarchaeota archaeon UBA433		0
1915572	Metallosphaera sp. UBA165		0
1915501	Methanoculleus sp. UBA326		0
1915635	Methanomassiliicoccaceae archaeon UBA306		0
1915636	Methanomassiliicoccaceae archaeon UBA308		0
1915637	Methanomassiliicoccaceae archaeon UBA309		0
1916022	Candidatus Woesearchaeota archaeon UBA142		0
1915670	Methanomassiliicoccaceae archaeon UBA48		0
1915782	Euryarchaeota archaeon UBA101		0
1915628	Methanocorpusculaceae archaeon UBA425		0
1915788	Euryarchaeota archaeon UBA108		0
1915719	Thermoplasmatales archaeon UBA505		0
1915709	Thermoplasmatales archaeon UBA262		0
1915710	Thermoplasmatales archaeon UBA263		0
1915447	Methanobacterium sp. UBA355		0
1915446	Methanobacterium sp. UBA353		0
1915528	Methanolobus sp. UBA474		0
1916013	Candidatus Parvarchaeota archaeon UBA515		0
1915758	Thaumarchaeota archaeon UBA223		0
1915460	Methanobacterium sp. UBA405		0
1915624	Methanobacteriaceae archaeon UBA587		0
1915730	Thermoplasmatales archaeon UBA521		0
1915729	Thermoplasmatales archaeon UBA520		0
1915978	Euryarchaeota archaeon UBA86		0
1915977	Euryarchaeota archaeon UBA85		0
1915541	Methanomassiliicoccus sp. UBA6		0
1915981	Euryarchaeota archaeon UBA89		0
1915499	Methanoculleus sp. UBA312		0
1915580	Methanosarcina sp. UBA342		0
1915488	Methanobrevibacter sp. UBA46		0
1915963	Euryarchaeota archaeon UBA618		0
1915915	Euryarchaeota archaeon UBA529		0
1915633	Methanomassiliicoccaceae archaeon UBA296		0
1917433	archaeon UBA55		0
1915525	Methanolinea sp. UBA477		0
1915790	Euryarchaeota archaeon UBA11		0
1915780	Euryarchaeota archaeon UBA10		0
1915939	Euryarchaeota archaeon UBA560		0
1915941	Euryarchaeota archaeon UBA562		0
1915457	Methanobacterium sp. UBA390		0
1915459	Methanobacterium sp. UBA397		0
1915756	Thaumarchaeota archaeon UBA183		0
1915552	Methanoregula sp. UBA469		0
1915603	Nitrososphaera sp. UBA240		0
1915889	Euryarchaeota archaeon UBA442		0
1915486	Methanobrevibacter sp. UBA412		0
1915749	Thermoplasmatales archaeon UBA616		0
1915517	Methanolinea sp. UBA155		0
1915590	Methanosarcina sp. UBA423		0
1915982	Euryarchaeota archaeon UBA9		0
1915873	Euryarchaeota archaeon UBA3		0
1915738	Thermoplasmatales archaeon UBA572		0
1915740	Thermoplasmatales archaeon UBA576		0
1915741	Thermoplasmatales archaeon UBA577		0
1916004	Candidatus Micrarchaeota archaeon UBA97		0
1915945	Euryarchaeota archaeon UBA59		0
1915943	Euryarchaeota archaeon UBA58		0
164451	Vulcanisaeta distributa		0
1915907	Euryarchaeota archaeon UBA50		0
1915690	Methanomicrobiaceae archaeon UBA206		0
1915920	Euryarchaeota archaeon UBA54		0
1915964	Euryarchaeota archaeon UBA619		0
1915639	Methanomassiliicoccaceae archaeon UBA317		0
1915638	Methanomassiliicoccaceae archaeon UBA314		0
1915640	Methanomassiliicoccaceae archaeon UBA319		0
1915481	Methanobrevibacter sp. UBA352		0
1915809	Euryarchaeota archaeon UBA133		0
1915806	Euryarchaeota archaeon UBA130		0
1915969	Euryarchaeota archaeon UBA623		0
1915967	Euryarchaeota archaeon UBA621		0
1915966	Euryarchaeota archaeon UBA620		0
1915627	Methanococcaceae archaeon UBA115		0
1915871	Euryarchaeota archaeon UBA28		0
1915765	Euryarchaeota archaeon UBA24		0
1915838	Euryarchaeota archaeon UBA20		0
1915854	Euryarchaeota archaeon UBA23		0
1916012	Candidatus Parvarchaeota archaeon UBA506		0
1915933	Euryarchaeota archaeon UBA555		0
1915935	Euryarchaeota archaeon UBA557		0
1915934	Euryarchaeota archaeon UBA556		0
1915928	Euryarchaeota archaeon UBA550		0
1915931	Euryarchaeota archaeon UBA553		0
1915759	Thaumarchaeota archaeon UBA539		0
1916016	Candidatus Parvarchaeota archaeon UBA573		0
1915898	Euryarchaeota archaeon UBA486		0
1915896	Euryarchaeota archaeon UBA484		0
1915859	Euryarchaeota archaeon UBA250		0
1915860	Euryarchaeota archaeon UBA251		0
1915864	Euryarchaeota archaeon UBA256		0
1915863	Candidatus Poseidonia alphae		0
1915866	Euryarchaeota archaeon UBA258		0
1915666	Methanomassiliicoccaceae archaeon UBA421		0
1915513	Methanoculleus sp. UBA77		0
1915992	Candidatus Diapherotrites archaeon UBA493		0
1915440	Methanobacterium sp. UBA330		0
1915531	Methanomassiliicoccus sp. UBA315		0
1916028	Candidatus Woesearchaeota archaeon UBA94		0
1915498	Methanoculleus sp. UBA307		0
1915986	Euryarchaeota archaeon UBA99		0
1915647	Methanomassiliicoccaceae archaeon UBA358		0
1915602	Nitrososphaera sp. UBA239		0
1915951	Euryarchaeota archaeon UBA60		0
1915965	Euryarchaeota archaeon UBA62		0
1915779	Euryarchaeota archaeon UBA67		0
1915972	Euryarchaeota archaeon UBA68		0
1915708	Nitrososphaerales archaeon UBA213		0
1915618	Ferroplasmaceae archaeon UBA567		0
1915822	Euryarchaeota archaeon UBA177		0
1915919	Euryarchaeota archaeon UBA538		0
1915824	Euryarchaeota archaeon UBA179		0
1915587	Methanosarcina sp. UBA398		0
1915551	Methanoregula sp. UBA452		0
1916020	Candidatus Methanomethylicota archaeon UBA76		0
1915837	Euryarchaeota archaeon UBA199		0
1915762	Euryarchaeota archaeon UBA198		0
1915833	Euryarchaeota archaeon UBA194		0
1915519	Methanolinea sp. UBA275		0
1915522	Methanolinea sp. UBA437		0
1915425	Methanobacterium sp. UBA279		0
1915450	Methanobacterium sp. UBA373		0
1915852	Euryarchaeota archaeon UBA228		0
1915693	Methanoregulaceae archaeon UBA288		0
1915847	Euryarchaeota archaeon UBA222		0
1915845	Euryarchaeota archaeon UBA220		0
1915516	Methanolinea sp. UBA145		0
1915848	Euryarchaeota archaeon UBA224		0
1915671	Methanomassiliicoccaceae archaeon UBA480		0
1915512	Methanoculleus sp. UBA45		0
1915952	Euryarchaeota archaeon UBA600		0
1915493	Methanocorpusculum sp. UBA592		0
1916008	Candidatus Parvarchaeota archaeon UBA264		0
1915426	Methanobacterium sp. UBA283		0
1915880	Euryarchaeota archaeon UBA38		0
1915877	Euryarchaeota archaeon UBA35		0
1915561	Methanosaeta sp. UBA458		0
1915874	Euryarchaeota archaeon UBA30		0
1915545	Methanoregula sp. UBA247		0
1915893	Euryarchaeota archaeon UBA463		0
1915894	Euryarchaeota archaeon UBA464		0
1915926	Euryarchaeota archaeon UBA548		0
1915925	Euryarchaeota archaeon UBA547		0
1915923	Euryarchaeota archaeon UBA545		0
1915526	Methanolobus sp. UBA118		0
1915797	Euryarchaeota archaeon UBA122		0
1915902	Euryarchaeota archaeon UBA495		0
1915904	Euryarchaeota archaeon UBA497		0
1915492	Methanocorpusculum sp. UBA424		0
1915538	Methanomassiliicoccus sp. UBA386		0
1915869	Euryarchaeota archaeon UBA260		0
1915720	Thermoplasmatales archaeon UBA507		0
1915722	Thermoplasmatales archaeon UBA509		0
1915433	Methanobacterium sp. UBA305		0
1915581	Methanosarcina sp. UBA361		0
1915470	Methanobacterium sp. UBA74		0
1915583	Methanosarcina sp. UBA369		0
1915760	Thaumarchaeota archaeon UBA57		0
1915748	Thermoplasmatales archaeon UBA613		0
1915507	Methanoculleus sp. UBA389		0
1915566	Archaeoglobus sp. UBA231		0
1915529	Methanomassiliicoccus sp. UBA238		0
1915876	Euryarchaeota archaeon UBA34		0
1916023	Candidatus Woesearchaeota archaeon UBA153		0
1915474	Methanobrevibacter sp. UBA189		0
1915654	Methanomassiliicoccaceae archaeon UBA381		0
1915908	Euryarchaeota archaeon UBA500		0
1915792	Euryarchaeota archaeon UBA111		0
1915793	Euryarchaeota archaeon UBA112		0
1915953	Euryarchaeota archaeon UBA601		0
1915773	Euryarchaeota archaeon UBA169		0
1915955	Euryarchaeota archaeon UBA603		0
1915954	Euryarchaeota archaeon UBA602		0
1915958	Euryarchaeota archaeon UBA606		0
1915950	Euryarchaeota archaeon UBA599		0
1915949	Euryarchaeota archaeon UBA598		0
1915524	Methanolinea sp. UBA473		0
1915585	Methanosarcina sp. UBA383		0
1915946	Euryarchaeota archaeon UBA595		0
1915947	Euryarchaeota archaeon UBA596		0
1915443	Methanobacterium sp. UBA341		0
1915887	Euryarchaeota archaeon UBA439		0
1915463	Methanobacterium sp. UBA419		0
1915621	Methanobacteriaceae archaeon UBA254		0
1915660	Methanomassiliicoccaceae archaeon UBA404		0
1915609	archaeon UBA168		0
1915534	Methanomassiliicoccus sp. UBA345		0
1915594	Methanosarcina sp. UBA591		0
1916015	Candidatus Parvarchaeota archaeon UBA569		0
1915597	Nitrosopumilus sp. UBA526		0
1915598	Nitrosopumilus sp. UBA527		0
1915547	Methanoregula sp. UBA276		0
1915509	Methanoculleus sp. UBA413		0
1915510	Methanoculleus sp. UBA416		0
1915553	Methanoregula sp. UBA471		0
1915653	Methanomassiliicoccaceae archaeon UBA378		0
1915745	Thermoplasmatales archaeon UBA582		0
1915771	Euryarchaeota archaeon UBA138		0
1915723	Thermoplasmatales archaeon UBA511		0
1915436	Methanobacterium sp. UBA316		0
1915694	Methanoregulaceae archaeon UBA467		0
1915485	Methanobrevibacter sp. UBA403		0
1915763	Euryarchaeota archaeon UBA202		0
1915999	Candidatus Micrarchaeota archaeon UBA581		0
1915589	Methanosarcina sp. UBA411		0
1915652	Methanomassiliicoccaceae archaeon UBA371		0
1915651	Methanomassiliicoccaceae archaeon UBA370		0
1915564	Methanosaeta sp. UBA80		0
1915632	Methanomassiliicoccaceae archaeon UBA271		0
1915732	Thermoplasmatales archaeon UBA564		0
1916006	Candidatus Pacearchaeota archaeon UBA73		0
1850221	respiratory tract metagenome	organismal metagenomes	1
1690484	Hyphomonadaceae bacterium UKL13-1		0
910258	bee metagenome	organismal metagenomes	1
1952932	Verrucomicrobia subdivision 3 bacterium UBA693		0
1947373	Ralstonia sp. UBA689		0
244366	Klebsiella variicola		0
1946150	Candidatus Accumulibacter sp. UBA704		0
644	Aeromonas hydrophila		0
1951931	Holophagaceae bacterium UBA706		0
1961526	Desulfarculales bacterium UBA696		0
1952725	Peptococcaceae bacterium UBA7702		0
1950750	Bacteroidales bacterium UBA7705		0
1951205	Phycisphaerales bacterium UBA7708		0
1951942	Hyphomicrobiaceae bacterium UBA7697		0
1947694	Thiomonas sp. UBA7699		0
1953330	Candidatus Saccharibacteria bacterium UBA2834		0
1947877	Cyanobacteria bacterium UBA2813		0
1950460	Bacteroidales bacterium UBA2817		0
1950843	Clostridiales bacterium UBA2820		0
1947118	Prevotella sp. UBA2822		0
1947460	Solobacterium sp. UBA2823		0
1951996	Lachnospiraceae bacterium UBA2824		0
1947119	Prevotella sp. UBA2828		0
1953021	Selenomonadaceae bacterium UBA2829		0
1951999	Lachnospiraceae bacterium UBA2830		0
1947120	Prevotella sp. UBA2838		0
1947795	bacterium UBA2872		0
1947569	Succinatimonas sp. UBA2849		0
1952304	Ruminococcaceae bacterium UBA2851		0
1946251	Christensenella sp. UBA2853		0
1952305	Ruminococcaceae bacterium UBA2854		0
1947879	Cyanobacteria bacterium UBA2855		0
1950463	Bacteroidales bacterium UBA2840		0
1952307	Ruminococcaceae bacterium UBA2858		0
1947123	Prevotella sp. UBA2859		0
1950464	Bacteroidales bacterium UBA2861		0
1950465	Bacteroidales bacterium UBA2863		0
1952002	Lachnospiraceae bacterium UBA2864		0
1951336	Acidaminococcaceae bacterium UBA2842		0
1948248	Verrucomicrobia bacterium UBA2865		0
1951594	Clostridiales bacterium UBA2867		0
1952015	Lachnospiraceae bacterium UBA2912		0
1950468	Bacteroidales bacterium UBA2914		0
1947796	bacterium UBA2916		0
1952005	Lachnospiraceae bacterium UBA2885		0
1952006	Lachnospiraceae bacterium UBA2886		0
1951337	Acidaminococcaceae bacterium UBA2873		0
1947124	Prevotella sp. UBA2874		0
1952308	Ruminococcaceae bacterium UBA2893		0
1952010	Lachnospiraceae bacterium UBA2896		0
1952011	Lachnospiraceae bacterium UBA2901		0
1950847	Clostridiales bacterium UBA2875		0
1950849	Clostridiales bacterium UBA2907		0
1948600	Gammaproteobacteria bacterium UBA2917		0
1947570	Succinatimonas sp. UBA2928		0
1952016	Lachnospiraceae bacterium UBA2932		0
1946656	Kandleria sp. UBA2934		0
1947129	Prevotella sp. UBA2941		0
1947571	Succinatimonas sp. UBA2938		0
1947568	Succinatimonas sp. UBA2802		0
1946711	Lachnospira sp. UBA2803		0
1948598	Gammaproteobacteria bacterium UBA2804		0
1950459	Bacteroidales bacterium UBA2805		0
1952544	Porphyromonadaceae bacterium UBA2807		0
1952317	Ruminococcaceae bacterium UBA3334		0
1947981	Firmicutes bacterium UBA3914		0
1947983	Firmicutes bacterium UBA3918		0
1947401	Hungateiclostridiaceae bacterium UBA3922		0
1947988	Firmicutes bacterium UBA3926		0
1946263	Christensenella sp. UBA3929		0
1947991	Firmicutes bacterium UBA3931		0
1950271			0
1947993	Firmicutes bacterium UBA3936		0
1946264	Christensenella sp. UBA3944		0
1946357	Clostridium sp. UBA3947		0
1953203	Candidatus Sordicultor fermentans		0
1950872	Clostridiales bacterium UBA3953		0
1947617	Syntrophomonas sp. UBA3954		0
1947998	Firmicutes bacterium UBA3956		0
1947976	Firmicutes bacterium UBA3902		0
1947977	Firmicutes bacterium UBA3904		0
1947978	Firmicutes bacterium UBA3906		0
1961551	Desulfobulbaceae bacterium UBA5121		0
1961552	Desulfobulbaceae bacterium UBA5123		0
1952034	Lachnospiraceae bacterium UBA3404		0
1946588	Helicobacter sp. UBA3407		0
1952574	Porphyromonadaceae bacterium UBA3400		0
1946595	Hungatella sp. UBA3402		0
1947452	Salinicoccus sp. UBA3372		0
1950261			0
1951745	Erysipelotrichaceae bacterium UBA3379		0
1950482	Bacteroidales bacterium UBA3382		0
1946468	Erysipelothrix sp. UBA3383		0
1697053	Thiopseudomonas alkaliphila		0
1951360	Akkermansiaceae bacterium UBA3385		0
1598	Limosilactobacillus reuteri		0
1947566	Streptococcus sp. UBA632		0
1947178	Prevotella sp. UBA634		0
1952416	Ruminococcaceae bacterium UBA642		0
1952945	Prolixibacteraceae bacterium UBA1413		0
1953116	Candidatus Humimicrobium oleiphilum		0
1951403	Anaerolineaceae bacterium UBA1415		0
1952283	Ruminococcaceae bacterium UBA1417		0
1952284	Ruminococcaceae bacterium UBA1425		0
1946245	Christensenella sp. UBA1428		0
1950188	Anaerolineales bacterium UBA1429		0
1946246	Christensenella sp. UBA1431		0
1953382	Candidatus Shapirobacteria bacterium UBA1435		0
3416221	Candidatus Avelusimicrobium alvi		0
1952285	Ruminococcaceae bacterium UBA1438		0
1947937	Firmicutes bacterium UBA1440		0
1951452	Atopobiaceae bacterium UBA1367		0
1948775	Patescibacteria group bacterium UBA1441		0
1948702	Negativicutes bacterium UBA1444		0
1950824	Clostridiales bacterium UBA1446		0
1952287	Ruminococcaceae bacterium UBA1448		0
1953307	Candidatus Peregrinibacteria bacterium UBA1369		0
1953308	Candidatus Roizmanbacteria bacterium UBA1450		0
1952901	Synergistaceae bacterium UBA1358		0
1950406	Bacteroidales bacterium UBA1374		0
1961561	Desulfovibrionaceae bacterium UBA1377		0
1950819	Clostridiales bacterium UBA1380		0
1946244	Christensenella sp. UBA1385		0
1946749	Leptolinea sp. UBA1387		0
1950822	Clostridiales bacterium UBA1390		0
1952452	Prevotellaceae bacterium UBA1391		0
1950407	Bacteroidales bacterium UBA1392		0
1947934	Firmicutes bacterium UBA1393		0
1950240			0
1953131	Armatimonadetes bacterium UBA1398		0
1953297	Candidatus Moranbacteria bacterium UBA1362		0
1953407	candidate division WWE3 bacterium UBA1401		0
1952282	Ruminococcaceae bacterium UBA1405		0
1950409	Bacteroidales bacterium UBA1410		0
1951945	Hyphomonadaceae bacterium UBA1849		0
1948586	Gammaproteobacteria bacterium UBA1853		0
1961377	Bacteriovorax sp. UBA2704		0
1948316	Acidimicrobiia bacterium UBA1281		0
1951483	Balneolaceae bacterium UBA1275		0
1952819	Rhodobiaceae bacterium UBA1277		0
1952820	Rhodobiaceae bacterium UBA1279		0
1948355	Alphaproteobacteria bacterium UBA1271		0
1952821	Rhodobiaceae bacterium UBA1855		0
1948710	Opitutia bacterium UBA1856		0
1948140	Proteobacteria bacterium UBA1858		0
1948566	Deltaproteobacteria bacterium UBA796		0
1953199	Candidatus Aminicenantes bacterium UBA876		0
1950227	Anaerolineales bacterium UBA877		0
1951534	Carnobacteriaceae bacterium UBA7837		0
1950950	Flavobacteriales bacterium UBA1336		0
1950951	Flavobacteriales bacterium UBA1339		0
1946155	Candidatus Neomicrothrix sp. UBA1323		0
1947543	Spongiibacter sp. UBA1325		0
1948475	Dehalococcoidia bacterium UBA1328		0
1948476	Dehalococcoidia bacterium UBA1332		0
1953445	bacterium UBP8_UBA817		0
1951520	Balneolaceae bacterium UBA813		0
1951132	Gemmatimonadales bacterium UBA822		0
1951394	Alteromonadaceae bacterium UBA820		0
1946219	Candidatus Neomicrothrix sp. UBA825		0
1948451	Alphaproteobacteria bacterium UBA830		0
1946956	Microbacterium sp. UBA837		0
1947393	Roseivirga sp. UBA838		0
1952796	Pseudomonadaceae bacterium UBA839		0
1946977	Neptuniibacter sp. UBA847		0
1947677	Thalassospira sp. UBA848		0
454602	Spongiibacter tropicus		0
1946940	Micavibrio sp. UBA851		0
1951209	Phycisphaerales bacterium UBA854		0
1951088	Flavobacteriales bacterium UBA852		0
1946221	Candidatus Neomicrothrix sp. UBA857		0
1951210	Phycisphaerales bacterium UBA860		0
1948531	Dehalococcoidia bacterium UBA7834		0
1951129	Gemmatimonadales bacterium UBA7835		0
1951130	Gemmatimonadales bacterium UBA7836		0
1948528	Dehalococcoidia bacterium UBA7823		0
1953441	bacterium UBP7_UBA7824		0
1951128	Gemmatimonadales bacterium UBA7826		0
1948219	Proteobacteria bacterium UBA7821		0
1951086	Flavobacteriales bacterium UBA7819		0
1951343	Acidimicrobiaceae bacterium UBA7830		0
1951208	Phycisphaerales bacterium UBA7818		0
1948742	Opitutia bacterium UBA7798		0
1952208	Leptospiraceae bacterium UBA7801		0
1946826	Marinobacter sp. UBA7807		0
1951373	Akkermansiaceae bacterium UBA7811		0
1952746	Planctomycetaceae bacterium UBA7813		0
1947009	Oceanicaulis sp. UBA7814		0
1948657	Gammaproteobacteria bacterium UBA7796		0
1951876	Flavobacteriaceae bacterium UBA7322		0
1953443	bacterium UBP8_UBA7324		0
1951064	Flavobacteriales bacterium UBA7325		0
1961411	Desulfovibrio sp. UBA7315		0
1952792	Pseudomonadaceae bacterium UBA7304		0
1946763	Limnobacter sp. UBA7305		0
1953254	Fidelibacterota bacterium UBA7300		0
1951792	Flammeovirgaceae bacterium UBA7330		0
1951389	Alteromonadaceae bacterium UBA7296		0
1951120	Gemmatimonadales bacterium UBA6588		0
1947008	Oceanicaulis sp. UBA6590		0
1947665	Thalassolituus sp. UBA6592		0
1945997	Alcanivorax sp. UBA6607		0
1952251	Microbacteriaceae bacterium UBA6606		0
1948197	Proteobacteria bacterium UBA6594		0
1948561	Deltaproteobacteria bacterium UBA6601		0
1951204	Phycisphaerales bacterium UBA6626		0
1948514	Dehalococcoidia bacterium UBA6627		0
1948515	Dehalococcoidia bacterium UBA6629		0
1948732	Opitutia bacterium UBA6617		0
1948280	Verrucomicrobia bacterium UBA6614		0
1951868	Flavobacteriaceae bacterium UBA6619		0
1948748	Acidobacteriia bacterium UBA6623		0
1953440	bacterium UBP7_UBA6624		0
1953246	Fidelibacterota bacterium UBA6630		0
1946650	Idiomarina sp. UBA6937		0
1948640	Gammaproteobacteria bacterium UBA6940		0
1951369	Akkermansiaceae bacterium UBA6946		0
1953251	Fidelibacterota bacterium UBA6939		0
1946200	Candidatus Neomicrothrix sp. UBA6948		0
1952790	Pseudomonadaceae bacterium UBA6949		0
1948520	Dehalococcoidia bacterium UBA6950		0
1948521	Dehalococcoidia bacterium UBA6951		0
1948523	Dehalococcoidia bacterium UBA6953		0
1948524	Dehalococcoidia bacterium UBA6955		0
1951642	Deinococcaceae bacterium UBA6957		0
1951126	Gemmatimonadales bacterium UBA6960		0
1948519	Dehalococcoidia bacterium UBA6927		0
1947668	Thalassolituus sp. UBA6928		0
1946934	Micavibrio sp. UBA6929		0
1952815	Rhodobacteraceae bacterium UBA6961		0
1952832	Rhodobiaceae bacterium UBA6963		0
1947892	Cyanobacteria bacterium UBA6965		0
1948641	Gammaproteobacteria bacterium UBA6966		0
1948563	Deltaproteobacteria bacterium UBA6967		0
1951060	Flavobacteriales bacterium UBA6969		0
1951061	Flavobacteriales bacterium UBA6970		0
1946936	Micavibrio sp. UBA6971		0
1961516	Bdellovibrionaceae bacterium UBA6502		0
1947292	Pseudoalteromonas sp. UBA6508		0
1948193	Proteobacteria bacterium UBA6503		0
1946805	Maribacter sp. UBA6511		0
1946824	Marinobacter sp. UBA6499		0
1952250	Microbacteriaceae bacterium UBA6524		0
1951922	Halieaceae bacterium UBA6519		0
1961374	Candidatus Peribacter sp. UBA6535		0
1948513	Dehalococcoidia bacterium UBA6537		0
1953243	Fidelibacterota bacterium UBA6530		0
1948858	Patescibacteria group bacterium UBA6539		0
1951387	Alteromonadaceae bacterium UBA3345		0
1946919	Micavibrio sp. UBA3352		0
1945982	Alcanivorax sp. UBA3353		0
1948607	Gammaproteobacteria bacterium UBA3354		0
1946920	Micavibrio sp. UBA3357		0
1945984	Alcanivorax sp. UBA3985		0
1951222	Rhizobiales bacterium UBA3990		0
1946643	Idiomarina sp. UBA3992		0
1948397	Alphaproteobacteria bacterium UBA3994		0
1951908	Halieaceae bacterium UBA3993		0
1946627	Hyphomonas sp. UBA3973		0
1948612	Gammaproteobacteria bacterium UBA3977		0
1951504	Balneolaceae bacterium UBA3974		0
1946647	Idiomarina sp. UBA4520		0
1951509	Balneolaceae bacterium UBA4522		0
1948623	Gammaproteobacteria bacterium UBA4514		0
1946804	Maribacter sp. UBA4516		0
1946646	Idiomarina sp. UBA4519		0
1946634	Hyphomonas sp. UBA4510		0
1946894	Methylophaga sp. UBA4512		0
1951021	Flavobacteriales bacterium UBA4507		0
1948724	Opitutia bacterium UBA4506		0
1951507	Balneolaceae bacterium UBA4499		0
1946632	Hyphomonas sp. UBA4505		0
1946619	Hyphomonas sp. UBA2654		0
1952779	Pseudomonadaceae bacterium UBA4526		0
1946899	Methylophaga sp. UBA5100		0
1952246	Microbacteriaceae bacterium UBA5098		0
1951516	Balneolaceae bacterium UBA5104		0
1948627	Gammaproteobacteria bacterium UBA5078		0
1951514	Balneolaceae bacterium UBA5090		0
1951512	Balneolaceae bacterium UBA5080		0
1951031	Flavobacteriales bacterium UBA5081		0
1945993	Alcanivorax sp. UBA5084		0
1946867	Methylophaga sp. UBA1484		0
1948361	Alphaproteobacteria bacterium UBA1485		0
1951485	Balneolaceae bacterium UBA1486		0
1950783	Cellvibrionales bacterium UBA1483		0
1946638	Idiomarina sp. UBA1478		0
1946613	Hyphomonas sp. UBA1472		0
1951799	Flavobacteriaceae bacterium UBA1473		0
1946122	Brevundimonas sp. UBA1471		0
1950953	Flavobacteriales bacterium UBA1494		0
1951215	Rhizobiales bacterium UBA1489		0
1952768	Pseudomonadaceae bacterium UBA1462		0
1946866	Methylophaga sp. UBA1464		0
1947771	Aequorivita sp. UBA1901		0
1951805	Flavobacteriaceae bacterium UBA1903		0
1948364	Alphaproteobacteria bacterium UBA1904		0
1952822	Rhodobiaceae bacterium UBA1906		0
1947381	Rhodopirellula sp. UBA1907		0
1946615	Hyphomonas sp. UBA1899		0
1945972	Alcanivorax sp. UBA1911		0
1951218	Rhizobiales bacterium UBA1917		0
1946640	Idiomarina sp. UBA1919		0
1951187	Phycisphaerales bacterium UBA1924		0
1948366	Alphaproteobacteria bacterium UBA1925		0
1951806	Flavobacteriaceae bacterium UBA1927		0
1946873	Methylophaga sp. UBA2513		0
1945976	Alcanivorax sp. UBA2509		0
1946470	Erythrobacter sp. UBA2510		0
1946814	Marinobacter sp. UBA2504		0
1946871	Methylophaga sp. UBA2496		0
1946020	Alteromonas sp. UBA2493		0
1952773	Pseudomonadaceae bacterium UBA2494		0
1948713	Opitutia bacterium UBA2520		0
1946911	Micavibrio sp. UBA1983		0
1946910	Micavibrio sp. UBA1968		0
1948588	Gammaproteobacteria bacterium UBA1961		0
1950961	Flavobacteriales bacterium UBA1962		0
1950785	Cellvibrionales bacterium UBA1963		0
1951807	Flavobacteriaceae bacterium UBA1978		0
1948589	Gammaproteobacteria bacterium UBA1979		0
1951385	Alteromonadaceae bacterium UBA1980		0
1948712	Opitutia bacterium UBA1981		0
1950962	Flavobacteriales bacterium UBA1970		0
1948577	Fusobacteriia bacterium UBA1975		0
1951355	Akkermansiaceae bacterium UBA1955		0
1951770	Flammeovirgaceae bacterium UBA1954		0
1950992	Flavobacteriales bacterium UBA3390		0
1951105	Gemmatimonadales bacterium UBA2960		0
1946173	Candidatus Neomicrothrix sp. UBA2961		0
1948376	Alphaproteobacteria bacterium UBA2964		0
1948329	Actinobacteria bacterium UBA2967		0
1948378	Alphaproteobacteria bacterium UBA2973		0
1951107	Gemmatimonadales bacterium UBA2975		0
1948250	Verrucomicrobia bacterium UBA2977		0
1948602	Gammaproteobacteria bacterium UBA2955		0
1950984	Flavobacteriales bacterium UBA2958		0
1953233	Fidelibacterota bacterium UBA3000		0
1948493	Dehalococcoidia bacterium UBA2985		0
1953231	Fidelibacterota bacterium UBA2986		0
1948715	Opitutia bacterium UBA2987		0
1951111	Gemmatimonadales bacterium UBA2989		0
1948113	Latescibacteria bacterium UBA2992		0
1953106	Acidobacteria bacterium UBA2994		0
1951177	Opitutales bacterium UBA2995		0
1953232	Fidelibacterota bacterium UBA2997		0
1951934	Holosporaceae bacterium UBA7879		0
1946214	Candidatus Neomicrothrix sp. UBA7884		0
1946215	Candidatus Neomicrothrix sp. UBA7886		0
1948447	Alphaproteobacteria bacterium UBA7887		0
1946216	Candidatus Neomicrothrix sp. UBA7895		0
1946204	Candidatus Neomicrothrix sp. UBA7352		0
1946205	Candidatus Neomicrothrix sp. UBA7353		0
1948441	Alphaproteobacteria bacterium UBA7371		0
1948213	Proteobacteria bacterium UBA7372		0
1950799	Cellvibrionales bacterium UBA7375		0
1948649	Gammaproteobacteria bacterium UBA7376		0
1952833	Rhodobiaceae bacterium UBA7378		0
1946948	Microbacterium sp. UBA4541		0
1946188	Candidatus Neomicrothrix sp. UBA4542		0
1951070	Flavobacteriales bacterium UBA7382		0
1948526	Dehalococcoidia bacterium UBA7386		0
1947653	Thalassolituus sp. UBA1505		0
1946904	Micavibrio sp. UBA1512		0
1948708	Opitutia bacterium UBA1513		0
1951383	Alteromonadaceae bacterium UBA1517		0
1951353	Akkermansiaceae bacterium UBA1518		0
1951800	Flavobacteriaceae bacterium UBA1519		0
1947013	Olleya sp. UBA1516		0
1946157	Candidatus Neomicrothrix sp. UBA1522		0
1951103	Gemmatimonadales bacterium UBA1525		0
1950955	Flavobacteriales bacterium UBA1531		0
1948585	Gammaproteobacteria bacterium UBA1529		0
1947652	Thalassolituus sp. UBA1503		0
1945969	Alcanivorax sp. UBA1504		0
1953114	Acidobacteria bacterium UBA890		0
1951889	Flavobacteriaceae bacterium UBA891		0
1951890	Flavobacteriaceae bacterium UBA893		0
1951396	Alteromonadaceae bacterium UBA884		0
1946224	Candidatus Neomicrothrix sp. UBA886		0
1946764	Limnobacter sp. UBA882		0
1951179	Opitutales bacterium UBA5694		0
1150997	Marinobacter manganoxydans		0
1951178	Opitutales bacterium UBA5691		0
1948578	Fusobacteriia bacterium UBA6774		0
1948282	Verrucomicrobia bacterium UBA6775		0
1951032	Flavobacteriales bacterium UBA5165		0
1946747	Leeuwenhoekiella sp. UBA6783		0
1951153	Legionellales bacterium UBA6786		0
1952252	Microbacteriaceae bacterium UBA6891		0
1946744	Leeuwenhoekiella sp. UBA1003		0
1951098	Gemmatimonadales bacterium UBA1007		0
1951348	Akkermansiaceae bacterium UBA1011		0
1951347	Akkermansiaceae bacterium UBA1009		0
1948535	Deltaproteobacteria bacterium UBA1014		0
1947453	Salinisphaera sp. UBA1016		0
1952767	Pseudomonadaceae bacterium UBA1017		0
1946933	Micavibrio sp. UBA671		0
1946901	Methylophaga sp. UBA678		0
1947666	Thalassolituus sp. UBA674		0
1946167	Candidatus Neomicrothrix sp. UBA2131		0
1948144	Proteobacteria bacterium UBA2133		0
1953221	Fidelibacterota bacterium UBA2134		0
1948794	Patescibacteria group bacterium UBA2142		0
1948795	Patescibacteria group bacterium UBA2143		0
1946180	Candidatus Neomicrothrix sp. UBA3493		0
1953053	Nitrospinaceae bacterium UBA3496		0
1948609	Gammaproteobacteria bacterium UBA3498		0
1947664	Thalassolituus sp. UBA3500		0
1951113	Gemmatimonadales bacterium UBA3501		0
1961465	Myxococcales bacterium UBA3505		0
1953223	Fidelibacterota bacterium UBA2149		0
1948539	Deltaproteobacteria bacterium UBA2159		0
1953103	Acidobacteria bacterium UBA2161		0
1953225	Fidelibacterota bacterium UBA2151		0
1948482	Dehalococcoidia bacterium UBA2162		0
1952976	Nitrospiraceae bacterium UBA2166		0
1946225	Candidatus Pelagibacter sp. UBA2154		0
1946168	Candidatus Neomicrothrix sp. UBA2155		0
1947245	Prochlorococcus sp. UBA3467		0
1952854	Rhodospirillaceae bacterium UBA3470		0
1961512	Bdellovibrionaceae bacterium UBA3471		0
1952202	Leptospiraceae bacterium UBA3464		0
1947248	Prochlorococcus sp. UBA7448		0
1948216	Proteobacteria bacterium UBA7447		0
1948654	Gammaproteobacteria bacterium UBA7455		0
1952242	Microbacteriaceae bacterium UBA1613		0
1946757	Limnobacter sp. UBA1615		0
1946159	Candidatus Neomicrothrix sp. UBA1617		0
1947663	Thalassolituus sp. UBA2590		0
1946170	Candidatus Neomicrothrix sp. UBA2587		0
1961445	Syntrophaceae bacterium UBA5751		0
1952715	Peptococcaceae bacterium UBA5755		0
1952709	Peptococcaceae bacterium UBA4083		0
1946408	Desulfosporosinus sp. UBA4048		0
1952908	Synergistaceae bacterium UBA4088		0
1948002	Firmicutes bacterium UBA4091		0
1947595	Sulfurospirillum sp. UBA4051		0
1951572	Clostridiaceae bacterium UBA4052		0
1953414	bacterium UBP11_UBA4055		0
1961392	Geobacter sp. UBA4057		0
1961430	Syntrophaceae bacterium UBA4059		0
1953384	Candidatus Shapirobacteria bacterium UBA4062		0
1951409	Anaerolineaceae bacterium UBA4063		0
1952907	Synergistaceae bacterium UBA4066		0
1948816	Patescibacteria group bacterium UBA4067		0
1953398	Candidatus Dojkabacteria bacterium UBA4069		0
1946960	Moorella sp. UBA4076		0
1961394	Geobacter sp. UBA4078		0
1961407	Desulfovibrio sp. UBA4079		0
1946544	Flavobacterium sp. UBA4098		0
1947374	Rheinheimera sp. UBA4099		0
1950649	Bacteroidales bacterium UBA5621		0
1947607	Sulfurovum sp. UBA5622		0
1948832	Patescibacteria group bacterium UBA5624		0
1948505	Dehalococcoidia bacterium UBA5627		0
1951138	Holophagales bacterium UBA5607		0
1948553	Deltaproteobacteria bacterium UBA5609		0
1961379	Pelobacter sp. UBA5610		0
1953386	Candidatus Shapirobacteria bacterium UBA5615		0
1950858	Clostridiales bacterium UBA3578		0
45462	Brevibacillus borstelensis		0
1952228	Methylococcaceae bacterium UBA7658		0
1946322	Chloracidobacterium sp. UBA7659		0
1953060	Phyllobacteriaceae bacterium UBA1940		0
1952798	Rhodobacteraceae bacterium UBA1943		0
1946755	Leucobacter sp. UBA1945		0
1946983	Novosphingobium sp. UBA1948		0
158847	Megamonas hypermegale		0
1946009	Alistipes sp. UBA1825		0
78344	Bifidobacterium pullorum subsp. gallinarum		0
1947407	Ruminococcus sp. UBA1828		0
1946092	Bacteroides sp. UBA939		0
1946017	Alistipes sp. UBA940		0
1952190	Lachnospiraceae bacterium UBA935		0
1946308	Christensenella sp. UBA941		0
1948465	Betaproteobacteria bacterium UBA942		0
1946016	Alistipes sp. UBA936		0
1952449	Ruminococcaceae bacterium UBA945		0
1947903	Cyanobacteria bacterium UBA947		0
1950945	Eggerthellales bacterium UBA948		0
1947761	Treponema sp. UBA937		0
1946014	Alistipes sp. UBA928		0
1950936	Clostridiales bacterium UBA929		0
1947385	Richelia sp. UBA3958		0
1946542	Flavihumibacter sp. UBA7668		0
1946312	Cellvibrio sp. UBA7671		0
1951957	Hyphomonadaceae bacterium UBA7672		0
1953172	Bacteroidetes bacterium UBA7674		0
1948687	Ignavibacteria bacterium UBA7675		0
1946311	Cellvibrio sp. UBA7661		0
1947342	Pseudomonas sp. UBA7679		0
1953171	Bacteroidetes bacterium UBA7662		0
1952943	Verrucomicrobiaceae bacterium UBA7681		0
1946141	Brevundimonas sp. UBA7664		0
1946939	Micavibrio sp. UBA7689		0
1946558	Flavobacterium sp. UBA7665		0
1951084	Flavobacteriales bacterium UBA7690		0
1947897	Cyanobacteria bacterium UBA7694		0
1961498	Bacteriovoracaceae bacterium UBA7695		0
1951865	Flavobacteriaceae bacterium UBA6268		0
1947153	Prevotella sp. UBA4217		0
1952078	Lachnospiraceae bacterium UBA4239		0
1950551	Bacteroidales bacterium UBA4220		0
1946534	Fibrobacter sp. UBA4223		0
1950277			0
1950876	Clostridiales bacterium UBA4224		0
1946958	Mitsuokella sp. UBA4225		0
1950552	Bacteroidales bacterium UBA4227		0
1950553	Bacteroidales bacterium UBA4230		0
1947720	Treponema sp. UBA4232		0
1947301	Pseudobutyrivibrio sp. UBA4234		0
1947563	Streptococcus sp. UBA4235		0
1947154	Prevotella sp. UBA4249		0
1946516	Faecalitalea sp. UBA4271		0
1947800	bacterium UBA4272		0
1946959	Mitsuokella sp. UBA4253		0
1947423	Ruminococcus sp. UBA4275		0
1946096	Bifidobacterium sp. UBA4282		0
1950560	Bacteroidales bacterium UBA4287		0
1952577	Porphyromonadaceae bacterium UBA4259		0
1946668	Kandleria sp. UBA4251		0
1950561	Bacteroidales bacterium UBA4293		0
1951240	Rickettsiales bacterium UBA4311		0
1946517	Faecalitalea sp. UBA4312		0
1947724	Treponema sp. UBA4313		0
1952493	Prevotellaceae bacterium UBA4315		0
1952084	Lachnospiraceae bacterium UBA4316		0
1950565	Bacteroidales bacterium UBA4318		0
1946536	Fibrobacter sp. UBA4297		0
1952086	Lachnospiraceae bacterium UBA4322		0
1950563	Bacteroidales bacterium UBA4298		0
1947726	Treponema sp. UBA4326		0
1947727	Treponema sp. UBA4328		0
1952491	Prevotellaceae bacterium UBA4301		0
1952492	Prevotellaceae bacterium UBA4303		0
1950564	Bacteroidales bacterium UBA4305		0
1946669	Kandleria sp. UBA4329		0
1946519	Faecalitalea sp. UBA4349		0
1952495	Prevotellaceae bacterium UBA4334		0
1950572	Bacteroidales bacterium UBA4353		0
1947426	Ruminococcus sp. UBA4335		0
1952496	Prevotellaceae bacterium UBA4336		0
1947160	Prevotella sp. UBA4339		0
1947161	Prevotella sp. UBA4341		0
1946723	Lachnospira sp. UBA4342		0
1952089	Lachnospiraceae bacterium UBA4355		0
1950574	Bacteroidales bacterium UBA4360		0
1950880	Clostridiales bacterium UBA4362		0
1950575	Bacteroidales bacterium UBA4363		0
1952090	Lachnospiraceae bacterium UBA4364		0
1947162	Prevotella sp. UBA4356		0
1950573	Bacteroidales bacterium UBA4357		0
1952499	Prevotellaceae bacterium UBA4371		0
1947163	Prevotella sp. UBA4376		0
1947142	Prevotella sp. UBA3712		0
1952051	Lachnospiraceae bacterium UBA3732		0
1950866	Clostridiales bacterium UBA3733		0
1947798	bacterium UBA3734		0
1946662	Kandleria sp. UBA3741		0
1946477	Eubacterium sp. UBA3720		0
1950505	Bacteroidales bacterium UBA3724		0
1950506	Bacteroidales bacterium UBA3725		0
1950502	Bacteroidales bacterium UBA3696		0
1946069	Atopobium sp. UBA3697		0
1946660	Kandleria sp. UBA3673		0
1947416	Ruminococcus sp. UBA3707		0
1946785	Mageeibacillus sp. UBA3708		0
1950863	Clostridiales bacterium UBA3680		0
1952045	Lachnospiraceae bacterium UBA3687		0
1952047	Lachnospiraceae bacterium UBA3692		0
1946512	Faecalitalea sp. UBA3667		0
1947298	Pseudobutyrivibrio sp. UBA3655		0
1950494	Bacteroidales bacterium UBA3657		0
1947712	Treponema sp. UBA3659		0
1946784	Mageeibacillus sp. UBA3660		0
1947713	Treponema sp. UBA3662		0
1950495	Bacteroidales bacterium UBA3663		0
1946068	Atopobium sp. UBA3664		0
1947139	Prevotella sp. UBA3671		0
1952038	Lachnospiraceae bacterium UBA3638		0
1948255	Verrucomicrobia bacterium UBA3624		0
1952039	Lachnospiraceae bacterium UBA3641		0
1950491	Bacteroidales bacterium UBA3642		0
1952041	Lachnospiraceae bacterium UBA3644		0
1952483	Prevotellaceae bacterium UBA3646		0
1952319	Ruminococcaceae bacterium UBA3648		0
1948392	Alphaproteobacteria bacterium UBA3650		0
1947297	Pseudobutyrivibrio sp. UBA3626		0
1952482	Prevotellaceae bacterium UBA3627		0
1950860	Clostridiales bacterium UBA3628		0
1946530	Fibrobacter sp. UBA3629		0
1950265			0
1950492	Bacteroidales bacterium UBA3651		0
1946260	Christensenella sp. UBA3798		0
1947884	Cyanobacteria bacterium UBA3803		0
1950518	Bacteroidales bacterium UBA3787		0
1947417	Ruminococcus sp. UBA3752		0
1952322	Ruminococcaceae bacterium UBA3753		0
1946715	Lachnospira sp. UBA3755		0
1953338	Candidatus Saccharibacteria bacterium UBA3749		0
1948257	Verrucomicrobia bacterium UBA3750		0
1947418	Ruminococcus sp. UBA3767		0
1948394	Alphaproteobacteria bacterium UBA3768		0
1946258	Christensenella sp. UBA3771		0
1950514	Bacteroidales bacterium UBA3759		0
1946691	Lachnoclostridium sp. UBA3775		0
1948393	Alphaproteobacteria bacterium UBA3760		0
1948258	Verrucomicrobia bacterium UBA3761		0
1950515	Bacteroidales bacterium UBA3763		0
1952053	Lachnospiraceae bacterium UBA3766		0
1952056	Lachnospiraceae bacterium UBA3777		0
1947146	Prevotella sp. UBA3776		0
1946716	Lachnospira sp. UBA3780		0
1946786	Mageeibacillus sp. UBA3781		0
1946479	Eubacterium sp. UBA3782		0
1946719	Lachnospira sp. UBA3852		0
1950270			0
1946261	Christensenella sp. UBA3857		0
1946262	Christensenella sp. UBA3859		0
1952072	Lachnospiraceae bacterium UBA3865		0
1961563	Desulfovibrionaceae bacterium UBA3867		0
1947973	Firmicutes bacterium UBA3871		0
1948260	Verrucomicrobia bacterium UBA3838		0
1946665	Kandleria sp. UBA3840		0
1950530	Bacteroidales bacterium UBA3844		0
1952068	Lachnospiraceae bacterium UBA3847		0
1947151	Prevotella sp. UBA3848		0
1952487	Prevotellaceae bacterium UBA3849		0
1952968	Oscillospiraceae bacterium UBA3851		0
1947716	Treponema sp. UBA3817		0
1950869	Clostridiales bacterium UBA3805		0
1946533	Fibrobacter sp. UBA3806		0
1946664	Kandleria sp. UBA3822		0
1950525	Bacteroidales bacterium UBA3824		0
1950523	Bacteroidales bacterium UBA3810		0
1951932	Holosporaceae bacterium UBA3830		0
1952061	Lachnospiraceae bacterium UBA3804		0
1951242	Selenomonadales bacterium UBA3815		0
1952312	Ruminococcaceae bacterium UBA3220		0
1950852	Clostridiales bacterium UBA3223		0
1947710	Treponema sp. UBA3224		0
1947914	Elusimicrobia bacterium UBA3209		0
1950258			0
1952021	Lachnospiraceae bacterium UBA3226		0
1946713	Lachnospira sp. UBA3212		0
1948253	Verrucomicrobia bacterium UBA3214		0
1952311	Ruminococcaceae bacterium UBA3215		0
1946255	Christensenella sp. UBA3217		0
1953334	Candidatus Saccharibacteria bacterium UBA3218		0
1951788	Flammeovirgaceae bacterium UBA5867		0
1951040	Flavobacteriales bacterium UBA5869		0
1951041	Flavobacteriales bacterium UBA5871		0
1951202	Phycisphaerales bacterium UBA5793		0
1950665	Bacteroidales bacterium UBA6013		0
1946382	Collimonas sp. UBA1456		0
1947593	Sulfurospirillum sp. UBA1457		0
1961489	Bacteriovoracaceae bacterium UBA6153		0
1947815	bacterium UBA6154		0
1948089	Firmicutes bacterium UBA6155		0
1948191	Proteobacteria bacterium UBA6156		0
1947692	Thiocapsa sp. UBA6158		0
1951301	Acetobacteraceae bacterium UBA6159		0
1952847	Rhodocyclaceae bacterium UBA6160		0
1953165	Bacteroidetes bacterium UBA6161		0
1952951	Prolixibacteraceae bacterium UBA6162		0
1952737	Planctomycetaceae bacterium UBA6163		0
1947395	Roseovarius sp. UBA6167		0
1951442	Anaerolineaceae bacterium UBA6170		0
1953363	Candidatus Saccharibacteria bacterium UBA6175		0
1948271	Verrucomicrobia bacterium UBA6176		0
1951241	Rickettsiales bacterium UBA6177		0
1948416	Alphaproteobacteria bacterium UBA6178		0
1953305	Candidatus Pacebacteria bacterium UBA6180		0
1951330	Acholeplasmataceae bacterium UBA6181		0
1951367	Akkermansiaceae bacterium UBA6138		0
1951331	Acholeplasmataceae bacterium UBA6190		0
1953420	bacterium UBP17_UBA6191		0
1946927	Micavibrio sp. UBA6139		0
1952809	Rhodobacteraceae bacterium UBA6141		0
1951748	Erysipelotrichaceae bacterium UBA6143		0
1952225	Methylococcaceae bacterium UBA6146		0
1948415	Alphaproteobacteria bacterium UBA6149		0
1961399	Geobacter sp. UBA6151		0
2829351	Candidatus Xenobium occultum		0
1946414	Desulfosporosinus sp. UBA6075		0
1950909	Clostridiales bacterium UBA6114		0
1961449	Syntrophaceae bacterium UBA6078		0
1953433	bacterium UBP4_UBA6127		0
1950220	Anaerolineales bacterium UBA6128		0
1953187	candidate division Hyd24-12 bacterium UBA6080		0
1952720	Peptococcaceae bacterium UBA6129		0
1950221	Anaerolineales bacterium UBA6131		0
1948088	Firmicutes bacterium UBA6132		0
1952931	Verrucomicrobia subdivision 3 bacterium UBA6082		0
1961450	Syntrophaceae bacterium UBA6087		0
1952718	Peptococcaceae bacterium UBA6096		0
1947871	Cloacimonetes bacterium UBA6097		0
1953128	Actinobacteria bacterium UBA6100		0
1952925	Synergistaceae bacterium UBA6101		0
1948843	Patescibacteria group bacterium UBA6102		0
1948560	Deltaproteobacteria bacterium UBA6106		0
1951440	Anaerolineaceae bacterium UBA6107		0
1961451	Syntrophaceae bacterium UBA6109		0
1952862	Rhodospirillaceae bacterium UBA6219		0
1953365	Candidatus Saccharibacteria bacterium UBA6223		0
1948509	Dehalococcoidia bacterium UBA6227		0
1961414	Thermodesulfobacteriaceae bacterium UBA6232		0
1948510	Dehalococcoidia bacterium UBA6234		0
1952812	Rhodobacteraceae bacterium UBA6236		0
1952926	Synergistaceae bacterium UBA6237		0
1947372	Pusillimonas sp. UBA6240		0
1948849	Patescibacteria group bacterium UBA6241		0
1948092	Firmicutes bacterium UBA6245		0
1953270	Candidatus Omnitrophica bacterium UBA6249		0
1953271	Candidatus Omnitrophica bacterium UBA6253		0
1953367	Candidatus Saccharibacteria bacterium UBA6258		0
1952810	Rhodobacteraceae bacterium UBA6197		0
1950314			0
1948315	Caldifarciminota bacterium UBA6260		0
1947537	Sphingopyxis sp. UBA6198		0
1947839	Chloroflexi bacterium UBA6265		0
1953431	bacterium UBP3_UBA6266		0
1961491	Bacteriovoracaceae bacterium UBA6200		0
1947589	Sulfurimonas sp. UBA6193		0
1946555	Flavobacterium sp. UBA6203		0
1951750	Erysipelotrichaceae bacterium UBA6204		0
1947679	Thauera sp. UBA6194		0
1953364	Candidatus Saccharibacteria bacterium UBA6209		0
1952963	Propionibacteriaceae bacterium UBA6214		0
1947946	Firmicutes bacterium UBA2203		0
1952904	Synergistaceae bacterium UBA2204		0
1953299	Candidatus Moranbacteria bacterium UBA2206		0
1961424	Syntrophaceae bacterium UBA2208		0
1961543	Desulfobulbaceae bacterium UBA2213		0
1947823	bacterium UBA2214		0
1953228	Fidelibacterota bacterium UBA2216		0
1961382	Smithella sp. UBA2180		0
1947824	bacterium UBA2219		0
1947793	bacterium UBA2220		0
1950941	Deferribacterales bacterium UBA2228		0
1947794	bacterium UBA2229		0
1961531	Desulfobacteraceae bacterium UBA2230		0
1953117	Actinobacteria bacterium UBA2184		0
1950192	Anaerolineales bacterium UBA2232		0
1947685	Thiobacillus sp. UBA2186		0
1953092	Acetothermia bacterium UBA2187		0
1961421	Syntrophaceae bacterium UBA2188		0
1961389	Geobacter sp. UBA2189		0
1961530	Desulfobacteraceae bacterium UBA2174		0
47920	Acidovorax delafieldii		0
1961422	Syntrophaceae bacterium UBA2192		0
1948798	Patescibacteria group bacterium UBA2193		0
1953393	Candidatus Dojkabacteria bacterium UBA2177		0
1952977	Nitrospiraceae bacterium UBA2194		0
1946751	Leptolinea sp. UBA2195		0
1948117	Nitrospirae bacterium UBA2233		0
1945958	Acinetobacter sp. UBA801		0
1945957	Acinetobacter sp. UBA797		0
1951237	Rickettsiales bacterium UBA2461		0
1948245	Verrucomicrobia bacterium UBA2460		0
1947076	Polynucleobacter sp. UBA2464		0
1946609	Hylemonella sp. UBA2468		0
1950772	Burkholderiales bacterium UBA2470		0
1946529	Fibrobacter sp. UBA2449		0
1947087	Prevotella sp. UBA2444		0
1947088	Prevotella sp. UBA2445		0
1947109	Prevotella sp. UBA2750		0
1952472	Prevotellaceae bacterium UBA2752		0
1947108	Prevotella sp. UBA2747		0
1952471	Prevotellaceae bacterium UBA2749		0
1947106	Prevotella sp. UBA2745		0
1952542	Porphyromonadaceae bacterium UBA2741		0
1952468	Prevotellaceae bacterium UBA2736		0
1947101	Prevotella sp. UBA2737		0
1952475	Prevotellaceae bacterium UBA2761		0
1947110	Prevotella sp. UBA2754		0
1947111	Prevotella sp. UBA2755		0
1947112	Prevotella sp. UBA2756		0
1952473	Prevotellaceae bacterium UBA2757		0
1950451	Bacteroidales bacterium UBA2717		0
1952467	Prevotellaceae bacterium UBA2718		0
1952300	Ruminococcaceae bacterium UBA2719		0
1950452	Bacteroidales bacterium UBA2721		0
1950453	Bacteroidales bacterium UBA2722		0
1950448	Bacteroidales bacterium UBA2712		0
1947096	Prevotella sp. UBA2725		0
1951991	Lachnospiraceae bacterium UBA2731		0
1947099	Prevotella sp. UBA2732		0
1947100	Prevotella sp. UBA2735		0
1952177	Lachnospiraceae bacterium UBA7742		0
1952179	Lachnospiraceae bacterium UBA7749		0
1952180	Lachnospiraceae bacterium UBA7750		0
1950359			0
1952181	Lachnospiraceae bacterium UBA7754		0
1947821	bacterium UBA7758		0
1947234	Prevotella sp. UBA7765		0
1952184	Lachnospiraceae bacterium UBA7766		0
1952185	Lachnospiraceae bacterium UBA7767		0
1947580	Succinatimonas sp. UBA7771		0
1946421	Dialister sp. UBA7772		0
1946081	Atopobium sp. UBA7774		0
1946486	Eubacterium sp. UBA7775		0
1950756	Bacteroidales bacterium UBA7776		0
1947901	Cyanobacteria bacterium UBA7778		0
1947480	Sphaerochaeta sp. UBA7781		0
1947238	Prevotella sp. UBA7782		0
1948656	Gammaproteobacteria bacterium UBA7786		0
1947581	Succinatimonas sp. UBA7790		0
1947227	Prevotella sp. UBA7727		0
1947228	Prevotella sp. UBA7728		0
1952175	Lachnospiraceae bacterium UBA7730		0
1948655	Gammaproteobacteria bacterium UBA7724		0
1947229	Prevotella sp. UBA7735		0
1946077	Atopobium sp. UBA7740		0
1952160	Lachnospiraceae bacterium UBA7257		0
1947207	Prevotella sp. UBA7254		0
1953025	Selenomonadaceae bacterium UBA7260		0
1951598	Clostridiales bacterium UBA7285		0
1953026	Selenomonadaceae bacterium UBA7286		0
1951475	Atopobiaceae bacterium UBA7288		0
1952686	Porphyromonadaceae bacterium UBA7289		0
1950732	Bacteroidales bacterium UBA7293		0
1947212	Prevotella sp. UBA7280		0
1947210	Prevotella sp. UBA7267		0
1950729	Bacteroidales bacterium UBA7268		0
1950730	Bacteroidales bacterium UBA7271		0
1952162	Lachnospiraceae bacterium UBA7272		0
1947479	Sphaerochaeta sp. UBA7274		0
1947894	Cyanobacteria bacterium UBA7275		0
1952161	Lachnospiraceae bacterium UBA7264		0
1952163	Lachnospiraceae bacterium UBA7276		0
1947576	Succinatimonas sp. UBA7265		0
1951238	Rickettsiales bacterium UBA2645		0
1950775	Burkholderiales bacterium UBA2648		0
1948246	Verrucomicrobia bacterium UBA2644		0
1947827	Chloroflexi bacterium UBA2235		0
1948738	Opitutia bacterium UBA7397		0
1946994	Nitrospira sp. UBA667		0
1953376	Candidatus Saccharibacteria bacterium UBA669		0
1946576	Gordonia sp. UBA6487		0
1947842	Cloacimonetes bacterium UBA1060		0
1947004	Oblitimonas sp. UBA4037		0
1946049	Arcobacter sp. UBA4038		0
1951149	Legionellales bacterium UBA4759		0
1951182	Pelagibacterales bacterium UBA4760		0
1952233	Methylocystaceae bacterium UBA5192		0
1951436	Anaerolineaceae bacterium UBA5838		0
1948084	Firmicutes bacterium UBA5848		0
1952923	Synergistaceae bacterium UBA5850		0
1947072	Petrotoga sp. UBA5851		0
1961542	Desulfobacteraceae bacterium UBA5852		0
1950657	Bacteroidales bacterium UBA5843		0
1946037	Aminobacterium sp. UBA5845		0
1950658	Bacteroidales bacterium UBA5854		0
1945906	Acetobacterium sp. UBA5558		0
1952892	Spirochaetaceae bacterium UBA5556		0
1953451	bacterium UBP9_UBA5552		0
1948288	Verrucomicrobia bacterium UBA6982		0
1950341			0
1947745	Treponema sp. UBA6988		0
1950721	Bacteroidales bacterium UBA6990		0
1952521	Prevotellaceae bacterium UBA6974		0
1946800	Mageeibacillus sp. UBA6976		0
1947434	Ruminococcus sp. UBA7013		0
1947435	Ruminococcus sp. UBA7014		0
1950919	Clostridiales bacterium UBA6999		0
1952524	Prevotellaceae bacterium UBA7002		0
1947575	Succinatimonas sp. UBA7006		0
1948289	Verrucomicrobia bacterium UBA7008		0
1951474	Atopobiaceae bacterium UBA7016		0
1952526	Prevotellaceae bacterium UBA7028		0
1952426	Ruminococcaceae bacterium UBA7030		0
1951183	Phycisphaerales bacterium UBA1161		0
1948472	Dehalococcoidia bacterium UBA1162		0
1961416	Syntrophaceae bacterium UBA1163		0
1952934	Verrucomicrobia subdivision 3 bacterium UBA7542		0
1951557	Chitinophagaceae bacterium UBA4407		0
1953158	Bacteroidetes bacterium UBA4408		0
1951858	Flavobacteriaceae bacterium UBA5535		0
1950646	Bacteroidales bacterium UBA5537		0
1948831	Patescibacteria group bacterium UBA5532		0
1952844	Rhodocyclaceae bacterium UBA5533		0
1951859	Flavobacteriaceae bacterium UBA5544		0
1950366			0
1951378	Alcaligenaceae bacterium UBA971		0
1950782	Burkholderiales bacterium UBA954		0
1951375	Akkermansiaceae bacterium UBA956		0
1948745	Opitutia bacterium UBA957		0
146919	Salinibacter ruber		0
1951090	Flavobacteriales bacterium UBA952		0
1950778	Burkholderiales bacterium UBA4615		0
1962725	Richelia intracellularis UBA7409		0
1948741	Opitutia bacterium UBA7445		0
1951877	Flavobacteriaceae bacterium UBA7351		0
1946384	Collinsella sp. UBA1690		0
1950417	Bacteroidales bacterium UBA1680		0
1952539	Porphyromonadaceae bacterium UBA1681		0
1952902	Synergistaceae bacterium UBA1704		0
1951804	Flavobacteriaceae bacterium UBA1682		0
154046	Hungatella hathewayi		0
1951978	Lachnospiraceae bacterium UBA1712		0
1952460	Prevotellaceae bacterium UBA1746		0
1946149	Campylobacter sp. UBA1713		0
1950831	Clostridiales bacterium UBA1752		0
1951986	Lachnospiraceae bacterium UBA1760		0
1947941	Firmicutes bacterium UBA1764		0
1950432	Bacteroidales bacterium UBA1769		0
1946506	Faecalibacterium sp. UBA1771		0
1946527	Fibrobacter sp. UBA1717		0
1950246			0
1946686	Lachnoclostridium sp. UBA1781		0
1952457	Prevotellaceae bacterium UBA1720		0
1953318	Candidatus Saccharibacteria bacterium UBA1788		0
3083132	Candidatus Scybalocola fimicaballi		0
1947458	Solobacterium sp. UBA1789		0
1947792	bacterium UBA1790		0
1950423	Bacteroidales bacterium UBA1725		0
1952458	Prevotellaceae bacterium UBA1726		0
1950245			0
1951981	Lachnospiraceae bacterium UBA1729		0
1948691	Lentisphaeria bacterium UBA1732		0
1952455	Prevotellaceae bacterium UBA1710		0
1952290	Ruminococcaceae bacterium UBA1734		0
1950425	Bacteroidales bacterium UBA1735		0
1947940	Firmicutes bacterium UBA1739		0
1952027	Lachnospiraceae bacterium UBA3302		0
1950477	Bacteroidales bacterium UBA3289		0
1953336	Candidatus Saccharibacteria bacterium UBA3304		0
1952028	Lachnospiraceae bacterium UBA3305		0
1947413	Ruminococcus sp. UBA3306		0
1950478	Bacteroidales bacterium UBA3290		0
1948807	Patescibacteria group bacterium UBA3291		0
1950479	Bacteroidales bacterium UBA3292		0
1950855	Clostridiales bacterium UBA3293		0
1952026	Lachnospiraceae bacterium UBA3287		0
1950988	Flavobacteriales bacterium UBA3135		0
1950997	Flavobacteriales bacterium UBA3477		0
1948190	Proteobacteria bacterium UBA5953		0
1946066	Atopobium sp. UBA2090		0
1680	Bifidobacterium adolescentis		0
1946508	Faecalibacterium sp. UBA2087		0
1945924	Candidatus Igneacidithiobacillus taiwanensis		0
1947686	Thiobacillus sp. UBA2487		0
1946050	Arcobacter sp. UBA6788		0
1951968	Kosmotogaceae bacterium UBA6818		0
1946051	Arcobacter sp. UBA6789		0
1947598	Sulfurospirillum sp. UBA6790		0
1961401	Geobacter sp. UBA6802		0
1952927	Synergistaceae bacterium UBA6804		0
1948099	Firmicutes bacterium UBA6806		0
1948517	Dehalococcoidia bacterium UBA6808		0
1952899	Spirochaetaceae bacterium UBA6809		0
1948100	Firmicutes bacterium UBA6811		0
1961567	Desulfovibrionaceae bacterium UBA6814		0
1952265	Moraxellaceae bacterium UBA2477		0
1950442	Bacteroidales bacterium UBA2267		0
1947949	Firmicutes bacterium UBA2269		0
1951571	Clostridiaceae bacterium UBA2240		0
1948483	Dehalococcoidia bacterium UBA2243		0
1961532	Desulfobacteraceae bacterium UBA2245		0
1961544	Desulfobulbaceae bacterium UBA2248		0
1950439	Bacteroidales bacterium UBA2249		0
1961426	Syntrophaceae bacterium UBA2251		0
1947948	Firmicutes bacterium UBA2261		0
1953084	Gallionellaceae bacterium UBA2239		0
1961545	Desulfobulbaceae bacterium UBA2262		0
1950441	Bacteroidales bacterium UBA2263		0
1947951	Firmicutes bacterium UBA2296		0
1961547	Desulfobulbaceae bacterium UBA2273		0
1951406	Anaerolineaceae bacterium UBA2274		0
1961427	Syntrophaceae bacterium UBA2280		0
1953300	Candidatus Moranbacteria bacterium UBA2282		0
1950193	Anaerolineales bacterium UBA2285		0
1947606	Sulfurovum sp. UBA5198		0
1953426	bacterium UBP2_UBA5202		0
1950605	Bacteroidales bacterium UBA5206		0
1953275	Candidatus Collierbacteria bacterium UBA5208		0
1947855	Cloacimonetes bacterium UBA5210		0
1951422	Anaerolineaceae bacterium UBA5211		0
1961436	Syntrophaceae bacterium UBA4797		0
1948757	Spirochaetia bacterium UBA4802		0
1953409	bacterium UBP1_UBA4771		0
1953385	Candidatus Shapirobacteria bacterium UBA4809		0
1951136	Holophagales bacterium UBA4812		0
1950593	Bacteroidales bacterium UBA4814		0
1947533	Sphingomonas sp. UBA4815		0
1961439	Syntrophaceae bacterium UBA4816		0
1950210	Anaerolineales bacterium UBA4823		0
1953099	Acetothermia bacterium UBA4777		0
1947604	Sulfurovum sp. UBA4779		0
1953425	bacterium UBP2_UBA4780		0
1947605	Sulfurovum sp. UBA4790		0
1953180	Caldiserica bacterium UBA4770		0
1948548	Deltaproteobacteria bacterium UBA4796		0
1948605	Gammaproteobacteria bacterium UBA3067		0
1946584	Halomonas sp. UBA3074		0
1948545	Deltaproteobacteria bacterium UBA3076		0
1948311	Caldifarciminota bacterium UBA3079		0
1961428	Syntrophaceae bacterium UBA3084		0
1951232	Rhodobacterales bacterium UBA3089		0
1951817	Flavobacteriaceae bacterium UBA2765		0
1948155	Proteobacteria bacterium UBA2770		0
1961533	Desulfobacteraceae bacterium UBA2771		0
1952801	Rhodobacteraceae bacterium UBA2776		0
1948487	Dehalococcoidia bacterium UBA2777		0
1952220	Methylococcaceae bacterium UBA2778		0
1952221	Methylococcaceae bacterium UBA2780		0
1952264	Moraxellaceae bacterium UBA2032		0
1952201	Leptospiraceae bacterium UBA2033		0
1950794	Cellvibrionales bacterium UBA4495		0
1946967	Allomuricauda sp. UBA4497		0
1946675	Kordiimonas sp. UBA4487		0
1945989	Alcanivorax sp. UBA4488		0
1946862	Methylobacter sp. UBA6696		0
1946863	Methylobacter sp. UBA6701		0
173365	Methylobacter tundripaludum		0
1946912	Micavibrio sp. UBA2020		0
1950762	Bacteroidetes bacterium UBA2024		0
1946315	Chloracidobacterium sp. UBA2026		0
1946326	Chthonomonas sp. UBA2017		0
1953323	Candidatus Saccharibacteria bacterium UBA2018		0
1951038	Flavobacteriales bacterium UBA5594		0
1946340	Chthonomonas sp. UBA5584		0
1953355	Candidatus Saccharibacteria bacterium UBA5588		0
1947696	Thiothrix sp. UBA2332		0
1951601	Comamonadaceae bacterium UBA2334		0
2954387	Candidatus Accumulibacter iunctus		0
1951775	Flammeovirgaceae bacterium UBA2338		0
1961506	Bdellovibrionaceae bacterium UBA2339		0
1953325	Candidatus Saccharibacteria bacterium UBA2340		0
1946330	Chthonomonas sp. UBA2328		0
1946331	Chthonomonas sp. UBA2344		0
1953146	Bacteroidetes bacterium UBA2331		0
1946316	Chloracidobacterium sp. UBA2345		0
1948543	Deltaproteobacteria bacterium UBA2409		0
1950200	Anaerolineales bacterium UBA2414		0
1952875	Saprospiraceae bacterium UBA2415		0
1948674	Ignavibacteria bacterium UBA2418		0
1951549	Chitinophagaceae bacterium UBA2419		0
1952996	Opitutaceae bacterium UBA2422		0
1950977	Flavobacteriales bacterium UBA2423		0
1952876	Saprospiraceae bacterium UBA2425		0
1961479	Bacteriovoracaceae bacterium UBA2428		0
1948673	Ignavibacteria bacterium UBA2408		0
1952942	Verrucomicrobiaceae bacterium UBA2429		0
1950199	Anaerolineales bacterium UBA2395		0
1951776	Flammeovirgaceae bacterium UBA2352		0
1952839	Rhodocyclaceae bacterium UBA2346		0
1952870	Saprospiraceae bacterium UBA2365		0
1951777	Flammeovirgaceae bacterium UBA2366		0
1951357	Akkermansiaceae bacterium UBA2367		0
1953283	Candidatus Gottesmanbacteria bacterium UBA2370		0
1951778	Flammeovirgaceae bacterium UBA2371		0
1953278	Candidatus Falkowbacteria bacterium UBA2372		0
1950197	Anaerolineales bacterium UBA2374		0
1961464	Myxococcales bacterium UBA2376		0
1953148	Bacteroidetes bacterium UBA2359		0
1950195	Anaerolineales bacterium UBA2323		0
1950194	Anaerolineales bacterium UBA2317		0
1951773	Flammeovirgaceae bacterium UBA2318		0
1952776	Pseudomonadaceae bacterium UBA3161		0
1952775	Pseudomonadaceae bacterium UBA3156		0
1948718	Opitutia bacterium UBA3151		0
1951753	Erythrobacteraceae bacterium UBA2640		0
1950981	Flavobacteriales bacterium UBA2636		0
1946917	Micavibrio sp. UBA2638		0
1946186	Candidatus Neomicrothrix sp. UBA4144		0
1946821	Marinobacter sp. UBA4153		0
1961466	Myxococcales bacterium UBA4151		0
1946181	Candidatus Neomicrothrix sp. UBA3506		0
1946183	Candidatus Neomicrothrix sp. UBA3508		0
1951115	Gemmatimonadales bacterium UBA3512		0
1948554	Deltaproteobacteria bacterium UBA5684		0
1948187	Proteobacteria bacterium UBA5686		0
1953236	Fidelibacterota bacterium UBA5675		0
1947053	Paracoccus sp. UBA4165		0
1951841	Flavobacteriaceae bacterium UBA4166		0
1948810	Patescibacteria group bacterium UBA3524		0
1948611	Gammaproteobacteria bacterium UBA3532		0
1946184	Candidatus Neomicrothrix sp. UBA3522		0
1946944	Microbacterium sp. UBA1667		0
1947655	Thalassolituus sp. UBA1670		0
1946908	Micavibrio sp. UBA1672		0
1948137	Proteobacteria bacterium UBA1673		0
1948792	Patescibacteria group bacterium UBA2106		0
1947659	Thalassolituus sp. UBA2107		0
1948790	Candidatus Minusculum obligatum		0
1946164	Candidatus Neomicrothrix sp. UBA2110		0
1946165	Candidatus Neomicrothrix sp. UBA2111		0
1950973	Flavobacteriales bacterium UBA2113		0
1961504	Bdellovibrionaceae bacterium UBA1609		0
1952241	Microbacteriaceae bacterium UBA1607		0
1946942	Microbacterium sp. UBA1612		0
1952741	Planctomycetaceae bacterium UBA721		0
1946201	Candidatus Neomicrothrix sp. UBA722		0
1952218	Methylococcaceae bacterium UBA1114		0
1951798	Flavobacteriaceae bacterium UBA1115		0
1948703	Opitutia bacterium UBA1116		0
1948228	Verrucomicrobia bacterium UBA1096		0
1946941	Microbacterium sp. UBA1097		0
1952818	Rhodobiaceae bacterium UBA1098		0
1948229	Verrucomicrobia bacterium UBA1100		0
1951349	Akkermansiaceae bacterium UBA1090		0
1948581	Gammaproteobacteria bacterium UBA1118		0
1948582	Gammaproteobacteria bacterium UBA1119		0
1948536	Deltaproteobacteria bacterium UBA1121		0
1948466	Dehalococcoidia bacterium UBA1122		0
1948467	Dehalococcoidia bacterium UBA1123		0
1952748	Porticoccaceae bacterium UBA1117		0
1951100	Gemmatimonadales bacterium UBA1125		0
1946876	Methylophaga sp. UBA2673		0
1946815	Marinobacter sp. UBA2678		0
1951815	Flavobacteriaceae bacterium UBA2674		0
1951816	Flavobacteriaceae bacterium UBA2677		0
1951256	Sphingomonadales bacterium UBA2683		0
1947311	Pseudomonas sp. UBA2684		0
1945978	Alcanivorax sp. UBA2685		0
1946877	Methylophaga sp. UBA2687		0
1950982	Flavobacteriales bacterium UBA2669		0
1948594	Gammaproteobacteria bacterium UBA2663		0
1951490	Balneolaceae bacterium UBA2665		0
1947365	Pusillimonas sp. UBA2666		0
1948595	Gammaproteobacteria bacterium UBA2668		0
1946875	Methylophaga sp. UBA2661		0
1951498	Balneolaceae bacterium UBA3186		0
1951198	Phycisphaerales bacterium UBA3190		0
1946881	Methylophaga sp. UBA3191		0
1947773	Aequorivita sp. UBA3180		0
1951496	Balneolaceae bacterium UBA3181		0
1945980	Alcanivorax sp. UBA3183		0
1946883	Methylophaga sp. UBA3196		0
1951825	Flavobacteriaceae bacterium UBA3197		0
1951537	Caulobacteraceae bacterium UBA3198		0
1946622	Hyphomonas sp. UBA3195		0
1946623	Hyphomonas sp. UBA3201		0
1948381	Alphaproteobacteria bacterium UBA3203		0
1946585	Halomonas sp. UBA3173		0
1946569	Gillisia sp. UBA3175		0
1951824	Flavobacteriaceae bacterium UBA3179		0
1946888	Methylophaga sp. UBA3613		0
1946887	Methylophaga sp. UBA3603		0
1947583	Sulfitobacter sp. UBA3610		0
1947775	Aequorivita sp. UBA3599		0
1947367	Pusillimonas sp. UBA3600		0
1951502	Balneolaceae bacterium UBA3597		0
1946626	Hyphomonas sp. UBA3601		0
1951220	Rhizobiales bacterium UBA3584		0
1952825	Rhodobiaceae bacterium UBA4205		0
1961485	Bacteriovoracaceae bacterium UBA4207		0
1946060	Arsukibacterium sp. UBA4203		0
1946629	Hyphomonas sp. UBA4208		0
1953341	Candidatus Saccharibacteria bacterium UBA4215		0
1951511	Balneolaceae bacterium UBA5064		0
1951201	Phycisphaerales bacterium UBA5048		0
1961370	Ponticoccus sp. UBA5052		0
1952983	Nitrospiraceae bacterium UBA6902		0
1948686	Ignavibacteria bacterium UBA6906		0
1948461	Betaproteobacteria bacterium UBA6904		0
1948862	Patescibacteria group bacterium UBA6899		0
1948207	Proteobacteria bacterium UBA6915		0
1948211	Proteobacteria bacterium UBA6921		0
1953110	Acidobacteria bacterium UBA6911		0
1947928	Fibrobacteres bacterium UBA5070		0
1946422	Dietzia sp. UBA5065		0
1951036	Flavobacteriales bacterium UBA5523		0
1951027	Flavobacteriales bacterium UBA5013		0
1951026	Flavobacteriales bacterium UBA5011		0
1948625	Gammaproteobacteria bacterium UBA5012		0
1946400	Dechloromonas sp. UBA5016		0
1946401	Candidatus Dechloromonas phosphoritropha		0
1951784	Flammeovirgaceae bacterium UBA4659		0
1951025	Flavobacteriales bacterium UBA4660		0
1948178	Proteobacteria bacterium UBA4656		0
1947953	Firmicutes bacterium UBA2557		0
1948802	Patescibacteria group bacterium UBA2558		0
1951171	Micrococcales bacterium UBA3972		0
1950993	Flavobacteriales bacterium UBA3425		0
1952756	Porticoccaceae bacterium UBA3426		0
1946766	Loktanella sp. UBA3427		0
1951554	Chitinophagaceae bacterium UBA3430		0
1948385	Alphaproteobacteria bacterium UBA3439		0
1950994	Flavobacteriales bacterium UBA3431		0
1951169	Micrococcales bacterium UBA3432		0
1952806	Rhodobacteraceae bacterium UBA3443		0
1952759	Porticoccaceae bacterium UBA3445		0
1950968	Flavobacteriales bacterium UBA2035		0
1952751	Porticoccaceae bacterium UBA2036		0
1950969	Flavobacteriales bacterium UBA2040		0
1948414	Alphaproteobacteria bacterium UBA6062		0
1947389	Roseivirga sp. UBA6052		0
1951203	Phycisphaerales bacterium UBA6054		0
1948270	Verrucomicrobia bacterium UBA6056		0
1946653	Jejuia sp. UBA6058		0
1951863	Flavobacteriaceae bacterium UBA5968		0
1947812	bacterium UBA5966		0
1948120	Nitrospirae bacterium UBA5696		0
1948122	Nitrospirae bacterium UBA6678		0
1947817	bacterium UBA7390		0
1961515	Bdellovibrionaceae bacterium UBA5009		0
1948823	Patescibacteria group bacterium UBA5007		0
1947661	Thalassolituus sp. UBA2527		0
1947662	Thalassolituus sp. UBA2535		0
1946226	Candidatus Ruthia sp. UBA2013		0
1951752	Erythrobacteraceae bacterium UBA2014		0
1952772	Pseudomonadaceae bacterium UBA2015		0
1948593	Gammaproteobacteria bacterium UBA2549		0
1948153	Proteobacteria bacterium UBA2545		0
1951157	Methylophilales bacterium UBA2546		0
1948592	Gammaproteobacteria bacterium UBA2539		0
1948327	Actinobacteria bacterium UBA2541		0
1951602	Comamonadaceae bacterium UBA2543		0
1951158	Methylophilales bacterium UBA3018		0
1952935	Verrucomicrobia subdivision 6 bacterium UBA3008		0
1948331	Actinobacteria bacterium UBA3009		0
1948457	Betaproteobacteria bacterium UBA3119		0
1948337	Actinobacteria bacterium UBA3120		0
1950987	Flavobacteriales bacterium UBA3121		0
1952997	Opitutaceae bacterium UBA3033		0
1951159	Methylophilales bacterium UBA3027		0
1948334	Actinobacteria bacterium UBA3028		0
1945920	Acidimicrobium sp. UBA3029		0
1948167	Proteobacteria bacterium UBA3413		0
1952937	Verrucomicrobia subdivision 6 bacterium UBA4027		0
1945923	Acidimicrobium sp. UBA4028		0
1951839	Flavobacteriaceae bacterium UBA4029		0
1953157	Bacteroidetes bacterium UBA4032		0
1952760	Porticoccaceae bacterium UBA4010		0
1947582	Sulfitobacter sp. UBA1132		0
1950187	Anaerolineales bacterium UBA1136		0
1951102	Gemmatimonadales bacterium UBA1142		0
2743	Marinobacter nauticus		0
1948125	Planctomycetes bacterium UBA1146		0
1948131	Proteobacteria bacterium UBA1148		0
1953411	bacterium UBP10_UBA1149		0
1953279	Candidatus Falkowbacteria bacterium UBA6576		0
1953289	Candidatus Gottesmanbacteria bacterium UBA6577		0
1953373	Candidatus Saccharibacteria bacterium UBA6579		0
1953291	Candidatus Gottesmanbacteria bacterium UBA6581		0
1961495	Bacteriovoracaceae bacterium UBA6582		0
1953369	Candidatus Saccharibacteria bacterium UBA6572		0
1953371	Candidatus Saccharibacteria bacterium UBA6574		0
1953372	Candidatus Saccharibacteria bacterium UBA6575		0
1961487	Bacteriovoracaceae bacterium UBA5945		0
1953313	Candidatus Saccharibacteria bacterium UBA1050		0
1947061	Pedobacter sp. UBA5917		0
1948867	Patescibacteria group bacterium UBA918		0
1953282	Candidatus Falkowbacteria bacterium UBA919		0
1948868	Patescibacteria group bacterium UBA920		0
1953129	Actinobacteria bacterium UBA7524		0
1952730	Planctomycetaceae bacterium UBA2092		0
1951786	Flammeovirgaceae bacterium UBA5575		0
1946924	Micavibrio sp. UBA5572		0
1952740	Planctomycetaceae bacterium UBA6894		0
1947887	Cyanobacteria bacterium UBA5018		0
1946318	Chloracidobacterium sp. UBA4013		0
1947170	Prevotella sp. UBA5812		0
1946729	Lactobacillus sp. UBA5813		0
1951646	Eggerthellaceae bacterium UBA5808		0
1952783	Pseudomonadaceae bacterium UBA5811		0
1946727	Lactobacillus sp. UBA5800		0
1947001	Oblitimonas sp. UBA2435		0
1950841	Clostridiales bacterium UBA2436		0
1950840	Clostridiales bacterium UBA2432		0
1951897	Fusobacteriaceae bacterium UBA2433		0
1947003	Oblitimonas sp. UBA2442		0
1946048	Arcobacter sp. UBA2443		0
1947002	Oblitimonas sp. UBA2439		0
1950816	Clostridiales bacterium UBA1342		0
1950815	Clostridiales bacterium UBA1341		0
1951212	Rhizobiales bacterium UBA1347		0
1950818	Clostridiales bacterium UBA1351		0
1950546	Bacteroidales bacterium UBA4182		0
1947848	Cloacimonetes bacterium UBA4175		0
1947847	Cloacimonetes bacterium UBA4172		0
1950550	Bacteroidales bacterium UBA4190		0
1950485	Bacteroidales bacterium UBA3539		0
1950486	Bacteroidales bacterium UBA3540		0
1950487	Bacteroidales bacterium UBA3542		0
1947360	Psychrobacter sp. UBA6739		0
1948201	Proteobacteria bacterium UBA6740		0
1947539	Sphingopyxis sp. UBA6734		0
1951526	Brucellaceae bacterium UBA6728		0
33918	Microbacterium maritypicum		0
1948638	Gammaproteobacteria bacterium UBA6724		0
1951615	Competibacteraceae bacterium UBA1593		0
1951622	Competibacteraceae bacterium UBA4410		0
1953160	Bacteroidetes bacterium UBA4415		0
1951559	Chitinophagaceae bacterium UBA4412		0
1953159	Bacteroidetes bacterium UBA4414		0
1950577	Bacteroidales bacterium UBA4417		0
1961443	Syntrophaceae bacterium UBA5726		0
1948557	Deltaproteobacteria bacterium UBA5758		0
1948078	Firmicutes bacterium UBA5759		0
1961447	Syntrophaceae bacterium UBA5764		0
1951328	Acholeplasmataceae bacterium UBA5769		0
1951434	Anaerolineaceae bacterium UBA5728		0
1946799	Mageeibacillus sp. UBA5770		0
1948080	Firmicutes bacterium UBA5774		0
1952920	Synergistaceae bacterium UBA5731		0
1950309			0
1950903	Clostridiales bacterium UBA5736		0
1952894	Spirochaetaceae bacterium UBA5743		0
1961444	Syntrophaceae bacterium UBA5744		0
1961541	Desulfobacteraceae bacterium UBA5746		0
1952507	Prevotellaceae bacterium UBA5908		0
1950907	Clostridiales bacterium UBA5909		0
1947172	Prevotella sp. UBA5886		0
1947171	Prevotella sp. UBA5879		0
1950905	Clostridiales bacterium UBA5892		0
1947019	Oribacterium sp. UBA5894		0
1952106	Lachnospiraceae bacterium UBA5899		0
1950906	Clostridiales bacterium UBA5901		0
1952410	Ruminococcaceae bacterium UBA5905		0
1951647	Eggerthellaceae bacterium UBA5906		0
1950312			0
1950329			0
1952115	Lachnospiraceae bacterium UBA6453		0
1952419	Ruminococcaceae bacterium UBA6454		0
1953368	Candidatus Saccharibacteria bacterium UBA6433		0
1952417	Ruminococcaceae bacterium UBA6434		0
1947188	Prevotella sp. UBA6435		0
1953454	bacterium UBP9_UBA6438		0
1950697	Bacteroidales bacterium UBA6426		0
1952418	Ruminococcaceae bacterium UBA6439		0
1951275	Spirochaetales bacterium UBA6427		0
1950695	Bacteroidales bacterium UBA6405		0
1946285	Christensenella sp. UBA6406		0
1947433	Ruminococcus sp. UBA6407		0
1950696	Bacteroidales bacterium UBA6408		0
1952415	Ruminococcaceae bacterium UBA6416		0
1952511	Prevotellaceae bacterium UBA6417		0
1952591	Porphyromonadaceae bacterium UBA6399		0
1950327			0
1947181	Prevotella sp. UBA6383		0
1950686	Bacteroidales bacterium UBA6374		0
1948275	Verrucomicrobia bacterium UBA6375		0
1952413	Ruminococcaceae bacterium UBA6392		0
1948425	Alphaproteobacteria bacterium UBA6376		0
1947890	Cyanobacteria bacterium UBA6393		0
1951274	Spirochaetales bacterium UBA6378		0
1952590	Porphyromonadaceae bacterium UBA6379		0
1952589	Porphyromonadaceae bacterium UBA6369		0
1946389	Collinsella sp. UBA6357		0
1952970	Oscillospiraceae bacterium UBA6359		0
1946074	Atopobium sp. UBA6362		0
1947740	Treponema sp. UBA6355		0
1950685	Bacteroidales bacterium UBA6366		0
1946099	Bifidobacterium sp. UBA6343		0
1950681	Bacteroidales bacterium UBA6344		0
1948421	Alphaproteobacteria bacterium UBA6347		0
1950677	Bacteroidales bacterium UBA6336		0
1947739	Treponema sp. UBA6351		0
1950319			0
1948419	Alphaproteobacteria bacterium UBA6324		0
1947737	Treponema sp. UBA6328		0
1947195	Prevotella sp. UBA6483		0
1952514	Prevotellaceae bacterium UBA6484		0
1950704	Bacteroidales bacterium UBA6464		0
1947193	Prevotella sp. UBA6469		0
1952513	Prevotellaceae bacterium UBA6470		0
1947194	Prevotella sp. UBA6472		0
1950917	Clostridiales bacterium UBA6473		0
1950705	Bacteroidales bacterium UBA6474		0
1946696	Lachnoclostridium sp. UBA6475		0
1952512	Prevotellaceae bacterium UBA6461		0
1952517	Prevotellaceae bacterium UBA6850		0
1952421	Ruminococcaceae bacterium UBA6845		0
1950712	Bacteroidales bacterium UBA6851		0
1952518	Prevotellaceae bacterium UBA6854		0
1952422	Ruminococcaceae bacterium UBA6855		0
1952424	Ruminococcaceae bacterium UBA6857		0
1952519	Prevotellaceae bacterium UBA6858		0
1948285	Verrucomicrobia bacterium UBA6861		0
1952599	Porphyromonadaceae bacterium UBA6863		0
1948435	Alphaproteobacteria bacterium UBA6864		0
1950336			0
1948286	Verrucomicrobia bacterium UBA6873		0
1952600	Porphyromonadaceae bacterium UBA6874		0
1947816	bacterium UBA6875		0
1950714	Bacteroidales bacterium UBA6871		0
1950716	Bacteroidales bacterium UBA6884		0
1950715	Bacteroidales bacterium UBA6878		0
1946289	Christensenella sp. UBA6880		0
1946109	Bifidobacterium sp. UBA6881		0
1950339			0
1947199	Prevotella sp. UBA6890		0
1951279	Spirochaetales bacterium UBA6834		0
1950707	Bacteroidales bacterium UBA6828		0
1948283	Verrucomicrobia bacterium UBA6829		0
1952420	Ruminococcaceae bacterium UBA6842		0
1946295	Christensenella sp. UBA7588		0
1947752	Treponema sp. UBA7590		0
1950744	Bacteroidales bacterium UBA7591		0
1951285	Spirochaetales bacterium UBA7586		0
1952697	Porphyromonadaceae bacterium UBA7583		0
1947225	Prevotella sp. UBA7594		0
1950355			0
1948294	Verrucomicrobia bacterium UBA7596		0
1946296	Christensenella sp. UBA7597		0
1947224	Prevotella sp. UBA7593		0
1947750	Treponema sp. UBA7578		0
1947219	Prevotella sp. UBA7551		0
1950351			0
1952532	Prevotellaceae bacterium UBA7548		0
1951283	Spirochaetales bacterium UBA7549		0
1950738	Bacteroidales bacterium UBA7565		0
1952696	Porphyromonadaceae bacterium UBA7572		0
1950933	Clostridiales bacterium UBA7568		0
1950737	Bacteroidales bacterium UBA7560		0
1952534	Prevotellaceae bacterium UBA7564		0
1946113	Bifidobacterium sp. UBA7556		0
1948292	Verrucomicrobia bacterium UBA7558		0
1948363	Alphaproteobacteria bacterium UBA1632		0
1950415	Bacteroidales bacterium UBA1628		0
1947759	Treponema sp. UBA792		0
1950365			0
1950412	Bacteroidales bacterium UBA1621		0
1950413	Bacteroidales bacterium UBA1622		0
1946095	Bifidobacterium sp. UBA1623		0
1950244			0
1951265	Spirochaetales bacterium UBA1625		0
1950414	Bacteroidales bacterium UBA1627		0
1952702	Porphyromonadaceae bacterium UBA788		0
1947754	Treponema sp. UBA768		0
1948295	Verrucomicrobia bacterium UBA770		0
1950752	Bacteroidales bacterium UBA774		0
1950755	Bacteroidales bacterium UBA777		0
1947756	Treponema sp. UBA778		0
1946303	Christensenella sp. UBA779		0
1952699	Porphyromonadaceae bacterium UBA771		0
1950361			0
1947747	Treponema sp. UBA753		0
1950350			0
1952698	Porphyromonadaceae bacterium UBA759		0
1947578	Succinatimonas sp. UBA761		0
1946297	Christensenella sp. UBA762		0
1952446	Ruminococcaceae bacterium UBA737		0
1950931	Clostridiales bacterium UBA738		0
1947217	Prevotella sp. UBA746		0
1952531	Prevotellaceae bacterium UBA748		0
1950347			0
1946112	Bifidobacterium sp. UBA744		0
1947083	Prevotella sp. UBA1104		0
1952273	Ruminococcaceae bacterium UBA1108		0
1946094	Bifidobacterium sp. UBA1109		0
1952580	Porphyromonadaceae bacterium UBA4625		0
1946269	Christensenella sp. UBA4626		0
1950579	Bacteroidales bacterium UBA4621		0
1953449	bacterium UBP9_UBA4627		0
1946270	Christensenella sp. UBA4628		0
1952096	Lachnospiraceae bacterium UBA4630		0
1947729	Treponema sp. UBA4635		0
1946271	Christensenella sp. UBA4636		0
1950882	Clostridiales bacterium UBA4638		0
1950281			0
1947886	Cyanobacteria bacterium UBA4641		0
1948401	Alphaproteobacteria bacterium UBA4642		0
1950883	Clostridiales bacterium UBA4644		0
1952502	Prevotellaceae bacterium UBA4645		0
1947730	Treponema sp. UBA4648		0
1952330	Ruminococcaceae bacterium UBA4650		0
1946851	Megasphaera sp. UBA4652		0
1948400	Alphaproteobacteria bacterium UBA4623		0
1948727	Opitutia bacterium UBA4654		0
1950580	Bacteroidales bacterium UBA4624		0
1950230			0
1950231			0
1947081	Prevotella sp. UBA1074		0
1946236	Christensenella sp. UBA1076		0
1950371	Bacteroidales bacterium UBA1068		0
1952272	Ruminococcaceae bacterium UBA1081		0
1950233			0
1950807	Clostridiales bacterium UBA1084		0
1952537	Porphyromonadaceae bacterium UBA1069		0
1946093	Bifidobacterium sp. UBA1086		0
1951271	Spirochaetales bacterium UBA5920		0
1947758	Treponema sp. UBA7863		0
1946305	Christensenella sp. UBA7865		0
1946115	Bifidobacterium sp. UBA7866		0
1952581	Porphyromonadaceae bacterium UBA4671		0
1947573	Succinatimonas sp. UBA4709		0
1950589	Bacteroidales bacterium UBA4710		0
1952332	Ruminococcaceae bacterium UBA4712		0
1950891	Clostridiales bacterium UBA4717		0
1947731	Treponema sp. UBA4678		0
1946098	Bifidobacterium sp. UBA4679		0
1952504	Prevotellaceae bacterium UBA4681		0
1946275	Christensenella sp. UBA4683		0
1948402	Alphaproteobacteria bacterium UBA4684		0
1952505	Prevotellaceae bacterium UBA4688		0
1950284			0
1947732	Treponema sp. UBA4692		0
1950885	Clostridiales bacterium UBA4693		0
1950886	Clostridiales bacterium UBA4696		0
1952582	Porphyromonadaceae bacterium UBA4702		0
2829353	Candidatus Bruticola papionis		0
1947530	Sphingobium sp. UBA5915		0
1948866	Patescibacteria group bacterium UBA910		0
1948459	Betaproteobacteria bacterium UBA5216		0
1947378	Rhodoferax sp. UBA4409		0
1947064	Pelotomaculum sp. UBA3102		0
1953183	Caldiserica bacterium UBA646		0
1946611	Hylemonella sp. UBA6679		0
1947875	Cyanobacteria bacterium UBA2320		0
1948221	Proteobacteria bacterium UBA7902		0
1953234	Fidelibacterota bacterium UBA3122		0
1947910	Elusimicrobia bacterium UBA1570		0
1953263	Candidatus Omnitrophica bacterium UBA1572		0
1946905	Micavibrio sp. UBA1573		0
1948778	Patescibacteria group bacterium UBA1544		0
1952975	Nitrospiraceae bacterium UBA1546		0
1953434	bacterium UBP5_UBA1551		0
1946222	Candidatus Neomicrothrix sp. UBA867		0
1948224	Proteobacteria bacterium UBA868		0
1950797	Cellvibrionales bacterium UBA7239		0
1951565	Chitinophagaceae bacterium UBA7238		0
1948806	Patescibacteria group bacterium UBA3093		0
1951582	Clostridiaceae bacterium UBA5315		0
1950621	Bacteroidales bacterium UBA5320		0
1948049	Firmicutes bacterium UBA5322		0
1947276	Proteiniphilum sp. UBA5323		0
1948050	Firmicutes bacterium UBA5324		0
1952380	Ruminococcaceae bacterium UBA5325		0
1950622	Bacteroidales bacterium UBA5326		0
1952890	Spirochaetaceae bacterium UBA5328		0
1952915	Synergistaceae bacterium UBA5331		0
1953402	Candidatus Dojkabacteria bacterium UBA5223		0
1948035	Firmicutes bacterium UBA5225		0
1948829	Patescibacteria group bacterium UBA5230		0
1953403	Candidatus Dojkabacteria bacterium UBA5232		0
1950606	Bacteroidales bacterium UBA5219		0
1947857	Cloacimonetes bacterium UBA5245		0
1947630	Syntrophomonas sp. UBA5246		0
1948699	Lentisphaeria bacterium UBA5247		0
1950610	Bacteroidales bacterium UBA5249		0
1951316	Acholeplasmataceae bacterium UBA5250		0
1947268	Proteiniphilum sp. UBA5251		0
1950297			0
1947068	Pelotomaculum sp. UBA5255		0
1946028	Aminobacterium sp. UBA5257		0
1947858	Cloacimonetes bacterium UBA5263		0
1947272	Proteiniphilum sp. UBA5267		0
1947269	Proteiniphilum sp. UBA5259		0
1948830	Patescibacteria group bacterium UBA5272		0
585	Proteus vulgaris		0
1948041	Firmicutes bacterium UBA5275		0
1946029	Aminobacterium sp. UBA5277		0
1950612	Bacteroidales bacterium UBA5261		0
1947273	Proteiniphilum sp. UBA5280		0
1947859	Cloacimonetes bacterium UBA5284		0
1947631	Syntrophomonas sp. UBA5288		0
1950618	Bacteroidales bacterium UBA5291		0
1952377	Ruminococcaceae bacterium UBA5296		0
1947632	Syntrophomonas sp. UBA5298		0
1952914	Synergistaceae bacterium UBA5302		0
1951466	Atopobiaceae bacterium UBA5303		0
1947289	Proteiniphilum sp. UBA7639		0
1948700	Lentisphaeria bacterium UBA7640		0
1951333	Acholeplasmataceae bacterium UBA7643		0
1952214	Marinilabiliaceae bacterium UBA7646		0
1950747	Bacteroidales bacterium UBA7647		0
1952268	Ruminococcaceae bacterium UBA1026		0
1947250	Proteiniphilum sp. UBA1027		0
1947841	Cloacimonetes bacterium UBA1032		0
1947613	Syntrophomonas sp. UBA1034		0
1950368	Bacteroidales bacterium UBA1035		0
1951569	Clostridiaceae bacterium UBA1023		0
1950369	Bacteroidales bacterium UBA1040		0
1947614	Syntrophomonas sp. UBA1041		0
1947765	Tyzzerella sp. UBA1042		0
1947930	Firmicutes bacterium UBA1043		0
1951451	Atopobiaceae bacterium UBA1025		0
1947621	Syntrophomonas sp. UBA4878		0
1948013	Firmicutes bacterium UBA4881		0
1948014	Firmicutes bacterium UBA4882		0
1951461	Atopobiaceae bacterium UBA4884		0
1951561	Chitinophagaceae bacterium UBA4857		0
1950596	Bacteroidales bacterium UBA4866		0
1951311	Acholeplasmataceae bacterium UBA4870		0
1952338	Ruminococcaceae bacterium UBA4843		0
1947256	Proteiniphilum sp. UBA4846		0
1952336	Ruminococcaceae bacterium UBA4832		0
1951459	Atopobiaceae bacterium UBA4833		0
1948008	Firmicutes bacterium UBA4836		0
1952357	Ruminococcaceae bacterium UBA4947		0
1952358	Ruminococcaceae bacterium UBA4949		0
1950294			0
1947166	Prevotella sp. UBA4952		0
1948023	Firmicutes bacterium UBA4953		0
1951463	Atopobiaceae bacterium UBA4955		0
1952101	Lachnospiraceae bacterium UBA4957		0
1952359	Ruminococcaceae bacterium UBA4958		0
1951420	Anaerolineaceae bacterium UBA4931		0
1947262	Proteiniphilum sp. UBA4932		0
1952353	Ruminococcaceae bacterium UBA4933		0
1952354	Ruminococcaceae bacterium UBA4936		0
1952355	Ruminococcaceae bacterium UBA4937		0
1948022	Firmicutes bacterium UBA4939		0
1950292			0
1946790	Mageeibacillus sp. UBA4941		0
1947806	bacterium UBA4943		0
1952348	Ruminococcaceae bacterium UBA4909		0
1950598	Bacteroidales bacterium UBA4912		0
1952350	Ruminococcaceae bacterium UBA4917		0
1951418	Anaerolineaceae bacterium UBA4918		0
1952100	Lachnospiraceae bacterium UBA4920		0
1948015	Firmicutes bacterium UBA4891		0
1947623	Syntrophomonas sp. UBA4894		0
1948016	Firmicutes bacterium UBA4898		0
1952346	Ruminococcaceae bacterium UBA4899		0
1947825	bacterium UBA4901		0
1946023	Aminobacterium sp. UBA4902		0
1952365	Ruminococcaceae bacterium UBA4983		0
1950601	Bacteroidales bacterium UBA4989		0
1948030	Firmicutes bacterium UBA4991		0
1951295	Thermoanaerobacterales bacterium UBA4994		0
1952367	Ruminococcaceae bacterium UBA4995		0
1952710	Peptococcaceae bacterium UBA4997		0
1952368	Ruminococcaceae bacterium UBA4998		0
1946027	Aminobacterium sp. UBA4987		0
1951579	Clostridiaceae bacterium UBA4969		0
1952363	Ruminococcaceae bacterium UBA4974		0
1948025	Firmicutes bacterium UBA4975		0
1948026	Firmicutes bacterium UBA4976		0
1947263	Proteiniphilum sp. UBA4977		0
1948028	Firmicutes bacterium UBA4980		0
1952361	Ruminococcaceae bacterium UBA4967		0
1947627	Syntrophomonas sp. UBA4968		0
1951432	Anaerolineaceae bacterium UBA5404		0
1950630	Bacteroidales bacterium UBA5405		0
1951321	Acholeplasmataceae bacterium UBA5409		0
1946032	Aminobacterium sp. UBA5410		0
1945905	Acetobacter sp. UBA5411		0
33995	Komagataeibacter europaeus		0
1946483	Eubacterium sp. UBA5416		0
1952391	Ruminococcaceae bacterium UBA5401		0
146474	Acetobacter orientalis		0
1951322	Acholeplasmataceae bacterium UBA5430		0
1947280	Proteiniphilum sp. UBA5431		0
1947640	Syntrophomonas sp. UBA5432		0
1948058	Firmicutes bacterium UBA5435		0
1946793	Mageeibacillus sp. UBA5436		0
1946795	Mageeibacillus sp. UBA5439		0
1946796	Mageeibacillus sp. UBA5442		0
1947641	Syntrophomonas sp. UBA5443		0
1948059	Firmicutes bacterium UBA5447		0
1951323	Acholeplasmataceae bacterium UBA5453		0
1947862	Cloacimonetes bacterium UBA5456		0
1948062	Firmicutes bacterium UBA5459		0
1950631	Bacteroidales bacterium UBA5429		0
1952384	Ruminococcaceae bacterium UBA5370		0
1953133	Armatimonadetes bacterium UBA5377		0
1946072	Atopobium sp. UBA5378		0
1950627	Bacteroidales bacterium UBA5381		0
1952386	Ruminococcaceae bacterium UBA5383		0
1946031	Aminobacterium sp. UBA5393		0
1947638	Syntrophomonas sp. UBA5395		0
1952388	Ruminococcaceae bacterium UBA5396		0
1951319	Acholeplasmataceae bacterium UBA5354		0
1951429	Anaerolineaceae bacterium UBA5355		0
1952712	Peptococcaceae bacterium UBA5356		0
1952382	Ruminococcaceae bacterium UBA5357		0
1951430	Anaerolineaceae bacterium UBA5358		0
1950299			0
1952381	Ruminococcaceae bacterium UBA5345		0
1952383	Ruminococcaceae bacterium UBA5361		0
1946792	Mageeibacillus sp. UBA5369		0
1947277	Proteiniphilum sp. UBA5346		0
1951325	Acholeplasmataceae bacterium UBA5491		0
1950639	Bacteroidales bacterium UBA5479		0
1947284	Proteiniphilum sp. UBA5492		0
1948068	Firmicutes bacterium UBA5493		0
1948070	Firmicutes bacterium UBA5499		0
1950641	Bacteroidales bacterium UBA5501		0
1947285	Proteiniphilum sp. UBA5506		0
1952406	Ruminococcaceae bacterium UBA5512		0
1946036	Aminobacterium sp. UBA5514		0
1952405	Ruminococcaceae bacterium UBA5503		0
1950636	Bacteroidales bacterium UBA5466		0
1952401	Ruminococcaceae bacterium UBA5461		0
1948063	Firmicutes bacterium UBA5471		0
1948065	Firmicutes bacterium UBA5474		0
1946034	Aminobacterium sp. UBA5475		0
1950638	Bacteroidales bacterium UBA5476		0
1947863	Cloacimonetes bacterium UBA5462		0
1947281	Proteiniphilum sp. UBA5463		0
1947542	Spirochaeta sp. UBA5339		0
1948409	Alphaproteobacteria bacterium UBA5343		0
1948180	Proteobacteria bacterium UBA5333		0
1951952	Hyphomonadaceae bacterium UBA5334		0
1948633	Gammaproteobacteria bacterium UBA5862		0
1950796	Cellvibrionales bacterium UBA5860		0
1950211	Anaerolineales bacterium UBA4826		0
1947923	Elusimicrobia bacterium UBA5214		0
1950214	Anaerolineales bacterium UBA5215		0
1953075	Salinisphaeraceae bacterium UBA4764		0
1953302	Candidatus Nomurabacteria bacterium UBA4124		0
1953340	Candidatus Saccharibacteria bacterium UBA4123		0
1948818	Patescibacteria group bacterium UBA4664		0
1946962	Mucilaginibacter sp. UBA4667		0
1946964	Mucilaginibacter sp. UBA5151		0
1953303	Candidatus Nomurabacteria bacterium UBA5155		0
1953350	Candidatus Saccharibacteria bacterium UBA5145		0
1947831	Chloroflexi bacterium UBA4735		0
1947830	Chloroflexi bacterium UBA4733		0
1946364	Clostridium sp. UBA4746		0
1953415	bacterium UBP12_UBA5184		0
1947835	Chloroflexi bacterium UBA5189		0
1947833	Chloroflexi bacterium UBA5177		0
1952258	Micrococcaceae bacterium UBA5180		0
1948826	Patescibacteria group bacterium UBA5169		0
1953348	Candidatus Saccharibacteria bacterium UBA4727		0
1953359	Candidatus Saccharibacteria bacterium UBA6022		0
1948837	Patescibacteria group bacterium UBA6017		0
1953004	Oxalobacteraceae bacterium UBA6018		0
1952949	Prolixibacteraceae bacterium UBA6029		0
1948840	Patescibacteria group bacterium UBA6033		0
1952948	Prolixibacteraceae bacterium UBA6024		0
1948839	Patescibacteria group bacterium UBA6028		0
1947813	bacterium UBA6025		0
1946550	Flavobacterium sp. UBA6026		0
1953360	Candidatus Saccharibacteria bacterium UBA6034		0
1946320	Chloracidobacterium sp. UBA6041		0
1948750	Spartobacteria bacterium UBA6043		0
1953097	Acetothermia bacterium UBA3571		0
1947967	Firmicutes bacterium UBA3572		0
1947968	Firmicutes bacterium UBA3573		0
1953098	Acetothermia bacterium UBA3574		0
1953094	Acetothermia bacterium UBA3563		0
1952980	Nitrospiraceae bacterium UBA3568		0
1947965	Firmicutes bacterium UBA3569		0
1953096	Acetothermia bacterium UBA3565		0
1947964	Firmicutes bacterium UBA3567		0
155892	Caulobacter vibrioides		0
1952978	Nitrospiraceae bacterium UBA2600		0
1948803	Patescibacteria group bacterium UBA2591		0
1948455	Betaproteobacteria bacterium UBA2592		0
1948195	Proteobacteria bacterium UBA652		0
1946043	Aquabacterium sp. UBA666		0
1948859	Patescibacteria group bacterium UBA661		0
1947078	Polynucleobacter sp. UBA655		0
1948109	Firmicutes bacterium UBA993		0
1948452	Alphaproteobacteria bacterium UBA998		0
1948616	Gammaproteobacteria bacterium UBA4421		0
1948339	Actinobacteria bacterium UBA4426		0
1951008	Flavobacteriales bacterium UBA4428		0
1951009	Flavobacteriales bacterium UBA4429		0
1952856	Rhodospirillaceae bacterium UBA4468		0
1948723	Opitutia bacterium UBA4470		0
1948620	Gammaproteobacteria bacterium UBA4472		0
1951848	Flavobacteriaceae bacterium UBA4463		0
1948621	Gammaproteobacteria bacterium UBA4475		0
1951020	Flavobacteriales bacterium UBA4477		0
1952857	Rhodospirillaceae bacterium UBA4479		0
1951847	Flavobacteriaceae bacterium UBA4449		0
1951913	Halieaceae bacterium UBA4452		0
1951015	Flavobacteriales bacterium UBA4454		0
1951011	Flavobacteriales bacterium UBA4437		0
1951912	Halieaceae bacterium UBA4438		0
1951012	Flavobacteriales bacterium UBA4442		0
1948618	Gammaproteobacteria bacterium UBA4443		0
1951013	Flavobacteriales bacterium UBA4445		0
1952988	Oceanospirillaceae bacterium UBA2001		0
1950963	Flavobacteriales bacterium UBA1986		0
1951808	Flavobacteriaceae bacterium UBA1987		0
1951771	Flammeovirgaceae bacterium UBA1990		0
1952850	Rhodospirillaceae bacterium UBA1999		0
1948736	Opitutia bacterium UBA7356		0
1950798	Cellvibrionales bacterium UBA7361		0
1951067	Flavobacteriales bacterium UBA7362		0
1948341	Actinobacteria bacterium UBA4592		0
1951233	Rhodobacterales bacterium UBA4593		0
1951362	Akkermansiaceae bacterium UBA4581		0
1948624	Gammaproteobacteria bacterium UBA4582		0
1948726	Opitutia bacterium UBA4586		0
1951072	Flavobacteriales bacterium UBA7429		0
1948864	Patescibacteria group bacterium UBA7435		0
1953074	Saccharospirillaceae bacterium UBA7437		0
1948739	Opitutia bacterium UBA7438		0
1952993	Oceanospirillaceae bacterium UBA7426		0
1952766	Porticoccaceae bacterium UBA7427		0
1952765	Porticoccaceae bacterium UBA7411		0
1951881	Flavobacteriaceae bacterium UBA7413		0
1953073	Saccharospirillaceae bacterium UBA7414		0
1951071	Flavobacteriales bacterium UBA7417		0
1946572	Glaciecola sp. UBA7419		0
1948215	Proteobacteria bacterium UBA7420		0
1952991	Oceanospirillaceae bacterium UBA7410		0
1953176	Bacteroidetes bacterium UBA987		0
1951795	Flammeovirgaceae bacterium UBA976		0
1948746	Opitutia bacterium UBA977		0
1950801	Cellvibrionales bacterium UBA984		0
1946144	Brevundimonas sp. UBA986		0
1952549	Porphyromonadaceae bacterium UBA3255		0
1950853	Clostridiales bacterium UBA3259		0
1950260			0
1952552	Porphyromonadaceae bacterium UBA3261		0
1952556	Porphyromonadaceae bacterium UBA3266		0
1952313	Ruminococcaceae bacterium UBA3269		0
1950854	Clostridiales bacterium UBA3277		0
1952602	Porphyromonadaceae bacterium UBA7041		0
1952608	Porphyromonadaceae bacterium UBA7053		0
1952610	Porphyromonadaceae bacterium UBA7056		0
1952129	Lachnospiraceae bacterium UBA7058		0
1952130	Lachnospiraceae bacterium UBA7060		0
1952721	Peptococcaceae bacterium UBA7061		0
1952613	Porphyromonadaceae bacterium UBA7064		0
1946732	Lactococcus sp. UBA7065		0
1952614	Porphyromonadaceae bacterium UBA7066		0
1952615	Porphyromonadaceae bacterium UBA7068		0
1947135	Prevotella sp. UBA3313		0
1952566	Porphyromonadaceae bacterium UBA3314		0
1952314	Ruminococcaceae bacterium UBA3315		0
1952567	Porphyromonadaceae bacterium UBA3317		0
1260732	coal metagenome	ecological metagenomes	1
1952570	Porphyromonadaceae bacterium UBA3321		0
1950856	Clostridiales bacterium UBA3311		0
1953085	Sutterellaceae bacterium UBA3322		0
1952565	Porphyromonadaceae bacterium UBA3312		0
1952031	Lachnospiraceae bacterium UBA3332		0
1952261	Micrococcaceae bacterium UBA7136		0
1946088	Bacteroides sp. UBA7116		0
1952639	Porphyromonadaceae bacterium UBA7120		0
1952433	Ruminococcaceae bacterium UBA7121		0
1952641	Porphyromonadaceae bacterium UBA7124		0
1952139	Lachnospiraceae bacterium UBA7125		0
1952642	Porphyromonadaceae bacterium UBA7126		0
1946733	Lactococcus sp. UBA7128		0
1952644	Porphyromonadaceae bacterium UBA7132		0
1952620	Porphyromonadaceae bacterium UBA7077		0
1952621	Porphyromonadaceae bacterium UBA7078		0
1952430	Ruminococcaceae bacterium UBA7080		0
1950923	Clostridiales bacterium UBA7081		0
1948438	Alphaproteobacteria bacterium UBA7083		0
1952617	Porphyromonadaceae bacterium UBA7072		0
1952132	Lachnospiraceae bacterium UBA7086		0
1952625	Porphyromonadaceae bacterium UBA7087		0
1952618	Porphyromonadaceae bacterium UBA7073		0
1952628	Porphyromonadaceae bacterium UBA7091		0
1952630	Porphyromonadaceae bacterium UBA7095		0
1952134	Lachnospiraceae bacterium UBA7096		0
1946699	Lachnoclostridium sp. UBA7097		0
1952432	Ruminococcaceae bacterium UBA7105		0
1946013	Alistipes sp. UBA7106		0
1952137	Lachnospiraceae bacterium UBA7110		0
1952645	Porphyromonadaceae bacterium UBA7138		0
1952438	Ruminococcaceae bacterium UBA7166		0
1952722	Peptococcaceae bacterium UBA7144		0
1952650	Porphyromonadaceae bacterium UBA7146		0
1952436	Ruminococcaceae bacterium UBA7147		0
1952142	Lachnospiraceae bacterium UBA7150		0
1952653	Porphyromonadaceae bacterium UBA7151		0
1952655	Porphyromonadaceae bacterium UBA7154		0
1946734	Lactococcus sp. UBA7157		0
1952144	Lachnospiraceae bacterium UBA7160		0
1952437	Ruminococcaceae bacterium UBA7161		0
1950925	Clostridiales bacterium UBA7162		0
1952141	Lachnospiraceae bacterium UBA7143		0
1952146	Lachnospiraceae bacterium UBA7165		0
1952658	Porphyromonadaceae bacterium UBA7167		0
1952661	Porphyromonadaceae bacterium UBA7172		0
1952148	Lachnospiraceae bacterium UBA7174		0
1950926	Clostridiales bacterium UBA7175		0
1952440	Ruminococcaceae bacterium UBA7181		0
1952667	Porphyromonadaceae bacterium UBA7184		0
1952147	Lachnospiraceae bacterium UBA7170		0
1952441	Ruminococcaceae bacterium UBA7189		0
1947206	Prevotella sp. UBA7197		0
1952153	Lachnospiraceae bacterium UBA7199		0
1952669	Porphyromonadaceae bacterium UBA7193		0
1952672	Porphyromonadaceae bacterium UBA7201		0
1952674	Porphyromonadaceae bacterium UBA7204		0
1952155	Lachnospiraceae bacterium UBA7205		0
1946704	Lachnoclostridium sp. UBA7210		0
1952681	Porphyromonadaceae bacterium UBA7216		0
1952682	Porphyromonadaceae bacterium UBA7221		0
1952683	Porphyromonadaceae bacterium UBA7222		0
1952724	Peptococcaceae bacterium UBA7224		0
1952158	Lachnospiraceae bacterium UBA7225		0
1951899	Gallionellaceae bacterium UBA5126		0
1952234	Methylophilaceae bacterium UBA1604		0
1946986	Nitrospira sp. UBA2082		0
1946987	Nitrospira sp. UBA2083		0
1946989	Nitrospira sp. UBA5698		0
1946926	Micavibrio sp. UBA5703		0
1943575	bacterium LUC13011_P14		0
83683	Lactobacillus amylolyticus		0
1591422	methanogenic toluene-degrading enrichment culture		0
50557	Insecta		0
1986890	Chonosia crassipennis		0
1986883	Tettigades limbata		0
2047937	Bacteroidetes bacterium endosymbiont of Geopemphigus sp.		0
2014073	plastic metagenome	ecological metagenomes	1
7071	Tribolium confusum		0
6997	Acheta domesticus		0
347735	Sitotroga cerealella		0
36976	Validiblatta brunnea		0
83902	Supella longipalpa		0
6973	Blattella germanica		0
411725	Solenopsis molesta		0
66361	Cochliomyia macellaria		0
1297059	Fannia scalaris		0
1580121	Oryzaephilus mercator		0
58000	Cryptolestes ferrugineus		0
295656	Stegobium paniceum		0
64391	Callosobruchus maculatus		0
433272	Tenebroides mauritanicus		0
58824	Plodia interpunctella		0
7072	Tribolium freemani		0
144041	Pogonomyrmex occidentalis		0
221905	Hydrotaea aenescens		0
35570	Stomoxys calcitrans		0
2282120	Enterococcus sp. nbd1048		0
2072508	nitrous oxide-reducing enrichment culture		0
228410	Nitrosomonas europaea ATCC 19718		0
1869227	bacterium		0
290402	Clostridium beijerinckii NCIMB 8052		0
35122	Macrocystis pyrifera		0
10359	Human betaherpesvirus 5		0
3051952	Gigantidas childressi		0
289389	Aplysina aerophoba		0
1842734	human reproductive system metagenome	organismal metagenomes	1
196820	Dysidea avara		0
88556	Trialeurodes vaporariorum		0
1560620	Aleurodicus floccissimus		0
9755	Physeter macrocephalus		0
2249329	Candidatus Amarolinea aalborgensis		0
1658780	wine metagenome	ecological metagenomes	1
2099795	Candidatus Rhabdochlamydia sp. T3358		0
36809	Mycobacteroides abscessus		0
1642954	leaf litter metagenome	ecological metagenomes	1
469009	'Brassica napus' phytoplasma		0
221279	Candidatus Competibacter		0
1892905	Microcystis wesenbergii LE013-01		0
1595979	tick metagenome	organismal metagenomes	1
1948206	Proteobacteria bacterium UBA6914		0
1950706	Bacteroidales bacterium UBA6680		0
1953332	Candidatus Saccharibacteria bacterium UBA2951		0
1969832	ciliate metagenome	organismal metagenomes	1
1588881	shrimp gut metagenome	organismal metagenomes	1
211228	Cephus cinctus		0
573658	Candidatus Hodgkinia cicadicola		0
1851193	pond metagenome	ecological metagenomes	1
1968599	gamma proteobacterium symbiont of Stewartia floridana		0
4442	Camellia sinensis		0
261939	Ostreid herpesvirus 1		0
382	Sinorhizobium meliloti		0
2021968	Heterometopus sp. CSS		0
1394888	paper pulp metagenome	ecological metagenomes	1
12333	unclassified bacterial viruses		0
2053303	Marinilabiliales bacterium		0
1913989	Gammaproteobacteria bacterium		0
2053570	Candidatus Latescibacterota bacterium		0
2026734	Dehalococcoidia bacterium		0
2026760	Fidelibacterota bacterium		0
625	Shigella sp.		0
2024894	Acidimicrobiaceae bacterium		0
2026801	Verrucomicrobiales bacterium		0
2026771	Opitutia bacterium		0
1898209	Acholeplasmataceae bacterium		0
1042	Erythrobacter sp.		0
232	Alteromonas sp.		0
93929	Thermotoga petrophila		0
2052180	Phycisphaerales bacterium		0
56811	Psychrobacter sp.		0
1408	Bacillus pumilus		0
2485925	Oscillospiraceae bacterium		0
2060925	Clostridiales bacterium UBA9856		0
2053541	Cytophagales bacterium		0
1898203	Lachnospiraceae bacterium		0
1898206	Spirochaetaceae bacterium		0
2026779	Planctomycetaceae bacterium		0
2060919	Cyanobacteria bacterium UBA10660		0
1898104	Bacteroidota bacterium		0
2052178	Parachlamydiales bacterium		0
41978	Ruminococcus sp.		0
565	Atlantibacter hermannii		0
1871037	Flavobacteriaceae bacterium		0
2053566	Candidatus Komeilibacteria bacterium		0
1978231	Acidobacteriota bacterium		0
306	Pseudomonas sp.		0
2052139	Patescibacteria group bacterium		0
2024896	Anaerolineaceae bacterium		0
29523	Bacteroides sp.		0
2026782	Porticoccaceae bacterium		0
2053594	Prolixibacteraceae bacterium		0
2052148	Caldifarciminota bacterium		0
1506	Clostridium sp.		0
2049046	Porphyromonadaceae bacterium		0
35783	Enterococcus sp.		0
1667	Arthrobacter sp.		0
2049048	Rikenellaceae bacterium		0
59823	Prevotella sp.		0
1872427	Alcanivorax sp.		0
1034346	Dielma fastidiosa		0
2049044	Erysipelotrichaceae bacterium		0
106654	Acinetobacter nosocomialis		0
1898112	Rhodospirillaceae bacterium		0
2030800	Elusimicrobiota bacterium		0
1905334	Thauera sp.		0
1873462	Microbacteriaceae bacterium		0
2053624	Synergistaceae bacterium		0
2053634	Candidatus Uhrbacteria bacterium		0
2026727	Coxiellaceae bacterium		0
2053688	Candidatus Peribacteria bacterium		0
35554	Geobacter sulfurreducens		0
2044595	Candidatus Altimarinota bacterium		0
51671	Microbacterium sp.		0
2024824	Balneola sp.		0
1486246	Halomonas sp.		0
87	Hyphomonas sp.		0
48412	Syntrophus sp. (in: bacteria)		0
28028	Corynebacterium flavescens		0
2023260	Megasphaera sp.		0
454155	Paraprevotella xylaniphila		0
2053590	Pelotomaculum sp.		0
29387	Staphylococcus sp.		0
2035772	Candidatus Omnitrophota bacterium		0
2026717	Candidatus Magasanikiibacteriota bacterium		0
1306	Streptococcus sp.		0
2026754	Legionellales bacterium		0
2052162	Gallionellaceae bacterium		0
2026722	Cellvibrionales bacterium		0
1883427	Actinomycetes bacterium		0
1284658	Planktomarina temperata		0
2053542	Candidatus Daviesbacteria bacterium		0
1689	Bifidobacterium dentium		0
487174	Barnesiella intestinihominis		0
1871070	Oxalobacteraceae bacterium		0
69392	Stenotrophomonas sp.		0
885	Desulfovibrio sp.		0
1849603	Enterobacteriaceae bacterium		0
2026724	Chloroflexota bacterium		0
2053526	candidate division WWE3 bacterium		0
2053574	Marinilabiliaceae bacterium		0
1898204	Clostridiaceae bacterium		0
2053517	Bdellovibrionales bacterium		0
2021380	Propionibacteriaceae bacterium		0
1591	Lactobacillus sp.		0
1898111	Cryomorphaceae bacterium		0
2053534	Candidatus Cloacimonas sp.		0
213554	Halomonas campaniensis		0
2052184	Syntrophaceae bacterium		0
142586	Eubacterium sp.		0
2055795	Synechococcales bacterium UBA10510		0
1153	Pseudanabaena sp.		0
1898207	Clostridiales bacterium		0
2052146	Blastocatellia bacterium		0
1905676	Glaciecola sp.		0
647	Aeromonas sp.		0
1888168	Curvibacter sp.		0
46506	Bacteroides stercoris		0
1727	Corynebacterium variabile		0
83655	Leclercia adecarboxylata		0
2053559	Holosporales bacterium		0
2049433	Desulfobacteraceae bacterium		0
70125	Nitrospira sp.		0
1137281	Xanthomarina gelatinilytica		0
2756	Brochothrix thermosphacta		0
2026742	Gemmatimonadota bacterium		0
2030927	Bacteroidales bacterium		0
616	Serratia sp. (in: enterobacteria)		0
1869212	Chitinophagaceae bacterium		0
2052152	Candidatus Nomurabacteria bacterium		0
2053540	Candidatus Collierbacteria bacterium		0
2055793	Microcoleaceae cyanobacterium UBA10368		0
2026735	Deltaproteobacteria bacterium		0
549	Pantoea agglomerans		0
2053519	Candidatus Beckwithbacteria bacterium		0
69966	Macrococcoides caseolyticum		0
1904863	Micrococcaceae bacterium		0
1903071	Sulfitobacter sp.		0
511	Alcaligenes faecalis		0
28121	Butyrivibrio sp.		0
2026763	Myxococcales bacterium		0
2026757	Leptospiraceae bacterium		0
376	Bradyrhizobium sp.		0
2021370	Sphingobacteriaceae bacterium		0
1909294	Hyphomicrobiales bacterium		0
2053562	Candidatus Jacksonbacteria bacterium		0
1871071	Comamonadaceae bacterium		0
46610	Geobacter sp.		0
2053565	Candidatus Kerfeldbacteria bacterium		0
1972642	Sphaerochaeta sp.		0
1891233	Dysgonomonas sp.		0
2033014	Armatimonadota bacterium		0
2053611	Selenomonas sp.		0
1891241	Betaproteobacteria bacterium		0
2026790	Saprospirales bacterium		0
2024844	Nitrospina sp.		0
2053626	Verrucomicrobia subdivision 6 bacterium		0
2053516	Balneolaceae bacterium		0
1872122	Acidovorax sp.		0
2053523	Candidatus Blackburnbacteria bacterium		0
435910	Franconibacter pulveris		0
2049024	Coprococcus sp.		0
40545	Sutterella wadsworthensis		0
2294	Desulfobacter sp.		0
1124835	Chryseobacterium carnipullorum		0
1872112	Acidimicrobium sp.		0
1913988	Alphaproteobacteria bacterium		0
2026799	Verrucomicrobiota bacterium		0
2053608	Ruminiclostridium sp.		0
2053650	Candidatus Yonathbacteria bacterium		0
2021391	Flavobacteriales bacterium		0
44751	Exiguobacterium sp.		0
1871047	Chryseobacterium sp.		0
2053494	Acholeplasmatales bacterium		0
1932716	Ktedonobacter sp.		0
678	Vibrio sp.		0
2053607	Candidatus Rokuibacteriota bacterium		0
1931	Streptomyces sp.		0
1909293	Acetobacteraceae bacterium		0
2026791	Bryobacterales bacterium		0
53249	Pseudoalteromonas sp.		0
2053525	candidate division CPR2 bacterium		0
54291	Klebsiella ornithinolytica		0
166	Treponema sp.		0
2049040	Roseburia sp.		0
1960284	Citreicella sp.		0
2053589	Minisyncoccota bacterium		0
108980	Acinetobacter ursingii		0
2055763	Synechococcus sp. UBA9887		0
1062	Rhodobacter sp.		0
2030812	Candidatus Wolfebacteria bacterium		0
1871086	Brevundimonas sp.		0
1904441	Paracoccaceae bacterium		0
2052183	Spartobacteria bacterium		0
1817679	landfill metagenome	ecological metagenomes	1
1945593	Oscillibacter sp.		0
135577	Idiomarina loihiensis		0
2053492	Accumulibacter sp.		0
1897614	Maribacter sp.		0
1891238	Burkholderiales bacterium		0
1871328	Kocuria sp.		0
2026748	Hyphomonadaceae bacterium		0
41211	Desulfotomaculum sp.		0
2055791	Cyanobacteria bacterium UBA9273		0
55211	Erwinia persicina		0
1912891	Sphingobium sp.		0
1033846	Marinobacter adhaerens		0
901	Desulfovibrio piger		0
173480	Gemmatimonas aurantiaca		0
2030816	Methylophilaceae bacterium		0
2026785	Rhodobiaceae bacterium		0
2052143	Anaerolineae bacterium		0
134375	Achromobacter sp.		0
1912094	Thalassospira sp.		0
2052186	Limisphaerales bacterium		0
2026720	Candidatus Saccharimonadota bacterium		0
229919	Anaerolinea thermolimosa		0
2026770	Nitrospiraceae bacterium		0
2026743	Halieaceae bacterium		0
62322	Shewanella baltica		0
239	Flavobacterium sp.		0
3129013	Candidatus Mesolinea sp.		0
253	Chryseobacterium indologenes		0
74426	Collinsella aerofaciens		0
1985464	Trichococcus sp.		0
2053573	Candidatus Margulisiibacteriota bacterium		0
1965294	Collinsella sp.		0
2055761	Nostoc sp. UBA8866		0
2053595	Proteiniclasticum sp.		0
341027	Sphingobacterium sp.		0
2053568	Lautropia sp.		0
2026804	Candidatus Woesebacteria bacterium		0
1874361	Idiomarina sp.		0
41200	Bifidobacterium sp.		0
3378222	Candidatus Atribacter hydrocarboniphilus		0
1889775	Moraxellaceae bacterium		0
157907	Desulfosporosinus sp.		0
1409	Bacillus sp. (in: firmicutes)		0
56799	Colwellia sp.		0
2053527	Candidatus Zixiibacteriota bacterium		0
1882437	Massilia sp.		0
2026780	Planctomycetota bacterium		0
36841	Terrisporobacter glycolicus		0
1981025	Sutterella sp.		0
2055766	Cyanobacteria bacterium UBA8543		0
171437	Tistrella mobilis		0
2049047	Prevotellaceae bacterium		0
2053621	Sulfurihydrogenibium sp.		0
1872444	Alistipes sp.		0
168935	Thalassospira lucentensis		0
542	Zymomonas mobilis		0
71864	Herpetosiphon sp.		0
747	Pasteurella multocida		0
2060927	Clostridiales bacterium UBA8960		0
2053586	Candidatus Rifleibacteriota bacterium		0
1246	Leuconostoc lactis		0
50741	Marinobacter sp.		0
314263	Roseovarius nubinhibens		0
1873897	Cupriavidus sp.		0
361	Agrobacterium sp.		0
2024840	Methylophaga sp.		0
1280948	Hyphomonas atlantica corrig.		0
1190813	Pseudoalteromonas shioyasakiensis		0
1914300	Oceanospirillales bacterium		0
357240	Franconibacter helveticus		0
1872435	Algoriphagus sp.		0
2053493	Candidatus Acetothermia bacterium		0
1882945	Brevibacillus sp.		0
1869345	Lysinibacillus sp.		0
3040095			0
2352	Flexistipes sinusarabici		0
2053581	Microscillaceae bacterium		0
28185	Spirochaeta sp.		0
2052161	Gallionella sp.		0
837	Porphyromonas gingivalis		0
2044940	Desulfobacterales bacterium		0
2055788	Cyanobacteria bacterium UBA9226		0
1965322	Cellvibrio sp.		0
2052149	Candidatus Aminicenantota bacterium		0
1977054	Leeuwenhoekiella sp.		0
1924941	Oceanicaulis sp.		0
1351	Enterococcus faecalis		0
2053569	Lentisphaeria bacterium		0
1885016	Rothia sp. (in: high G+C Gram-positive bacteria)		0
1363	Lactococcus garvieae		0
549685	Bavariicoccus seileri		0
553	Pantoea ananatis		0
29459	Brucella melitensis		0
2053636	Candidatus Veblenbacteria bacterium		0
160386	Corynebacterium casei		0
2045217	Candidatus Moraniibacteriota bacterium		0
47229	Massilia timonae		0
2055783	Cyanobacteria bacterium UBA11159		0
1979207	Parvularcula sp.		0
2053511	Candidatus Azambacteria bacterium		0
2053613	Candidatus Shapirobacteria bacterium		0
33964	Leuconostoc citreum		0
48296	Acinetobacter pittii		0
1583	Weissella confusa		0
2030811	Candidatus Peregrinibacteria bacterium		0
39778	Veillonella dispar		0
28118	Odoribacter splanchnicus		0
818	Bacteroides thetaiotaomicron		0
2026716	Candidatus Campbelliibacteriota bacterium		0
1871052	Afipia sp.		0
589	Providencia sp.		0
2053652	Candidatus Zambryskiibacteriota bacterium		0
1969738	Butyricimonas sp.		0
29541	Methylophilus sp.		0
1912315	Morganella sp. (in: enterobacteria)		0
1931995	Glutamicibacter sp.		0
2055787	Cyanobacteria bacterium UBA11049		0
1955814	Dialister sp.		0
2055798	Synechococcales bacterium UBA12195		0
2053614	Smithella sp.		0
2033661	Pseudothermotoga sp.		0
892	Desulfuromonas sp.		0
1358	Lactococcus lactis		0
2053618	Subdoligranulum sp.		0
2053638	Candidatus Vogelbacteria bacterium		0
2028282	Lachnoclostridium sp.		0
1262966	Candidatus Apopatosoma intestinale		0
82995	Serratia grimesii		0
1904254	Hydrogenophaga sp.		0
1898957	Gemmobacter sp.		0
2585118	Alistipes communis		0
2052185	Syntrophobacteraceae bacterium		0
1933926	Methylococcaceae bacterium		0
1085	Rhodospirillum rubrum		0
615	Serratia marcescens		0
2030827	Candidatus Babelota bacterium		0
2053605	Richelia sp.		0
1971605	Faecalibacterium sp.		0
1938151	Pasteurellaceae bacterium		0
44273	Lactococcus sp.		0
1898027	Ornithinibacillus sp.		0
40214	Acinetobacter johnsonii		0
391	Rhizobium sp.		0
2003368	Limnobacter sp.		0
2055770	Cyanobacteria bacterium UBA11371		0
472695	Pantoea septica		0
56812	Shewanella frigidimarina		0
2053615	Spirochaetia bacterium		0
1319833	halite metagenome	ecological metagenomes	1
7165	Anopheles gambiae		0
2081356	Candidatus Methanophaga sp. GoMg3.2		0
2053591	Planctomycetales bacterium		0
1549736	vaginal metagenome	organismal metagenomes	1
1890690	aquatic viral metagenome	organismal metagenomes	1
1660082	crab metagenome	organismal metagenomes	1
1774230	surface metagenome	ecological metagenomes	1
1712573	human tracheal metagenome	organismal metagenomes	1
1891762	Betapolyomavirus hominis		0
2170266	Euterpnosia chibensis		0
1761006	Auritibicen japonicus		0
1445883	Yezoterpnosia nigricosta		0
3381683	Planopleura kaempferi		0
2170271	Mogannia minuta		0
95486	Burkholderia cenocepacia		0
1708701	aerosol metagenome	ecological metagenomes	1
1441288	primate metagenome	organismal metagenomes	1
758823	Vampirovibrio chlorellavorus		0
2203213	Roseovarius sp. AK1035		0
2016198	Candidatus Aquirickettsiella gammari		0
1968598	gamma proteobacterium symbiont of Ctena orbiculata		0
30415	Grus japonensis		0
1574408	Cervus canadensis		0
30521	Bos grunniens		0
188379	Egretta garzetta		0
9598	Pan troglodytes		0
1137481	Cercopithecus kandti		0
1906666	Thermoplasmata archaeon		0
146827	Corynebacterium simulans		0
1954208	oil metagenome	ecological metagenomes	1
5833	Plasmodium falciparum		0
10114	Rattus		0
471232	coral reef metagenome	ecological metagenomes	1
2715852	Cebus imitator		0
495820	Spirobacillus cienkowskii		0
1427524	mixed sample		0
37010	Pan troglodytes schweinfurthii		0
561	Escherichia		0
2032731	Swine acute diarrhea syndrome coronavirus		0
540070	Common midwife toad virus		0
41807	Sus barbatus		0
267823	Aleurodicus dispersus		0
278976	Tedania ignis		0
2282089	Mucor sp. nbd1049		0
150808	Bathymodiolus azoricus		0
1961558	Desulfobulbaceae bacterium UBA6913		0
2052154	Candidatus Yanofskyibacteriota bacterium		0
2052179	Peptococcaceae bacterium		0
2053592	Petrotoga sp.		0
1701	Brevibacterium sp.		0
108981	Acinetobacter schindleri		0
1979412	Pseudohongiella sp.		0
2053546	Desulfofustis sp.		0
2053642	Candidatus Wildermuthbacteria bacterium		0
2053554	Candidatus Falkowiibacteriota bacterium		0
1872532	Anaerovibrio sp.		0
2026769	Nitrospinota bacterium		0
1871616	Dietzia sp.		0
2053631	Tissierellales bacterium		0
2053632	Tyzzerella sp.		0
1907779	Pediococcus sp.		0
2053567	Kosmotogaceae bacterium		0
2049428	Ignavibacteriales bacterium		0
2053307	Desulfobulbaceae bacterium		0
1926873	Lysobacteraceae bacterium		0
2049432	Chromatiaceae bacterium		0
1884818	Escherichia sp.		0
293	Brevundimonas diminuta		0
1869339	Polaromonas sp.		0
2053509	Candidatus Atribacteria bacterium		0
1965321	Methyloceanibacter sp.		0
1969407	Oribacterium sp.		0
69393	Pantoea sp.		0
103817	Janibacter terrae		0
1882438	Mucilaginibacter sp.		0
229037	Proteus sp. (in: enterobacteria)		0
2052181	Planctomycetia bacterium		0
2053503	Aquificaceae bacterium		0
2053627	Syntrophomonas sp.		0
2052160	Fibrobacterota bacterium		0
2030810	Candidatus Kaiserbacteria bacterium		0
1960881	Runella sp.		0
239935	Akkermansia muciniphila		0
328301	Syntrophorhabdus aromaticivorans		0
2055794	Microcoleaceae cyanobacterium UBA9251		0
58172	Paenibacillus sp.		0
2052153	Candidatus Tayloriibacteriota bacterium		0
1270	Micrococcus luteus		0
649756	Anaerostipes hadrus		0
1871619	Jeotgalicoccus sp.		0
2055776	Cyanobacteria bacterium UBA9971		0
2053538	Candidatus Competibacteraceae bacterium		0
2055760	Planktothrix sp. UBA10369		0
28090	Acinetobacter lwoffii		0
1972561	Eggerthellaceae bacterium		0
2053593	Candidatus Portnoyibacteriota bacterium		0
2055799	Oscillatoriales bacterium UBA8482		0
2060921	Fusobacteriota bacterium		0
1955243	Blautia sp.		0
2055758	Planktothrix sp. UBA8407		0
287487	Haliea salexigens		0
558	Erwinia sp.		0
956	Wolbachia sp.		0
1095	Chlorobium sp.		0
2055790	Cyanobacteria bacterium UBA8530		0
1785	Mycobacterium sp.		0
1977087	Pseudomonadota bacterium		0
2049045	Eubacteriaceae bacterium		0
1872421	Akkermansia sp.		0
487175	Parasutterella excrementihominis		0
1920174	Octadecabacter sp.		0
1299	Deinococcus radiodurans		0
265606	Rhodopirellula baltica		0
1108	Chloroflexus aurantiacus		0
2055764	Synechococcus sp. UBA8071		0
935	Thiomicrospira sp.		0
645	Aeromonas salmonicida		0
2029855	Polynucleobacter sp.		0
218	Helicobacter sp.		0
1879320	Ruegeria sp.		0
41274	Tissierella sp.		0
2042683	Olsenella sp.		0
2049052	Acidaminococcaceae bacterium		0
2053555	Fusobacteriaceae bacterium		0
2049022	Catenibacterium sp.		0
2060922	Persephonella sp.		0
2026794	Sutterellaceae bacterium		0
1872390	Aequorivita sp.		0
2052159	Coriobacteriia bacterium		0
2055771	Cyanobacteria bacterium UBA8553		0
28240	Thermotoga sp.		0
2055762	Synechococcus sp. UBA8638		0
81029	Hyphomonas adhaerens		0
2055797	Synechococcales bacterium UBA8647		0
1899355	Oceanospirillaceae bacterium		0
2053619	Succinivibrio sp.		0
1872119	Acidobacterium sp.		0
42353	Nitrosomonas sp.		0
2337	Thermotoga neapolitana		0
2060924	Clostridiales bacterium UBA8153		0
2026762	Micrococcales bacterium		0
2026793	Spongiibacteraceae bacterium		0
2026728	Crocinitomicaceae bacterium		0
84595	Gordonia polyisoprenivorans		0
2055767	Cyanobacteria bacterium UBA8156		0
2053543	Deferribacteraceae bacterium		0
2033407	Barnesiella sp.		0
2053495	Aerococcaceae bacterium		0
2053521	Candidatus Berkelbacteria bacterium		0
1869214	Rheinheimera sp.		0
459	Legionella sp.		0
2055768	Cyanobacteria bacterium UBA11372		0
2055769	Cyanobacteria bacterium UBA11370		0
1550024	Ruthenibacterium lactatiformans		0
2055772	Cyanobacteria bacterium UBA11369		0
1872447	Alkalibacterium sp.		0
1872094	Acetobacterium sp.		0
1933889	Vagococcus sp.		0
2055785	Cyanobacteria bacterium UBA11149		0
2055782	Cyanobacteria bacterium UBA11153		0
614	Serratia liquefaciens		0
2055775	Cyanobacteria bacterium UBA11366		0
51665	Aerococcus urinaeequi		0
61645	Enterobacter asburiae		0
33968	Leuconostoc pseudomesenteroides		0
40324	Stenotrophomonas maltophilia		0
529	Brucella anthropi		0
2055774	Cyanobacteria bacterium UBA11367		0
1872635	Arenimonas sp.		0
2421	Thermosipho africanus		0
2053547	Desulfomicrobiaceae bacterium		0
1245	Leuconostoc mesenteroides		0
2055792	Microcoleaceae cyanobacterium UBA11344		0
1873496	Raoultella sp.		0
1755	Thermoanaerobacter sp.		0
2052151	Candidatus Levyibacteriota bacterium		0
1099853	Coprobacter fastidiosus		0
2053549	Desulfonauticus sp.		0
2081357	Candidatus Methanophagaceaer archaeon GoMg4		0
2081360	Candidatus Methanophaga sp. AG-394-G06		0
2081359	Candidatus Methanophagaceae archaeon GoMg1		0
2026772	Opitutales bacterium		0
1978525	Sphingomonadales bacterium		0
1906242	Tenacibaculum sp.		0
777	Coxiella burnetii		0
336810	Candidatus Karelsulcia muelleri		0
1593443	wood decay metagenome	ecological metagenomes	1
1946397	Cupriavidus sp. UBA2027		0
1284368	mangrove metagenome	ecological metagenomes	1
2058621	Globobulimina sp.		0
2053551	Candidatus Edwardsiibacteriota bacterium		0
2044594	Candidatus Delongbacteria bacterium		0
2055756	Anabaena sp. UBA12330		0
911092	Caldanaerobacter subterraneus		0
28117	Alistipes putredinis		0
2060923	Clostridiales bacterium UBA9857		0
50421	Rhodoferax sp.		0
1304	Streptococcus salivarius		0
3100794	Candidatus Parabeggiatoa sp.		0
1872491	Aminobacterium sp.		0
1872633	Arenibacter sp.		0
68766	Fusobacterium sp.		0
28116	Bacteroides ovatus		0
1967288	Pelagibacterium sp.		0
33949	Sulfobacillus sp.		0
363265	Leyella stercorea		0
1874826	Novosphingobium sp.		0
246787	Bacteroides cellulosilyticus		0
1917525	Sporomusaceae bacterium		0
2053640	Candidatus Wallbacteria bacterium		0
2003363	Maritimibacter sp.		0
2003592	Paenibacillaceae bacterium		0
2026781	Candidatus Poribacteria bacterium		0
1735162	Candidatus Peribacter riflensis		0
2053504	Aquiluna sp.		0
2053502	Candidatus Anderseniibacteriota bacterium		0
55509	Coprothermobacter sp.		0
2055777	Cyanobacteria bacterium UBA9579		0
1898428	Leclercia sp.		0
1236046	Mesotoga infera		0
1920175	Polaribacter sp.		0
1898103	Rhodocyclaceae bacterium		0
2107588	Candidatus Sumerlaeota bacterium		0
400772	Microbacterium ginsengisoli		0
28205	Dictyoglomus sp.		0
275	Thermus sp.		0
2024855	Rhodopirellula sp.		0
1871331	Fervidobacterium sp.		0
2026807	Zetaproteobacteria bacterium		0
42895	Enterobacter sp.		0
40215	Acinetobacter junii		0
42190	Ochrobactrum sp.		0
2053620	Succinivibrionaceae bacterium		0
2055759	Planktothrix sp. UBA8402		0
1925666	Lutibacter sp.		0
35761	Nocardioides sp.		0
1895847	Sphingomonas bacterium		0
1515	Acetivibrio thermocellus		0
2053498	Amoebophilaceae bacterium		0
2052165	Holophagaceae bacterium		0
2055779	Cyanobacteria bacterium UBA8803		0
1486281	Roseovarius sp.		0
2055796	Synechococcales bacterium UBA8138		0
192149	Allomuricauda sp.		0
3378387	Candidatus Sediminicultor tertius		0
2053610	Sarcina sp.		0
2053530	Chlorobaculum sp.		0
52226	Mitsuokella multacida		0
1873876	Cobetia sp.		0
2053560	Hydrogenobaculum sp.		0
479	Moraxella sp.		0
50422	Shewanella sp.		0
2053689	Thermotogota bacterium		0
1869337	Parabacteroides sp.		0
1932011	Candidatus Amesbacteria bacterium		0
336261	Thermovirga lienii		0
2055773	Cyanobacteria bacterium UBA11368		0
703	Plesiomonas shigelloides		0
2055786	Cyanobacteria bacterium UBA11148		0
2053557	Candidatus Giovannonibacteria bacterium		0
225992	Comamonas kerstersii		0
2053577	Mesotoga sp.		0
2055784	Cyanobacteria bacterium UBA11440		0
1032851	Corynebacterium nuruki		0
2060920	bacterium UBP9_UBA11836		0
2053582	Neisseriales bacterium		0
924	Thiobacillus sp.		0
2049049	Veillonellaceae bacterium		0
52017	Desulfomicrobium sp.		0
2055780	Cyanobacteria bacterium UBA11166		0
28200	Aliarcobacter skirrowii		0
1926652	Culturomica sp.		0
1705	Corynebacterium stationis		0
2053552	Erwiniaceae bacterium		0
2055765	Cyanobacteria bacterium UBA12227		0
137591	Weissella cibaria		0
2021368	Alcaligenaceae bacterium		0
2055757	Cyanothece sp. UBA12306		0
2055789	Cyanobacteria bacterium UBA11991		0
66219	Lachnoclostridium phytofermentans		0
1871615	Dermacoccus sp.		0
228574	Paenibacillus lactis		0
2055781	Cyanobacteria bacterium UBA11162		0
2053617	Candidatus Staskawiczbacteria bacterium		0
1871054	Janthinobacterium sp.		0
2006849	Lysobacterales bacterium		0
1929486	archaeon R1		0
2081361	Candidatus Methanophaga sp. AG-394-G21		0
2081358	Candidatus Methanophagaceae archaeon GoMg2		0
2026796	Thiotrichales bacterium		0
2026787	Rhodothermaceae bacterium		0
1914538	Pseudomonadaceae bacterium		0
2024848	Parvibaculum sp.		0
1514665	Rodent Torque teno virus 2		0
2026714	Candidatus Bathyarchaeota archaeon		0
1194489	Microcystis aeruginosa LE3		0
1451119	Kosemia yezoensis		0
2170267	Graptopsaltria bimaculata		0
2170268	Meimuna iwasakii		0
2170273	Yezoterpnosia vacua		0
678707	Tanna japonensis		0
2170272	Muda kuroiwae		0
179424	Meimuna opalifera		0
34021	Candidatus Liberibacter asiaticus		0
2250252	Candidatus Sumerlaea chitinivorans		0
2080241	Paraescarpia echinospica		0
29065	Martes martes		0
9649	Ailurus fulgens		0
1392	Bacillus anthracis		0
1895004	Microcystis sp. LSC13-02		0
2079008	Candidatus Tokpelaia sp. JSC085		0
2079007	Candidatus Tokpelaia sp. JSC161		0
2079010	Candidatus Tokpelaia sp. JSC189		0
2079009	Candidatus Tokpelaia sp. JSC188		0
1760999	Auritibicen bihamatus		0
1195103	Hyalessa maculaticollis		0
93686	Graptopsaltria nigrofuscata		0
911377	Cryptotympana facialis		0
678702	Cryptotympana atrata		0
2170269	Meimuna kuroiwae		0
2170276	Vagitanus terminalis		0
2170270	Meimuna oshimensis		0
68415	Moschus moschiferus		0
8843	Anser anser		0
9675	Paguma larvata		0
9215	Phoenicopteridae		0
3244846	Magallana ariakensis		0
1890733	Limnothrix sp. CACIAM 69d		0
1303196	industrial waste metagenome	ecological metagenomes	1
12960	Azoarcus		0
34632	Rhipicephalus sanguineus		0
1527414	biocathode metagenome	ecological metagenomes	1
8022	Oncorhynchus mykiss		0
12990	Carpinus betulus		0
434238	Pistacia terebinthus		0
3847	Glycine max		0
9767	Balaenoptera acutorostrata		0
1561046	honey metagenome	ecological metagenomes	1
8049	Gadus morhua		0
96345	Flavobacterium psychrophilum		0
2048281	bog metagenome	ecological metagenomes	1
184713	Branta bernicla hrota		0
287889	Trichoplax sp. H2		0
243276	Treponema pallidum subsp. pallidum str. Nichols		0
2725	unidentified prokaryotic organism		0
10407	Hepatitis B virus		0
666329	Cinachyrella alloclada		0
632	Yersinia pestis		0
2606583	Vibrio phage vB_VchM_VP-3213		0
2606584	Vibrio phage vB_VpaP_VP-3220		0
2495405	Buchnera aphidicola (Nipponaphis monzeni)		0
9901	Bison bison		0
1631306	Norovirus 06-AM-11/2006/GII.4/Yerseke/2006a		0
1045478	Paracatenula sp. 'standrea' Elba		0
554131	Thiomonas sp. CB2		0
749922	Prunus scoparia		0
749937	Placida verticillata		0
749923	Prunus spartioides		0
749938	Caliphylla viridis		0
749977	Pontonia domestica		0
749985	Merhippolyte ancistrota		0
749993	Influenza A virus (A/Hunan-Wuling/1120/2009(H1N1))		0
749908			0
749924	Euonymus macropterus		0
749932	Elysia stylifera		0
749939	Bosellia sp. PJK-2010		0
749947	Salmonella enterica subsp. enterica serovar Montevideo str. SARB30		0
749970	Arum lucanum		0
749986	Limnospira maxima KMMCC CY-049		0
2720088	Ercolania boodleae		0
749979	Lysmata vittata		0
749926	Salix canariensis		0
749941	Salmonella enterica subsp. enterica serovar Montevideo str. 30077		0
749957	Caliphylla mediterranea		0
749988	Influenza A virus (A/Huairou/620/2009(H1N1))		0
749919	Prunus x keredjensis		0
749927	Amycolatopsis mediterranei U32		0
749950	Salmonella enterica subsp. enterica serovar Montevideo str. OH_2009072675		0
749966	Arum byzantinum		0
749981	Lysmata cf. intermedia JAB-2010		0
749989	Influenza A virus (A/Beijing-Huairou/1264/2009(H1N1))		0
749920	Prunus korshinskyi		0
749928	Salmonella enterica subsp. enterica serovar Tennessee str. 4083		0
749959	Hermaea cruciata		0
749974	Lysmata argentopunctata		0
749998	Influenza A virus (A/Anhui-Baohe/1351/2009(H1N1))		0
749944	Salmonella enterica subsp. enterica serovar Montevideo str. 50080		0
491078	Treponema pallidum subsp. pertenue str. SamoaD		0
168	Treponema pallidum subsp. pertenue		0
6239	Caenorhabditis elegans		0
4565	Triticum aestivum		0
45351	Nematostella vectensis		0
6087	Hydra vulgaris		0
27923	Mnemiopsis leidyi		0
6145	Aurelia aurita		0
945734	Hyella patelloides LEGE 07179		0
30538	Vicugna pacos		0
9925	Capra hircus		0
1925535	Cinara cf. splendens/pseudotsugae 3390		0
1497361	Cinara splendens		0
1497354	Cinara pseudotsugae		0
97063	Cinara pseudotaxifoliae		0
1421461	Cinara curtihirsuta		0
1244008	Cinara cuneomaculata		0
3702	Arabidopsis thaliana		0
455434	Treponema pallidum subsp. pallidum SS14		0
1540733	Norovirus 02/2010/Nanjing		0
1193974	Human enterovirus		0
12721	Human immunodeficiency virus		0
112043	Rhizoplaca haydenii		0
1339058	Rhizoplaca shushanii		0
2653957	Rhizoplaca melanophthalma subsp. cerebriformis		0
2653956	Rhizoplaca porteri		0
2653961	Rhizoplaca arbuscula		0
1339061	Rhizoplaca polymorpha		0
1339060	Rhizoplaca parilis		0
1339059	Rhizoplaca occulta		0
112044	Rhizoplaca melanophthalma		0
2653960	Rhizoplaca cf. idahoensis		0
30127	Graminella nigrifrons		0
633136	Balclutha rubrostriata		0
2034148	canine metagenome	organismal metagenomes	1
2489051	human viral metagenome	organismal metagenomes	1
72149	Kobuvirus aichi		0
1982742	Saffold virus 3		0
130309	Human mastadenovirus F		0
1233383	Human cosavirus		0
129951	Human mastadenovirus C		0
108098	Human mastadenovirus B		0
1341019	Parvovirus NIH-CQV		0
1609634	Eel River basin pequenovirus		0
11786	Murine leukemia virus		0
1608128	Wuhan Mosquito Virus 3		0
1008435	Invertebrate iridescent virus 25		0
220638	Blattella germanica densovirus 1		0
345199	Invertebrate iridescent virus 31		0
158683	Diadromus pulchellus ascovirus 4a		0
345195	Invertebrate iridescent virus 9		0
33758	Echovirus		0
345198	Invertebrate iridescent virus 22		0
10497	African swine fever virus		0
213633	Providence virus		0
6945	Ixodes scapularis		0
29159	Magallana gigas		0
129788	Ruditapes philippinarum		0
2250274	Microcaldota archaeon		0
2026803	Candidatus Woesearchaeota archaeon		0
2670411	Candidatus Thalassarchaeaceae archaeon		0
2250255	Methanosarcinales archaeon		0
2026764	Nanobdellota archaeon		0
2507556	Candidatus Nitrosotenuis sp.		0
3134679	Candidatus Thalassarchaeum sp.		0
2666342	Methanosphaera sp.		0
2666346	Candidatus Poseidoniaceae archaeon		0
59277	Methanobacterium subterraneum		0
2485498	Methanoregulaceae archaeon		0
2072416	Candidatus Methanoperedentaceae archaeon		0
3101447	Candidatus Iainarchaeum sp.		0
2024843	Candidatus Nitrosopumilus sp.		0
1945595	Methanosarcinaceae archaeon		0
2595067	Methanotrichaceae archaeon		0
1906667	Methanomassiliicoccales archaeon		0
2666348	Candidatus Poseidoniia archaeon		0
379547	Candidatus Aciduliprofundum boonei		0
13773	Pyrobaculum aerophilum		0
53953	Pyrococcus horikoshii		0
1904752	Halobacteriales archaeon		0
3505	Betula pendula		0
8030	Salmo salar		0
30069	Anopheles stephensi		0
37176	Ovibos moschatus		0
9860	Cervus elaphus		0
1244012	Cinara piceae		0
1421466	Cinara laricifoliae		0
230862	Cinara curvipes		0
520	Bordetella pertussis		0
2015907	macroalgae metagenome	organismal metagenomes	1
12701	Human astrovirus 2		0
38950	Human astrovirus 7		0
35741	Human astrovirus 5		0
515177	Sapovirus GII		0
2606582	Vibrio phage vB_VpaM_VP-3212		0
1494318	Candidatus Mycoplasma haematohominis		0
749930	Salmonella enterica subsp. enterica serovar Tennessee str. 4535		0
749945	Salmonella enterica subsp. enterica serovar Montevideo str. 50079		0
749953	Salmonella enterica subsp. enterica serovar Montevideo str. ATCC BAA710		0
749961	Salmonella enterica subsp. enterica serovar Senftenberg str. 423984-2		0
749915	Prunus nairica		0
749931	Aplysiopsis enteromorphae		0
749946	Salmonella enterica subsp. enterica serovar Montevideo str. SAL0145		0
749978	Pontonia mexicana		0
749994	Influenza A virus (A/Anhui-Baohe/1392/2009(H1N1))		0
749917	Prunus fenzliana		0
749948	Salmonella enterica subsp. enterica serovar Montevideo str. LQC 10		0
749987	Influenza A virus (A/Guangxi-Qingxiu/1250/2009(H1N1))		0
749995	Influenza A virus (A/Guangdong-Yuncheng/1512/2009(H1N1))		0
749910	Taenia arctos		0
749934	Ercolania felina		0
749949	Salmonella enterica subsp. enterica serovar Montevideo str. NC_MB110209-0054		0
749965	Salmonella enterica subsp. enterica serovar Senftenberg str. 361154004		0
749996	Influenza A virus (A/Sichuan-Longmatan/515/2009(H1N1))		0
749935	Ercolania fuscata		0
749942	Salmonella enterica subsp. enterica serovar Montevideo str. 50270		0
749997	Influenza A virus (A/Hunan-Qiyang/34/2009(H1N1))		0
749943	Salmonella enterica subsp. enterica serovar Montevideo str. 50262		0
749975	Merguia oligodon		0
10279	Molluscum contagiosum virus		0
2603850	Jodiemicrovirus-1		0
111843	Rhizoplaca subdiscrepans		0
1826756	Protoparmeliopsis peltata		0
2653959	Rhizoplaca cf. porteri		0
2653958	Rhizoplaca melanophthalma subsp. crispa		0
2653962	Rhizoplaca sp. 715f		0
145861	Rhizoplaca idahoensis		0
307972	Apostichopus japonicus		0
74065	Dalbulus maidis		0
1874687	marine plankton metagenome	ecological metagenomes	1
1803956	Parechovirus A		0
638313	Human bocavirus 3		0
11099	Bovine viral diarrhea virus 1		0
1708342	Rhizoctonia solani mitovirus 7		0
12302	Brome mosaic virus		0
345585	Invertebrate iridescent virus 30		0
72003	Diatraea saccharalis densovirus		0
2202732	Nitrosopumilaceae archaeon		0
2666344	Candidatus Poseidonia sp.		0
145262	Methanothermobacter thermautotrophicus		0
660064	Methermicoccus shengliensis		0
2517205	Candidatus Methanomethylophilaceae archaeon		0
90427	Methanoculleus sp.		0
2214	Methanosarcina acetivorans		0
2320	Methanopyrus kandleri		0
111955	Sulfurisphaera tokodaii		0
3121606	Candidatus Aenigmatarchaeota archaeon		0
2517771	human sputum metagenome	organismal metagenomes	1
265294	Ranavirus ambystoma1		0
1046934	Candidatus Methanophagaceae archaeon SCGC AAA252-L18		0
2026739	Methanobacteriota archaeon		0
28214	Sphingomonas sp.		0
2201154	Chthoniobacterales bacterium		0
334771	Ignisphaera aggregans		0
2053306	Ignavibacteria bacterium		0
2280	Staphylothermus marinus		0
1653476	Caldimicrobium thiodismutans		0
2762014	Candidatus Parcubacteria bacterium		0
2202144	Spirochaetota bacterium		0
2268198	Nitrososphaeria archaeon		0
2184738	Desulfurococcaceae archaeon		0
2268180	Campylobacterales bacterium		0
2268195	Methanomicrobia archaeon		0
2080303	Candidatus Dadabacteria bacterium		0
2026887	Nitrospirota bacterium		0
2268197	Nitrososphaerales archaeon		0
2282152	Chthonomonadia bacterium		0
2269	Thermofilum pendens		0
2282151	Chthonomonadales bacterium		0
1008305	Fervidobacterium thailandense		0
2026778	Phycisphaerae bacterium		0
14	Dictyoglomus thermophilum		0
1214928	Thermus tengchongensis		0
2250276	Hadesarchaea archaeon		0
29549	Rhodothermus marinus		0
1961369	Thermofilum sp.		0
42838	Ammonifex degensii		0
2044936	Bacteroidia bacterium		0
1906665	archaeon		0
93466	Fervidobacterium pennivorans		0
1295609	Thermodesulfobacterium geofontis		0
2030809	Candidatus Hydrogenedentota bacterium		0
360056	Schlesneria paludicola		0
86166	Thermodesulfovibrio aggregans		0
2024963	Caldimicrobium sp.		0
2250277	Thermoprotei archaeon		0
57487	Pseudothermotoga hypogea		0
277	Meiothermus ruber		0
2099680	Methanobacteriaceae archaeon		0
2282153	Chthonomonas sp.		0
513050	Dictyoglomus turgidum		0
540988	Thermus islandicus		0
60893	Desulfobacca acetoxidans		0
2268176	Acidilobales archaeon		0
133453	Caldilinea aerophila		0
1969470	Thermorudis sp.		0
360411	Bellilinea caldifistulae		0
2056631	Thermoproteota archaeon		0
113653	Geoglobus ahangari		0
2026792	Spirochaetales bacterium		0
2268192	Chlorobiota bacterium		0
2026773	Candidatus Pacearchaeota archaeon		0
2282144	Candidatus Desantisiibacteriota bacterium		0
2268202	Synergistota bacterium		0
2282147	Candidatus Methanomethylicus sp.		0
1495039	Mesoaciditoga lauensis		0
2234	Archaeoglobus fulgidus		0
88190	Thermus antranikianii		0
693075	Caldisericum exile		0
2282148	Candidatus Micrarchaeum sp.		0
2212468	Bryobacteraceae bacterium		0
2282149	Candidatus Roizmanbacteria bacterium		0
591197	Ignavibacterium album		0
311458	Candidatus Caldarchaeum subterraneum		0
2282145	Candidatus Gottesmanbacteria bacterium		0
2268183	Candidatus Calescibacteriota bacterium		0
2052164	Gemmataceae bacterium		0
2212470	Candidatus Eiseniibacteriota bacterium		0
1769	Mycobacterium leprae		0
1972610	Mizugakiibacter sp.		0
2030807	Candidatus Aerophobota bacterium		0
2265	Thermococcus litoralis		0
35749	Thermococcus sp.		0
1872626	Archaeoglobus sp.		0
55205	Caldicellulosiruptor owensensis		0
1312852	Thermoanaerobaculum aquaticum		0
1156395	Dissulfuribacter thermophilus		0
63363	Aquifex aeolicus		0
2268177	Aeromonadales bacterium		0
564117	Marinobacter antarcticus		0
500	Thermomicrobium roseum		0
1940285	Sedimenticola sp.		0
1872442	Aliiroseovarius sp.		0
1621989	Candidatus Desulfofervidus auxilii		0
2152829	Hydrogenobacter sp.		0
472181	Halopseudomonas sabulinigri		0
2026725	Chromatiales bacterium		0
2268204	Thermoplasmatales archaeon		0
2030808	Candidatus Cloacimonadota bacterium		0
2068625	Candidatus Solibacter sp.		0
2268181	candidate division CPR3 bacterium		0
2268140	Thioploca sp.		0
2026809	Campylobacterota bacterium		0
1102	Prosthecochloris aestuarii		0
2202734	Saprospiraceae bacterium		0
187137	Oceanithermus profundus		0
1940289	Phaeodactylibacter sp.		0
187145	Caldithrix abyssi		0
2201156	Acidimicrobiales bacterium		0
1032	Thiothrix sp.		0
895	Desulfobulbus sp.		0
2081524	Chlamydiota bacterium		0
2268206	Thermotogaceae bacterium		0
1839936	Candidatus Syntropharchaeum butanivorans		0
2044941	Flavobacteriia bacterium		0
1872629	Arcobacter sp.		0
2268193	Crenotrichaceae bacterium		0
1911557	Sediminispirochaeta sp.		0
1889774	Bacillaceae bacterium		0
2268179	Campylobacteraceae bacterium		0
2268185	Candidatus Jorgensenbacteria bacterium		0
641691	Pricia antarctica		0
2268189	Candidatus Scalindua sp.		0
335975	Sulfitobacter litoralis		0
2250256	Candidatus Altarchaeales archaeon		0
2268190	Candidatus Tenderia sp.		0
39841	Thermodesulforhabdus norvegica		0
184064	Thermodesulfobium narugense		0
390640	Salinimicrobium catena		0
2268201	Synergistales bacterium		0
54	Nannocystis exedens		0
2026786	Rhodospirillales bacterium		0
2268141	Thermopetrobacter sp.		0
2053491	Candidatus Thorarchaeota archaeon		0
2020871	Vulcanisaeta sp.		0
427923	Desulfurivibrio alkaliphilus		0
1633631	Candidatus Kryptonium thompsonii		0
483547	Geoalkalibacter subterraneus		0
1914242	Gemmata sp.		0
34009	Rhodovulum sp.		0
2268194	Halothiobacillaceae bacterium		0
287478	Hellea balneolensis		0
999894	Thermosulfurimonas dismutans		0
230105			0
1907202	Roseobacter sp.		0
1891311	Halothiobacillus sp.		0
2025608	Sulfuricurvum sp.		0
2268178	Calditrichia bacterium		0
2268145	Oceanithermus sp.		0
2004705	Pyrobaculum sp.		0
58290	Archaeoglobus veneficus		0
1932692	Lentisphaerota bacterium		0
1867261	Candidatus Methanosuratincola petrocarbonis (ex Vanwonterghem et al. 2016)		0
211669	Psychromonas hadalis		0
2358456	Nitrospinaceae bacterium		0
313370	Aquifex sp.		0
2268188	Candidatus Nanopusillus sp.		0
1970082	Pyrodictium sp.		0
84156	Archaeoglobus profundus		0
2080302	Acidimicrobiia bacterium		0
2306013	Desulfurobacteriaceae bacterium		0
2163009	Candidatus Poseidoniales archaeon		0
2026721	Candidatus Thioglobus sp.		0
2932367	Candidatus Manganitrophaceae bacterium		0
65555	Desulfocapsa sulfexigens		0
1940280	Leucothrix sp.		0
582419	Thermococcus paralvinellae		0
1273541	Pyrodictium delaneyi		0
1891229	Pseudomonadales bacterium		0
2024841	Micavibrio sp.		0
2358460	Nitrospirales bacterium		0
1969726	Sulfurovum sp.		0
98793	Buchnera aphidicola (Rhopalosiphum padi)		0
118103	Buchnera aphidicola (Melaphis rhois)		0
1241865	Buchnera aphidicola (Macrosiphoniella sanborni)		0
2315801	Buchnera aphidicola (Macrosiphum gaurae)		0
1241834	Buchnera aphidicola (Aphis nasturtii)		0
1241835	Buchnera aphidicola (Aphis nerii)		0
2315802	Buchnera aphidicola (Aphis helianthi)		0
2316469	Candidatus Leucobacter sulfamidivorax		0
2559897	Human parainfluenza virus HCM-2015		0
169066	Human rhinovirus sp.		0
440266	WU Polyomavirus		0
2559895	Gemycircularvirus SL		0
10941	Human rotavirus A		0
11234	Measles morbillivirus		0
2559898	Human mastadenovirus Hue-2015		0
11250	human respiratory syncytial virus		0
138948	Enterovirus A		0
1348500	Cyclovirus VN		0
12637	Dengue virus		0
1981201	brine metagenome	ecological metagenomes	1
2024559	Candidatus Melainabacteria bacterium WWTP_8		0
9805	Diceros bicornis		0
1904483	sheep gut metagenome	organismal metagenomes	1
1633571	human milk metagenome	organismal metagenomes	1
12916	Acidovorax		0
10811	Geminiviridae		0
239364	uncultured human fecal virus		0
2546102	Sulfuricurvum sp. IAE1		0
1604023	electrolysis cell metagenome	ecological metagenomes	1
72550	Oryctes rhinoceros		0
6941	Rhipicephalus microplus		0
446	Legionella pneumophila		0
1127	Microcystis sp.		0
12080	Poliovirus 1		0
2591475	Norovirus GII.4-GII.P16		0
12086	Poliovirus 3		0
515176	Sapovirus GI		0
29546	Lawsonia intracellularis		0
2660712	Defluviitaleaceae bacterium		0
2049043	Desulfovibrionaceae bacterium		0
3139627	Candidatus Bathycorpusculum grumuli		0
2604146	Leptospirales bacterium		0
2994959	Candidatus Bathycorpusculum sp.		0
2604144	Candidatus Fibrimonadales bacterium		0
3242314	Candidatus Endomicrobium labiotermitis		0
2660713	Endomicrobiia bacterium		0
2604147	Candidatus Methanoplasma sp.		0
2268199	Polyangiaceae bacterium		0
1934914	Cystobacterineae bacterium		0
2660711	Conexibacteraceae bacterium		0
3136098	Candidatus Methanoplasma cognatum		0
2660703	Candidatus Azobacteroides sp.		0
2052168	Methanomassiliicoccaceae archaeon		0
2304674	Promicromonosporaceae bacterium		0
2604142	Chitinispirillia bacterium		0
2072582	Nocardiaceae bacterium		0
2604148	Streptosporangiales bacterium		0
2478483	Erysipelotrichales bacterium		0
2291322	Streptococcaceae bacterium		0
2026756	Lentimicrobiaceae bacterium		0
2044939	Clostridia bacterium		0
2602712	Symbiobacteriaceae bacterium		0
3139628	Candidatus Bathycorpusculum hydrogenotrophicum		0
3139630	Candidatus Bathycorpusculum terrae		0
3242778	Candidatus Proendomicrobium guianensium		0
2022468	Methanimicrococcus sp.		0
2599938	Kiritimatiellota bacterium		0
1898105	Paludibacter sp.		0
3139625	Candidatus Bathycorpusculum acetigenes		0
1931409	rhizoplane metagenome	ecological metagenomes	1
795830	Candidatus Brocadia sinica		0
1804158	silage metagenome	ecological metagenomes	1
2016243	Parauncinula polyspora		0
2528692	Cinara kochiana kochiana		0
3378388	Candidatus Sediminicultor quartus		0
1962856	Caldithrix sp.		0
2268143	Methanolinea sp.		0
2250272	Candidatus Coatesiibacteriota bacterium		0
45248	Leucothrix mucor		0
2268200	Sulfolobales archaeon		0
688066	Kosmotoga arenicorallina		0
2026777	Phycisphaeraceae bacterium		0
2268184	Candidatus Fraserbacteria bacterium		0
1076588	Thiolapillus brandeum		0
501497	Thermodesulfatator atlanticus		0
2080243	Caldivirga sp.		0
2268144	Nitratifractor sp.		0
2268187	Candidatus Methanomethylicia archaeon		0
487184	Halopseudomonas xinjiangensis		0
182141	Pseudoalteromonas prydzensis		0
274539	Chlorobaculum parvum		0
1874629	Thermodesulfatator sp.		0
202747	Sulfurimonas autotrophica		0
1871048	Devosia sp.		0
2060325	Candidatus Aciduliprofundum sp.		0
985	Cytophaga hutchinsonii		0
1200300	Thermogladius calderae		0
2093812	Thermotogales bacterium		0
683846	Fervidicoccus fontis		0
309806	Sulfurihydrogenibium azorense		0
33002	Desulfurella acetivorans		0
2212467	Bacteroidaceae bacterium		0
1948890	Rhodobacterales bacterium		0
2093377	Sorangium sp.		0
2026798	Trueperaceae bacterium		0
2268203	Thermofilaceae archaeon		0
1603606	Desulfuromonas soudanensis		0
1365176	Thermofilum adornatum		0
2268191	Candidatus Wirthbacteria bacterium		0
2268205	Thermoproteales archaeon		0
182270	Aurantimonas coralicida		0
2024893	Acidiferrobacteraceae bacterium		0
2424	Fervidobacterium nodosum		0
1963255	Desulfonatronum sp.		0
2093793	Candidatus Nealsoniibacteriota bacterium		0
155863	Methanothermococcus okinawensis		0
2304002	Methylococcales bacterium		0
2024830	Cycloclasticus sp.		0
2480820	Kiloniellaceae bacterium		0
2306054	Rhodothermales bacterium		0
57666	Sulfurospirillum arcachonense		0
2026775	Pelagibacteraceae bacterium		0
2306055	Caldilineales bacterium		0
2026808	Candidatus Nitrosopelagicus sp.		0
254161	Halopseudomonas pachastrellae		0
2306050	Mariprofundaceae bacterium		0
2364082	Candidatus Obscuribacterales bacterium		0
1241869	Buchnera aphidicola (Muscaphis stroyani)		0
1507522	Buchnera aphidicola (Macrosiphum euphorbiae)		0
1258543	Buchnera aphidicola (Lipaphis pseudobrassicae)		0
571428	Buchnera aphidicola (Sitobion avenae)		0
557993	Buchnera aphidicola (Brachycaudus cardui)		0
1241860	Buchnera aphidicola (Hyperomyzus lactucae)		0
1241833	Buchnera aphidicola (Anoecia oenotherae)		0
911343	Buchnera aphidicola (Brevicoryne brassicae)		0
1241836	Buchnera aphidicola (Artemisaphis artemisicola)		0
1241884	Buchnera aphidicola (Therioaphis trifolii)		0
1897463	decomposition metagenome	ecological metagenomes	1
2559896	Human parainfluenza virus Hue-2015		0
47507	Echovirus E19		0
277944	Human coronavirus NL63		0
1330524	Salivirus A		0
79329	Chitinophaga pinensis		0
2419741	Escherichia phage EcSzw-2		0
11053	dengue virus type 1		0
13894	Cocos nucifera		0
95602	Eriocheir sinensis		0
2614249	Brevinematales bacterium		0
3139626	Candidatus Bathycorpusculum fermentans		0
2660714	Syntrophorhabdaceae bacterium		0
3242316	Candidatus Endomicrobium neocapritermitis		0
1871072	Nocardioidaceae bacterium		0
66852	Methanobrevibacter sp.		0
3136096	Candidatus Methanimicrococcus labiotermitis		0
2052142	Acidobacteriaceae bacterium		0
3055	Chlamydomonas reinhardtii		0
749968	Arum jacquemontii		0
749976	Palaemon floridanum		0
749962	Salmonella enterica subsp. enterica serovar Senftenberg str. NC_MB012510-0038		0
749969	Arum palaestinum		0
749916	Prunus carduchorum		0
749963	Salmonella enterica subsp. enterica serovar Senftenberg str. WA_14508		0
749909	Pupa nitidula		0
749925	Euonymus sachalinensis		0
749940	Ercolania sp. PJK-2010		0
749964	Salmonella enterica subsp. enterica serovar Senftenberg str. 316235162		0
749971	Limnospira platensis KMMCC CY-007		0
749918	Prunus haussknechtii		0
749972	Limnospira maxima UTEX LB 2342		0
749980	Lysmata cf. boggessi JAB-2010		0
749911	Chungangia sp. CAU 8465		0
749958	Hermaea bifida		0
749973	Exhippolysmata ensirostris		0
749936	Placida kingstoni		0
749951	Salmonella enterica subsp. enterica serovar Montevideo str. CASC_09SCPH15965		0
749967	Arum euxinum		0
749990	Influenza A virus (A/Hunan-Louxing/322/2009(H1N1))		0
749913	uncultured Breviata		0
749929	Salmonella enterica subsp. enterica serovar Tennessee str. 54		0
749952	Salmonella enterica subsp. enterica serovar Montevideo str. SARB31		0
749960	Salmonella enterica subsp. enterica serovar Senftenberg str. 423984-1		0
749991	Influenza A virus (A/Fujian-Gulou/1896/2009(H1N1))		0
1307	Streptococcus suis		0
112051	Rhizoplaca novomexicana		0
74068	Macrosteles quadrilineatus		0
30122	Exitianus exitiosus		0
706836	Balclutha neglecta		0
683172	Astrovirus MLB2		0
138950	Enterovirus C		0
489821	Norovirus GII.4		0
1247113	Astrovirus VA4		0
130308	Human mastadenovirus E		0
2171395	Wuchang cockroach virus		0
1249676	Grapevine endophyte alphaendornavirus		0
44088	Canarypox virus		0
2560602	Mumps orthorubulavirus		0
176652	Invertebrate iridescent virus 6		0
2213	Methanosarcina sp.		0
2666349	Thermococcaceae archaeon		0
2478476	Methanobacteriales archaeon		0
2591003	Ferroplasma sp.		0
2052170	Methanoregula sp.		0
2666334	Methanocellales archaeon		0
2670410	Halobacteria archaeon		0
2666341	Methanofastidiosum sp.		0
2004547	Methanocalculus sp.		0
2190	Methanocaldococcus jannaschii		0
2282155	Syntrophobacterales bacterium		0
66700	Syntrophobacter sp.		0
2282168	Oscillatoriales cyanobacterium SpSt-402		0
215591	Gracilinema caldarium		0
1872399	Aeropyrum sp.		0
1867258	Candidatus Methanomethylicus mesodigestus		0
2282154	Geobacteraceae bacterium		0
3378219	Candidatus Caldatribacterium caldum		0
1872105	Acidicaldus sp.		0
2282143	Candidatus Caldatribacterium sp.		0
2358	Desulfomonile tiedjei		0
270496	Fundidesulfovibrio putealis		0
1382356	Thermorudis peleae		0
29539	Thermoleophilum album		0
35837	Desulfacinum infernum		0
1643428	Candidatus Thermokryptus mobilis		0
147266	Agrobacterium albertimagni		0
2529151	Gloeobacter violaceus SpSt-379		0
33075	Acidobacterium capsulatum		0
158627	Pseudomonas graminis		0
2282150	Caulobacterales bacterium		0
2282142	Terriglobales bacterium		0
3063948	Candidatus Igneacidithiobacillus yellowstonensis		0
340467	Desulfatirhabdium butyrativorans		0
2282169	Oscillatoriales cyanobacterium SpSt-418		0
1872519	Anaerolinea sp.		0
1848041	mite metagenome	organismal metagenomes	1
35300	Human astrovirus 4		0
12456	Human astrovirus 1		0
37130	Human astrovirus 6		0
2267621	Candidatus Colwellia aromaticivorans		0
82508	Trichosporon asahii		0
4929	Meyerozyma guilliermondii		0
2072417	Candidatus Methylomirabilota bacterium		0
714549	Hydrotalea flava		0
54254	Thermosphaera aggregans		0
1904827	Chloroflexus sp.		0
1454726	Candidatus Caldatribacterium californiense		0
2024383	Thermocrinis sp.		0
2212473	Kiritimatiellia bacterium		0
2052150	Candidatus Doudnabacteria bacterium		0
1167	Anabaena sp.		0
2282167	Planktothricoides sp. SpSt-374		0
2282146	Candidatus Methanomethylicaceae archaeon		0
28232	Geobacter metallireducens		0
78	Caulobacter sp.		0
2231183	Sporocytophaga sp.		0
1454753	Candidatus Caldatribacterium saccharofermentans		0
1191	Fischerella sp.		0
2162698	Mycobacterium uberis		0
3386298	Candidatus Methanovorans sp.		0
2544991	Nephromyces sp. ex Molgula occidentalis		0
10405	Orthohepadnavirus		0
2283235	cold spring metagenome	ecological metagenomes	1
2026761	Nitrosomonadales bacterium		0
1330700	Thermus caliditerrae		0
1484053	Mariniphaga anaerophila		0
2026737	Ectothiorhodospiraceae bacterium		0
412593	Thermosulfidibacter takaii		0
2026740	Flammeovirgaceae bacterium		0
2268182	Candidatus Buchananbacteria bacterium		0
2268196	Methylothermaceae bacterium		0
2212472	Helicobacteraceae bacterium		0
75906	Thermocrinis ruber		0
1748243	Candidatus Tenderia electrophaga		0
1962953	Beggiatoa sp.		0
1543721	Sedimenticola thiotaurini		0
2099677	Desulfuromonadaceae bacterium		0
2201	Methanofollis liminatans		0
2268186	Candidatus Kryptoniota bacterium		0
2268139	Thermoproteus sp.		0
2268142	Ignisphaera sp.		0
2268138	Pricia sp.		0
2093813	Thioalkalivibrio sp.		0
202604	Neomoorella mulderi		0
269261	Nitratifractor salsuginis		0
2024853	Porticoccus sp.		0
2039232	Crocinitomix sp.		0
2306012	Candidatus Bipolaricaulota bacterium		0
2073117	Anaerolineales bacterium		0
2030882	Thiotrichaceae bacterium		0
2306051	Nautiliaceae bacterium		0
2022749	Sulfurimonas sp.		0
13688	Novosphingobium capsulatum		0
2480821	Desulfurococcales archaeon		0
364032	Sulfurivirga caldicuralii		0
453851	Henriciella marina		0
1705394	Candidatus Thioglobus autotrophicus		0
1241859	Buchnera aphidicola (Hyadaphis tataricae)		0
1241878	Buchnera aphidicola (Sarucallis kahawaluokalani)		0
1241832	Buchnera aphidicola (Acyrthosiphon lactucae)		0
466616	Buchnera aphidicola (Aphis craccivora)		0
1315998	Buchnera aphidicola (Thelaxes californica)		0
2315800	Buchnera aphidicola (Stegophylla sp.)		0
3052230	Orthohepacivirus hominis		0
47504	Echovirus E16		0
11520	Influenza B virus		0
11320	Influenza A virus		0
434309	Saffold virus		0
1729141	Human pegivirus 2		0
162145	human metapneumovirus		0
47516	Echovirus E3		0
2024557	Candidatus Melainabacteria bacterium SSGW_16		0
2052166	Candidatus Melainabacteria bacterium		0
1651086	saline spring metagenome	ecological metagenomes	1
2583502	Rhodelphis limneticus		0
208206	Amblyomma ovale		0
35740	Human astrovirus 3		0
43358	Human astrovirus 8		0
2267619	Candidatus Halocynthiibacter alkanivorans		0
2267620	Candidatus Ulvibacter alkanivorans		0
5482	Candida tropicalis		0
2508788	Polycipiviridae sp. D-16-0054		0
3242313	Candidatus Endomicrobium embiratermitis		0
1909295	Solirubrobacterales bacterium		0
2660710	Chitinivibrionia bacterium		0
3136104	Candidatus Methanomicula labiotermitis		0
3139624	Candidatus Bathycorpusculum acidaminoxidans		0
2461418	Microgenomates group bacterium		0
2049042	Turicibacter sp.		0
2099678	Desulfuromonadales bacterium		0
1892068	human skeleton metagenome	organismal metagenomes	1
2267609	thiocyanate-degrading enrichment culture		0
857568	Oncorhynchus mykiss aguabonita		0
8839	Anas platyrhynchos		0
1680163	Lotus aduncus		0
1137421	Laminaria abyssalis		0
184426	environmental samples		0
1631307	Norovirus 06-AV-9/2006/GII.P7/GII.6		0
62280	Sorex minutus		0
2608793	Candidatus Argoarchaeum ethanivorans		0
646101	Contracaecum rudolphii C D'Amelio et al., 2007		0
2567949	phosphorous-removal enrichment culture		0
29067	Potos flavus		0
9983	Lepus europaeus		0
8038	Salvelinus fontinalis		0
9157	Parus major		0
51331	Rana dalmatina		0
9612	Canis lupus		0
9365	Erinaceus europaeus		0
8010	Esox lucius		0
8384	Bufo bufo		0
30532	Dama dama		0
89252	Equus quagga burchellii		0
9970	Syncerus caffer		0
9807	Ceratotherium simum		0
60710	Chlorocebus pygerythrus		0
9689	Panthera leo		0
9897	Aepyceros melampus		0
9798	Equus przewalskii		0
9997	Spermophilus citellus		0
1320375	Canis lupus arctos		0
48139	Psammomys obesus		0
38626	Phascolarctos cinereus		0
56213	Reithrodontomys fulvescens		0
9358	Choloepus hoffmanni		0
100823	Natrix natrix		0
9644	Ursus arctos		0
80427	Lacerta agilis		0
30338	Bufotes viridis		0
27610	Lagenorhynchus albirostris		0
48745	Mesoplodon bidens		0
9711	Halichoerus grypus		0
54556	Alburnus alburnus		0
101364	Carassius gibelio		0
176039	Eolophus roseicapilla		0
103695	Pogona vitticeps		0
9261	Tachyglossus aculeatus		0
9316	Macropus fuliginosus		0
184711	Branta leucopsis		0
75140	Corvus frugilegus		0
8928	Ciconia ciconia		0
59474	Pipistrellus pipistrellus		0
102178	Anguis fragilis		0
65484	Podarcis siculus		0
465717	Trachypithecus delacouri		0
72542	Capra ibex		0
111821	Strix aluco		0
8969	Haliaeetus albicilla		0
37347	Tupaia belangeri		0
447135	Myodes glareolus		0
662561	Rusa unicolor		0
30520	Bos frontalis		0
64668	Lagopus muta		0
9993	Marmota marmota		0
7962	Cyprinus carpio		0
34880	Nyctereutes procyonoides		0
62902	Sorex alpinus		0
100819	Falco tinnunculus		0
103942	Vipera ursinii		0
53277	Eliomys quercinus		0
58319	Scardinius erythrophthalmus		0
9657	Lutra lutra		0
9668	Mustela putorius		0
8168	Perca fluviatilis		0
9662	Meles meles		0
283924	Lepus tolai		0
9103	Meleagris gallopavo		0
10034	Cricetus cricetus		0
9272	Philander opossum		0
9654	Procyon lotor		0
9833	Hippopotamus amphibius		0
184237	Crocodylus moreletii		0
1246547	Proechimys semispinosus		0
9337	Trichosurus vulpecula		0
9894	Giraffa camelopardalis		0
36229	Papio ursinus		0
36239	Mustela nivalis		0
9351	Tamandua mexicana		0
9986	Oryctolagus cuniculus		0
9742	Phocoena phocoena		0
9861	Cervus canadensis canadensis		0
51300	Nyctalus noctula		0
9796	Equus caballus		0
201439	Zamenis longissimus		0
10044			0
55149	Sciurus vulgaris		0
8407	Rana temporaria		0
419612	Camelus ferus		0
9659	Martes foina		0
9691	Panthera pardus		0
9927	Connochaetes taurinus		0
218836	Rheomys raptor		0
57570	Salamandra atra		0
210855	Zingel zingel		0
8869	Cygnus olor		0
13125	Lynx lynx		0
47729	Hemidactylus frenatus		0
73334	Equus hemionus kulan		0
52619	Chondrostoma nasus		0
57865	Gymnocephalus cernua		0
9268	Didelphis marsupialis		0
171269	Tringa glareola		0
9809	Rhinoceros unicornis		0
58317	Blicca bjoerkna		0
9595	Gorilla gorilla gorilla		0
9054	Phasianus colchicus		0
101705	Testudo hermanni boettgeri		0
77149	Mustela eversmannii		0
10255	Variola virus		0
162003	Peltigera polydactylon		0
9597	Pan paniscus		0
1159185	Gorilla beringei beringei		0
585455	Thiohalobacter thiocyanaticus		0
3659	Cucumis sativus		0
3658	Cucumis melo var. cantalupo		0
1680915	alkali sediment metagenome	ecological metagenomes	1
44448	Borrelia persica		0
7038	Bemisia tabaci		0
37012	Pan troglodytes verus		0
1899496	feline metagenome	organismal metagenomes	1
2516875	human urinary tract metagenome	organismal metagenomes	1
59291	Coregonus lavaretus		0
161	Treponema pallidum subsp. pallidum		0
86473	uncultured Gammaproteobacteria bacterium		0
540485	mouse skin metagenome	organismal metagenomes	1
1301311	zooplankton environmental sample		0
722674	Hylacola cauta		0
117199	Acanthiza uropygialis		0
30422	Corvus corone		0
8501	Crocodylus niloticus		0
9463	Otolemur crassicaudatus		0
9785	Loxodonta africana		0
9874	Odocoileus virginianus		0
9355	Bradypus variegatus		0
302418	Smutsia temminckii		0
98928	Leuciscus aspius		0
196523	Chrysococcyx basalis		0
9315	Notamacropus eugenii		0
8964	Circus aeruginosus		0
54292	Apodemus flavicollis		0
9209	Phalacrocorax carbo		0
30390	Ardea cinerea		0
61852	Nomascus gabriellae		0
68724	Canis aureus		0
36305	Strix uralensis		0
211598	Accipiter nisus		0
9627	Vulpes vulpes		0
10185	Castor fiber		0
9858	Capreolus capreolus		0
9938	Ovis aries musimon		0
111811	Caprimulgus europaeus		0
59529	Gazella subgutturosa		0
41261	Glis glis		0
9794	Equus hemionus		0
34869	Rupicapra rupicapra		0
69811	Leuciscus idus		0
9768	Balaenoptera borealis		0
100826	Scolopax rusticola		0
9317	Macropus giganteus		0
111810	Asio otus		0
9187	Turdus merula		0
283035	Sander lucioperca		0
37601	Chloris chloris		0
8790	Dromaius novaehollandiae		0
38527	Abramis brama		0
48156	Acrocephalus scirpaceus		0
218793	Melanomys caliginosus		0
183177	Dendrocopos major		0
8284	Squalius cephalus		0
75839	Anas crecca		0
48155	Sylvia atricapilla		0
181117	Prunella modularis		0
99804	Salmo trutta fario		0
52631	Crocidura suaveolens		0
10129	Apodemus sylvaticus		0
543	Enterobacteriaceae		0
1579	Lactobacillus acidophilus		0
2651591	drinking water metagenome	ecological metagenomes	1
9822	Sus		0
393005	Tamlana		0
39947	Oryza sativa Japonica Group		0
479893	Candidatus Phytoplasma pruni		0
29394	Dolosigranulum pigrum		0
729	Haemophilus parainfluenzae		0
11292	Lyssavirus rabies		0
2746493	prokaryote coculture		0
2138	Spiroplasma poulsonii		0
1715863	termitarium metagenome	ecological metagenomes	1
1897733	food contamination metagenome	ecological metagenomes	1
49317	x Triticosecale		0
1592514	lichen crust metagenome	ecological metagenomes	1
2762305	Candidatus Liberibacter sp. Z1		0
687331	Alphatorquevirus		0
1030	Thiothrix		0
468196	Polyplax serrata		0
1774	Mycobacteroides chelonae		0
10298	Human alphaherpesvirus 1		0
5755	Acanthamoeba castellanii		0
1538640	Smithella sp. F21		0
1703353	Bacteroides sp. SM23_62_1		0
1277350	Geobacter sp. DSM 9736		0
1703352	Bacteroides sp. SM23_62		0
746128	Aspergillus fumigatus		0
134964	Nocardia africana		0
190721	Ralstonia insidiosa		0
43770	Corynebacterium striatum		0
60133	Prevotella pallens		0
5599	Alternaria alternata		0
117187	Fusarium verticillioides		0
29466	Veillonella parvula		0
28132	Prevotella melaninogenica		0
1871336	Criibacterium bergeronii		0
1313	Streptococcus pneumoniae		0
28137	Prevotella veroralis		0
5062	Aspergillus oryzae		0
638849	Pyramidobacter piscolens		0
1269027	tidal flat metagenome	ecological metagenomes	1
2338240	mine metagenome	ecological metagenomes	1
46720	Porites compressa		0
2109671	Candidatus Nitrosocosmicus sp.		0
296	Pseudomonas fragi		0
2560322	avian paramyxovirus 16		0
587665			0
1839947	outdoor metagenome	ecological metagenomes	1
3394845	Candidatus Paraktedonobacter carboxidivorans		0
2951083	Candidatus Thiovulum stygium		0
160	Treponema pallidum		0
10566	Human papillomavirus		0
123683	Oryzias javanicus		0
123685	Oryzias minutillus		0
1114874	Flavobacterium piscis		0
2793219	Desulfomonile sp.		0
82992	Buttiauxella noackiae		0
666	Vibrio cholerae		0
1899378	Clathrolucina costata		0
2003426	Loripes orbiculatus		0
2676887	Pillucina pacifica		0
244469	Chavania striata		0
1899376	Callucina winckworthi		0
881217	Loripes clausus		0
244474	Divalinga quadrisulcata		0
244472	Ctena orbiculata		0
244458	Anodontia alba		0
174060	Cladonia furcata		0
86794	Lobaria pulmonaria		0
301105	Enterobacter hormaechei subsp. hormaechei		0
2383	Candidatus Epulonipiscium		0
93171	Candidatus Entotheonella		0
237	Flavobacterium		0
1659686	Candidatus Nephrothrix		0
442694	Xanthomonas perforans		0
290513	Prosthecochloris sp.		0
781	Rickettsia conorii		0
1254	Pediococcus acidilactici		0
2705320	Microcoleus anatoxicus PTRS1		0
955	Wolbachia pipientis		0
2705534	Candidatus Nitrohelix vancouverensis		0
456327	Xanthomonas euvesicatoria		0
2652173	Candidatus Nitrospira kreftii		0
64495	Rhizopus arrhizus		0
58291	Rhizopus microsporus		0
936053	Rhizopus delemar		0
10335	Human alphaherpesvirus 3		0
727	Haemophilus influenzae		0
5065	Aspergillus sp.		0
2173186	whole organism metagenome	organismal metagenomes	1
259542	Plakobranchus ocellatus		0
380571	Elysia diomedea		0
882	Nitratidesulfovibrio vulgaris str. Hildenborough		0
2173	Methanobrevibacter smithii		0
40518	Ruminococcus bromii		0
28111	Bacteroides eggerthii		0
1512	[Clostridium] symbiosum		0
2710845	Subdoligranulum sp. PS186		0
1624	Ligilactobacillus salivarius		0
658083	Lachnospiraceae bacterium 6_1_63FAA		0
861	Fusobacterium ulcerans		0
39491	Agathobacter rectalis		0
1912772	Halodesulfovibrio sp.		0
2705322	Microcoleus anatoxicus PTRS3		0
2705321	Microcoleus anatoxicus PTRS2		0
2705533	Candidatus Nitronauta litoralis		0
487	Neisseria meningitidis		0
52132	Brucella sp.		0
2046349	Cryptococcus sp. (in: basidiomycete fungi)		0
565302	Human adenovirus B1		0
1338	Streptococcus intermedius		0
732	Aggregatibacter aphrophilus		0
10310	Human alphaherpesvirus 2		0
205975	endosymbiont of Lamellibrachia barhami		0
469588	Bacteroides sp. 2_1_22		0
2710826	Coprococcus sp. ART55_1		0
457412	Ruminococcus sp. 5_1_39BFAA		0
33038	Mediterraneibacter gnavus		0
47714	Lacticaseibacillus paracasei subsp. paracasei		0
208479	Enterocloster bolteae		0
2710831	Parabacteroides sp. PS295		0
2710836	Subdoligranulum sp. DS28		0
328813	Alistipes onderdonkii		0
1308	Streptococcus thermophilus		0
1685	Bifidobacterium breve		0
310298	Phocaeicola coprocola		0
626933	Odoribacter laneus		0
1352	Enterococcus faecium		0
571	Klebsiella oxytoca		0
33039	Mediterraneibacter torques		0
2710846	Subdoligranulum sp. PS203		0
2710824	Alistipes sp. PS198		0
39492	[Eubacterium] siraeum		0
166486	Roseburia intestinalis		0
1318	Streptococcus parasanguinis		0
2710844	Subdoligranulum sp. PS157		0
1111120	Acidaminococcus sp. BV3L6		0
165179	Segatella copri		0
218538	Dialister invisus		0
469590	Bacteroides sp. 2_2_4		0
2710851	Subdoligranulum sp. PS318		0
548	Klebsiella aerogenes		0
2710830	Parabacteroides sp. PS231		0
2710847	Subdoligranulum sp. PS221		0
29361	Faecalimonas nexilis		0
39485	Lachnospira eligens		0
39777	Veillonella atypica		0
163665	Dysgonomonas mossii		0
2710827	Parabacteroides sp. PS008		0
1427740	rat metagenome	organismal metagenomes	1
1081670	Enterospora		0
208964	Pseudomonas aeruginosa PAO1		0
2502018	Crucivirus		0
1978374	Marivivens sp.		0
2026730	Cytophagia bacterium		0
2099675	Cyclobacteriaceae bacterium		0
2914045	Microbacterium sp. B19(2022)		0
2914044	Sphingobacterium sp. B16(2022)		0
2021960	Metopus sp. SalKaluz		0
2716605	Muranothrix gubernata		0
29204	Cyclotella cryptica		0
63433	Leptopilina boulardi		0
1755691	hospital metagenome	ecological metagenomes	1
2495586	chemical production metagenome	ecological metagenomes	1
2736206	Desmodus rotundus betaherpesvirus		0
1897453	tar pit metagenome	ecological metagenomes	1
2697049	Severe acute respiratory syndrome coronavirus 2		0
2954381	Candidatus Accumulibacter contiguus		0
32201	Carya illinoinensis		0
4212	Ambrosia artemisiifolia		0
55611	Artemisia tridentata		0
172644	Broussonetia papyrifera		0
12163	Carlavirus		0
2173149	Marine Group III euryarchaeote		0
2528828	Candidatus Stahliibacteriota bacterium		0
2056316	Candidatus Methanophagales archaeon		0
2109902	Aquificales bacterium		0
2035771	Candidatus Lambdaproteobacteria bacterium		0
2099671	Candidatus Handelsmanbacteria bacterium		0
2528251	Sneathiellales bacterium		0
2024849	Candidatus Pelagibacter sp.		0
2528252	Thermodesulfobacteriaceae bacterium		0
1968823	Henriciella sp.		0
1583376	cold seep metagenome	ecological metagenomes	1
47678	Bacteroides caccae		0
2710835	Subdoligranulum sp. DS25		0
908340	Clostridium sp. HGF2		0
2710852	Veillonella sp. PS148		0
584	Proteus mirabilis		0
2710821	Acidaminococcus sp. PS058		0
2710839	Subdoligranulum sp. DS73		0
2710838	Subdoligranulum sp. DS67		0
2710825	Bilophila sp. PS240		0
2710829	Parabacteroides sp. PS030		0
2710828	Parabacteroides sp. PS029		0
1262537	Lactococcus phage P680		0
2710843	Subdoligranulum sp. PS108		0
2710842	Subdoligranulum sp. PS107		0
2710823	Acidaminococcus sp. PS274		0
2026751	Kangiellaceae bacterium		0
2052174	Methylocystaceae bacterium		0
1889773	Vibrionaceae bacterium		0
1916082	Alteromonadaceae bacterium		0
1465	Brevibacillus laterosporus		0
1968542	shale gas metagenome	ecological metagenomes	1
2560525	Human orthorubulavirus 2		0
80350	Tegula funebralis		0
4550	Secale cereale		0
67680	Anncaliia algerae		0
36911	Clavispora lusitaniae		0
5476	Candida albicans		0
169388	Fusarium solani		0
1266765	Geobacter sp. OR-1		0
4840	Rhizomucor pusillus		0
5061	Aspergillus niger		0
1290	Staphylococcus hominis		0
102148	Solobacterium moorei		0
539	Eikenella corrodens		0
623	Shigella flexneri		0
101571	Burkholderia ubonensis		0
28128	Prevotella corporis		0
5059	Aspergillus flavus		0
5207	Cryptococcus neoformans		0
305719	Segatella baroniae		0
2775041	Porites sp. ZF-2020		0
2713252	microbial eukaryotic metagenome	organismal metagenomes	1
62718	Phyllactinia taurica		0
69300	Gazella bennettii		0
27675	Choloepus didactylus		0
323367	Heteromys desmarestianus		0
9720	Phoca vitulina		0
258960			0
1233216	Lyrurus tetrix		0
34924	Pica pica		0
88116	Delichon urbicum		0
9586	Nomascus siki		0
867383	Trachypithecus hatinhensis		0
54133	Pygathrix nemaeus		0
54496	Rallus aquaticus		0
48150	Phylloscopus collybita		0
9838	Camelus dromedarius		0
127946	Turdus philomelos		0
8032	Salmo trutta		0
48668	Rutilus rutilus		0
1237094	Alkalicoccus luteus		0
680	Vibrio campbellii		0
2914043	Pseudomonas sp. B14(2022)		0
2021965	Parablepharisma sp.		0
63436	Leptopilina heterotoma		0
1816089	volcano metagenome	ecological metagenomes	1
2755568	Bacillus sp. UANL1552282b		0
1276652	Klebsiella pneumoniae ATCC BAA-1705		0
5480	Lodderomyces parapsilosis		0
1311	Streptococcus agalactiae		0
304766	Sedimentibacter sp. B4		0
221280	Candidatus Competibacter phosphatis		0
2559718	Dicyema sp. Vostok-2010		0
83154	Bassia scoparia		0
3696	Populus deltoides		0
1799687	steel metagenome	ecological metagenomes	1
89184	Ruegeria pomeroyi		0
24	Shewanella putrefaciens		0
1463165	Klebsiella quasipneumoniae		0
2654184	Candidatus Hydrogenedens sp.		0
2676890	Rugalucina munda		0
34067	Cycloclasticus		0
2026776	Candidatus Pelagibacterales bacterium		0
2045305	Ghiorsea sp.		0
2212469	Calditrichota bacterium		0
1914329	Roseicyclus sp.		0
2528255	Candidatus Binatota bacterium		0
267	Paracoccus sp. (in: a-proteobacteria)		0
1960830	Mesonia sp.		0
2250273	Candidatus Geothermarchaeota archaeon		0
2528249	Hydrogenothermaceae bacterium		0
1330491	Cosavirus A		0
34062	Faucicola osloensis		0
4841	Mucor racemosus		0
484	Neisseria flavescens		0
1335	Streptococcus equinus		0
2316423	Microcystis aeruginosa PMC 728.11		0
67826	Citrobacter sedlakii		0
388272	Pseudomonas aeruginosa PACS2		0
2024966	Dictyobacter sp.		0
2203	Methanospirillum hungatei		0
2093367	Desulfarculus sp.		0
2792612	Calditerrivibrio sp.		0
138072	Candidatus Williamhamiltonella defendens		0
7159	Aedes aegypti		0
1314	Streptococcus pyogenes		0
2710837	Subdoligranulum sp. DS40		0
329854	Bacteroides intestinalis		0
40520	Blautia obeum		0
707757	Klebsiella phage KP15		0
2710833	Pseudomonas sp. PS039		0
2710841	Subdoligranulum sp. DS80		0
2710840	Subdoligranulum sp. DS79		0
2710832	Paraprevotella sp. DS66		0
2710850	Subdoligranulum sp. PS249		0
39483	Faecalitalea cylindroides		0
2710849	Subdoligranulum sp. PS224		0
2710848	Subdoligranulum sp. PS223		0
155148	Enterobacteria phage HK620		0
261299	Intestinibacter bartlettii		0
2710834	Subdoligranulum sp. DS11		0
674529	Bacteroides faecis		0
1605	Ligilactobacillus animalis		0
457402	Eubacterium sp. 3_1_31		0
1531	Enterocloster clostridioformis		0
2710822	Acidaminococcus sp. PS273		0
12407	Eganvirus PsP3		0
2528703	Aigarchaeota archaeon		0
2511821	Archaeoglobaceae archaeon		0
2528253	Methanococcaceae archaeon		0
2020875	Methyloprofundus sp.		0
2030828	Piscirickettsiaceae bacterium		0
1936112	Fuerstiella sp.		0
2528248	Desulfarculaceae bacterium		0
2039724	Thiomicrorhabdus sp.		0
2528704	Pyrodictiaceae archaeon		0
2202151	Aquificota bacterium		0
1609976	Spiroplasma sp. hyd1		0
4577	Zea mays		0
4545	Poa pratensis		0
3693	Populus tremuloides		0
9883	Hydropotes inermis		0
68408	Moschus berezovskii		0
43332	Elaphurus davidianus		0
9863	Cervus nippon		0
9870	Rangifer tarandus		0
57737	Axis porcinus		0
756884	Pan troglodytes ellioti		0
46359	Gorilla beringei graueri		0
30589	Alouatta palliata		0
181000	Cladonia uncialis subsp. biuncialis		0
195798	Cladonia rangiferina subsp. rangiferina		0
195774	Cladonia mitis		0
174044	Cladonia arbuscula		0
9886	Muntiacus reevesi		0
1088058	Cervus albirostris		0
1230346	environmental samples		0
13614	Microbiota decussata		0
1904484	seagrass metagenome	organismal metagenomes	1
1499518	Antillogorgia bipinnata		0
86550	Erythropodium caribaeorum		0
241073	Vitis hybrid cultivar		0
813	Chlamydia trachomatis		0
319699	Equus asinus x Equus caballus		0
9793	Equus asinus		0
190902	Mentha aquatica		0
174045	Cladonia stellaris		0
1352039	Antillogorgia elisabethae		0
750000	Influenza A virus (A/Guangdong-Maonan/51/2009(H1N1))		0
1638020	uncultured Celerinatantimonas sp.		0
261389	environmental samples		0
2665953	Homo sapiens environmental sample		0
53435	Treponema paraluiscuniculi		0
140438	Aedes japonicus		0
749984	Ascidonia miserabilis		0
2083488	runoff metagenome	ecological metagenomes	1
7460	Apis mellifera		0
12643	Ectromelia virus		0
11983	Norwalk virus		0
39724	Circoviridae		0
45479	Cynomys gunnisoni		0
2558174	Candidatus Hydrogenosomobacter endosymbioticus		0
1966731	reproductive system metagenome	organismal metagenomes	1
1521637	Chlorogloea purpurea SAG 13.99		0
2592666	horse metagenome	organismal metagenomes	1
3052310	Mammarenavirus lassaense		0
2782051	Arthrobacter sp. SWH		0
2782050	Arthrobacter sp. STL		0
2782048	Arthrobacter sp. SK		0
342409	Whispovirus xiabaidian		0
2045079	rhinovirus C44		0
1418062	rhinovirus C20		0
2777143	rhinovirus A105		0
1219416	rhinovirus C1		0
2777132	rhinovirus C13		0
2777147	rhinovirus A1B		0
1219404	rhinovirus C17		0
2045074	rhinovirus C33		0
225363	Wolbachia endosymbiont of Rhagoletis cerasi		0
43399	Rhagoletis cerasi		0
2841648	Microcoleus sp. CAWBG51		0
2841654	Microcoleus sp. EPA2		0
2841644	Microcoleus sp. CAWBG24		0
2841924	Alcaligenes sp. 13f		0
2045227	Apatura laverna		0
2865854	Candidatus Thiodiazotropha sp. (ex. Lucinisca nassula)		0
1578	Lactobacillus		0
2705415	human feces metagenome	organismal metagenomes	1
474922	Colletotrichum gloeosporioides		0
156515	Tulasnella calospora		0
454194	Pyrinomonas methylaliphatogenes		0
1830148	eye metagenome	organismal metagenomes	1
224308	Bacillus subtilis subsp. subtilis str. 168		0
2834405	ore metagenome	ecological metagenomes	1
2782049	Arthrobacter sp. ST		0
2782053	Arthrobacter sp. YL		0
2782052	Arthrobacter sp. TP		0
2802241	Bromus biebersteinii		0
1141754	enterovirus D111		0
590	Salmonella		0
45659	Human adenovirus B3		0
382394	Agropyron desertorum		0
153233	Oceanicaulis alexandrii		0
3213	Polytrichum commune		0
2815303	Candidatus Brockarchaeota archaeon		0
1891763	Betapolyomavirus secuhominis		0
1396	Bacillus cereus		0
749999	Influenza A virus (A/Jiangxi-Zhanggong/118/2009(H1N1))		0
750001	Influenza A virus (A/Guangdong-Xuwen/313/2009(H1N1))		0
1769417	Nemalecium lighti		0
2817058	Methylobacterium sp. 37f		0
1954210	ballast water metagenome	ecological metagenomes	1
33882	Microbacterium		0
83614	Luteimonas		0
13233	Pseudococcus longispinus		0
2011160	phycosphere metagenome	organismal metagenomes	1
2320850	Mycolicibacterium sp.		0
1327954	placenta metagenome	organismal metagenomes	1
750010	Influenza A virus (A/Zhejiang-Haishu/1305/2009(H1N1))		0
750034	Influenza A virus (A/Henan-Jinshui/125/2009(H1N1))		0
750011	Influenza A virus (A/Hunan-Beihu/1237/2009(H1N1))		0
750027	Influenza A virus (A/Liaoning-Heping/146/2009(H1N1))		0
750012	Influenza A virus (A/Fujian-Cangshan/1120/2009(H1N1))		0
750036	Influenza A virus (A/Jilin-Chuanying/163/2009(H1N1))		0
750029	Influenza A virus (A/Hunan-Yuelu/310/2009(H1N1))		0
750053	Influenza A virus (A/Hunan-Furong/112/2009(H1N1))		0
750062	Influenza A virus (A/Shandong-HuaiYin/19/2009(H1N1))		0
750007	Influenza A virus (A/Jiangxi-Yuanzhou/1119/2009(H1N1))		0
750047	Influenza A virus (A/Jiangsu-Gulou/11/2009(H1N1))		0
750063	Influenza A virus (A/Xinjiang-Hutubi/11/2009(H1N1))		0
750008	Influenza A virus (A/Guangdong-Yuncheng/1193/2009(H1N1))		0
750048	Influenza A virus (A/Hebei-Xinshi/117/2009(H1N1))		0
750049	Influenza A virus (A/Shandong-Taishan/126/2009(H1N1))		0
36936	Lepidoglyphus destructor		0
3050265	Enterobacterales bacterium endosymbiont of Blomia tropicalis		0
40697	Blomia tropicalis		0
2496632	Gammaproteobacteria bacterium (ex Lamellibrachia satsuma)		0
1519372	spider metagenome	organismal metagenomes	1
1955812	Castellaniella sp.		0
1971895	Thermomonas sp.		0
1969806	Acidibrevibacterium fodinaquatile		0
1053	Halorhodospira halophila		0
2211116	Planctopirus sp.		0
1872638	Armatimonas sp.		0
2721627	urinary tract metagenome	organismal metagenomes	1
13551	Gryllodes sigillatus		0
1965289	Thermodesulfobacterium sp.		0
3049170	Candidatus Harpocratesius repetitus		0
2026747	Candidatus Heimdallarchaeota archaeon		0
2876573	Candidatus Heimdallarchaeum aukensis		0
2876572	Candidatus Heimdallarchaeum endolithica		0
173	Leptospira interrogans		0
1759528	Phormidium pseudopriestleyi FRX01		0
418267	Ainsliaea latifolia		0
2714341	aquaculture metagenome	ecological metagenomes	1
214474	Wolbachia endosymbiont of Tribolium confusum		0
416213	Ferrovum myxofaciens		0
83333	Escherichia coli K-12		0
750002	Influenza A virus (A/Fujian-Gulou/1482/2009(H1N1))		0
750058	Influenza A virus (A/Shandong-HuaiYin/148/2009(H1N1))		0
750003	Influenza A virus (A/Hubei-Yidu/314/2009(H1N1))		0
750035	Influenza A virus (A/Shandong-HuaiYin/1106/2009(H1N1))		0
750051	Influenza A virus (A/Ningxia-Zhongning/17/2009(H1N1))		0
750059	Influenza A virus (A/Shanxi-Taigu/118/2009(H1N1))		0
750004	Influenza A virus (A/Guangdong-Jinping/2138/2009(H1N1))		0
750020	Influenza A virus (A/Sichuan-Anyue/154/2009(H1N1))		0
750044	Influenza A virus (A/Fujian-Shishi/51/2009(H1N1))		0
750021	Influenza A virus (A/Hubei-Xiangcheng/312/2009(H1N1))		0
750069	Influenza A virus (A/Jiangxi-Yuanzhou/14/2009(H1N1))		0
750006	Influenza A virus (A/Hunan-Leiyang/39/2009(H1N1))		0
750030	Influenza A virus (A/Hunan-Yuelu/32/2009(H1N1))		0
750046	Influenza A virus (A/Hubei-Jiangan/117/2009(H1N1))		0
750015	Influenza A virus (A/Shanghai-Nanhui/1128/2009(H1N1))		0
750031	Influenza A virus (A/Hunan-Yuelu/37/2009(H1N1))		0
750017	Influenza A virus (A/Liaoning-Zhenxing/1117/2009(H1N1))		0
2093645	Phyllospongiinae sp. CBAS		0
531827	Aesculus chinensis var. wilsonii		0
323653	Wolbachia endosymbiont of Ceratitis capitata		0
1521626	Gomphosphaeria aponina		0
221293	Stigonema ocellatum		0
45480	Cynomys ludovicianus		0
2841652	Microcoleus sp. CAWBG639		0
2841651	Microcoleus sp. CAWBG58		0
2841650	Microcoleus sp. CAWBG556		0
2841649	Microcoleus sp. CAWBG52		0
2841645	Microcoleus sp. CAWBG27		0
11276	Vesicular stomatitis virus		0
1759405	parchment metagenome	ecological metagenomes	1
2795383	Nitrosopumilus sp. K4		0
2771493	Enterococcus lacertideformus		0
15304	Alopecurus pratensis		0
178901	Acetobacter malorum		0
573321	Chitinophaga rupis		0
1380389	Sphingomonas sp. URHD0057		0
2083498	Ketobacter sp.		0
10519	Human adenovirus 7		0
34085	Riemerella anatipestifer		0
2015550	enterovirus D94		0
2820006	Alkaliphilus sp. NP8		0
2045451	Stenotrophomonas indicatrix		0
2819232	plant fiber metagenome	organismal metagenomes	1
2725942	Candidatus Nanogingivalaceae bacterium		0
5763	Naegleria fowleri		0
2782235	Kaistella sp.		0
1934310	Diaphorobacter sp.		0
2184241	Mycobacteroides sp.		0
186538	Zaire ebolavirus		0
1940456	Sphingomicrobium sp.		0
2293560	Caldilinea sp.		0
2022443	Thermostilla sp.		0
1967498	Ilumatobacter sp.		0
2699756	Syntrophorhabdus sp.		0
2184235	Mycolicibacter sp.		0
1377	Aerococcus viridans		0
912594	Mycolicibacterium iranicum		0
2885473	Klebsiella sp. 19B0005246		0
208224	Enterobacter kobei		0
2936644	Phycisphaerales bacterium PN19_bin_20		0
2731619	Caudoviricetes		0
145856	Human picobirnavirus		0
1986198	Coronaviridae sp.		0
1892416	Rousettus bat coronavirus		0
1508220	Bat coronavirus		0
70606	Piptanthus nepalensis		0
1076141	Rodgersia aesculifolia		0
32008	Burkholderia		0
28134	Hoylesella oralis		0
4959	Debaryomyces hansenii		0
46018	Echovirus E7		0
2170004	Megrivirus A		0
4838	Rhizomucor		0
34028	Comamonas sp.		0
32002	Achromobacter denitrificans		0
2034841	Lentimicrobium sp.		0
28201	Bdellovibrio sp.		0
1010	Sphingobacterium mizutaii		0
2794877	Desulfatibacillum sp.		0
2080236	Thermosulfurimonas sp.		0
2004800	Luteitalea sp.		0
3977	Euphorbiaceae		0
49556	Oenanthe javanica		0
496697	Pternopetalum davidii		0
750074	Influenza A virus (A/Tianjin-Jinnan/15/2009(H1N1))		0
750043	Influenza A virus (A/Sichuan-Wuhou/51/2009(H1N1))		0
750067	Influenza A virus (A/Henan-Jinshui/51/2009(H1N1))		0
750075	Influenza A virus (A/Heilongjiang-Hailin/15/2009(H1N1))		0
750052	Influenza A virus (A/Henan-Zhongyuan/111/2009(H1N1))		0
750068	Influenza A virus (A/Henan-Xigong/18/2009(H1N1))		0
750013	Influenza A virus (A/Heilongjiang-Nangang/1110/2009(H1N1))		0
750037	Influenza A virus (A/Jiangsu-Gulou/110/2009(H1N1))		0
750061	Influenza A virus (A/Heilongjiang-Daoli/112/2009(H1N1))		0
750014	Influenza A virus (A/Guangdong-Futian/174/2009(H1N1))		0
750022	Influenza A virus (A/Hunan-Yueyanglou/317/2009(H1N1))		0
750038	Influenza A virus (A/Lanzhou/121/2009(H1N1))		0
750054	Influenza A virus (A/Shandong-HuaiYin/162/2009(H1N1))		0
750070	Influenza A virus (A/Jilin-Chaoyang/111/2009(H1N1))		0
750023	Influenza A virus (A/Liaoning-Zhenxing/175/2009(H1N1))		0
750055	Influenza A virus (A/Beijing-Xuanwu/141/2009(H1N1))		0
750071	Influenza A virus (A/Shandong-HuaiYin/11/2009(H1N1))		0
750016	Influenza A virus (A/Fujian-Gulou/1333/2009(H1N1))		0
750032	Influenza A virus (A/Heilongjiang-Xiangfang/169/2009(H1N1))		0
750009	Influenza A virus (A/Liaoning-Tiedong/14/2009(H1N1))		0
750033	Influenza A virus (A/Ningxia-Xingqing/233/2009(H1N1))		0
750057	Influenza A virus (A/Jilin-Chuanying/121/2009(H1N1))		0
2598107	Methylobacterium sp. W2		0
2598461	Methylobacterium sp. GM3		0
45989	Methanoculleus		0
68	Lysobacter		0
497	Psychrobacter		0
41275	Brevundimonas		0
2777136	rhinovirus B100		0
1219407	rhinovirus C42		0
1917697	Candidatus Saccharimonas sp.		0
2841653	Microcoleus sp. CAWBG640		0
2841647	Microcoleus sp. CAWBG506		0
2841646	Microcoleus sp. CAWBG50		0
28126	Segatella buccae		0
2885474	Morganella sp. 20B4660514		0
68887	Torque teno virus		0
689403	Human bocavirus 1		0
1767	Mycobacterium intracellulare		0
439334	Mycobacterium avium subsp. hominissuis		0
1185650	Mycobacteroides abscessus subsp. abscessus		0
1389713	Mycobacterium paragordonae		0
222805	Mycobacterium intracellulare subsp. chimaera		0
1768	Mycobacterium kansasii		0
1962118	Mycobacteroides abscessus subsp. massiliense		0
141349	Mycobacterium lentiflavum		0
133823	environmental samples		0
693772	invertebrate environmental sample		0
400198	Rinodina peloleuca		0
1138383	Mycobacterium paraintracellulare		0
1778	Mycobacterium gordonae		0
2569093	uncultured Acidobacteriia bacterium		0
1237772	Pavetta revoluta		0
61843	Psychotria capensis		0
164485	Vangueria infausta		0
43577	Vangueria madagascariensis		0
1993908	Parvularia atlantis		0
2006546	Pigoraptor chileana		0
10244	Monkeypox virus		0
1822367	Candidatus Moeniiplasma glomeromycotorum		0
1353	Enterococcus gallinarum		0
133098	Periphyllus lyropictus		0
41846	Echovirus E30		0
2800156	Dipterophagus daci		0
1003835	Severe fever with thrombocytopenia syndrome virus		0
223184	Kocuria marina		0
2682144	Fimbriimonadaceae bacterium		0
28067	Rubrivivax		0
2030806	Burkholderiaceae bacterium		0
1130098	nematode metagenome	organismal metagenomes	1
10493	Frog virus 3		0
172961	Gracilaria domingensis		0
1491186	Alviniconcha marisindica		0
28105	Sinorhizobium		0
4558	Sorghum bicolor		0
587401	Ardisia mamillata		0
980240	Fadogia homblei		0
1090597	Pavetta gardeniifolia		0
339310	Pavetta ternifolia		0
1285876	Vangueria dryadum		0
164483	Vangueria pygmaea		0
308964	Vangueria soutpansbergensis		0
458690	Ardisia cornudentata		0
1073920	Ardisia virens		0
189199	Psychotria zombamontana		0
308960	Vangueria esculenta		0
1285878	Vangueria macrocalyx		0
308963	Vangueria randii		0
360505	Hapalogenys analis		0
761203	Ministeria vibrans ATCC 50519		0
2006545	Pigoraptor vietnamica		0
81479	Rhodoferax antarcticus		0
37734	Enterococcus casseliflavus		0
1275	Kocuria rosea		0
2827264	Trichodesmium thiebautii sct-8t3		0
85708	Porcine circovirus 2		0
360994	Capnella imbricata		0
2857090	Cyanidiales sp. CYAS		0
530537	psyllid metagenome	organismal metagenomes	1
1173061	Geotrichum candidum		0
635208	Robillarda sessilis		0
979882	Coprinopsis urticicola		0
1812718	Apiospora thailandica		0
29760	Vitis vinifera		0
46913	Devosia		0
1342751	plastisphere metagenome	ecological metagenomes	1
29388	Staphylococcus capitis		0
31658	Cell fusing agent virus		0
3052631	Phasivirus phasiense		0
2126523	shark metagenome	organismal metagenomes	1
2913504	Corynebacterium yonathiae		0
73029	Dechloromonas		0
146937	Azospira		0
33057	Thauera		0
2917826	Nitrospira sp. W006		0
2917825	Sphingomonas sp. W015		0
2917822	Erythrobacter sp. W011		0
2917814	Bradyrhizobium sp. W001		0
1796613	Bacteroides caecimuris		0
2552947	Candidatus Magnetomonas plexicatena		0
692069	Falcon aviadenovirus A		0
51062	Porites lutea		0
79252	Podosphaera aphanis		0
400354	Loxospora ochrophaea		0
669869	Lobaria immixta		0
2918522	Lignoscripta atroalba		0
223429	Xylographa vitiligo		0
90408	Icmadophila ericetorum		0
1590129	Xylographa bjoerkii		0
160984	Varicellaria rhodocarpa		0
2704026	Stictis urceolata		0
243211	Sticta canariensis		0
169141	Pseudocyphellaria aurata		0
52883	Peltigera leucophlebia		0
2871812	Acarospora aff. strigata		0
2880980	Lindaspio sp. i ZZ-2021		0
154702	Gomesa flexuosa		0
29918	Cladosporium herbarum		0
2632349	unclassified Didymella		0
752676	Coprinopsis calospora		0
81	Hyphomicrobium		0
47420	Hydrogenophaga		0
2605630	Tesano Aedes virus		0
2917821	Sphingomonas sp. W010		0
185951	Sphingomonas aerolata		0
70586	Aquabacterium commune		0
56361	Blastomonas ursincola		0
1177	Nostoc		0
312200	Mycoblastus sanguinarius		0
2918519	Bachmanniomyces sp. S44760		0
1453799	Xylographa trunciseda		0
1590126	Xylographa soralifera		0
1453797	Xylographa opegraphella		0
1590122	Xylographa carneopallida		0
443868	Agyrium rufum		0
2448779	Chitinophagales bacterium		0
2833262	Taipeivirus sp.		0
337330	Lactiplantibacillus plantarum subsp. plantarum		0
11246	Bovine orthopneumovirus		0
2651171	Thermoanaerobaculia bacterium		0
2599941	Oligoflexia bacterium		0
71812	Ifremeria nautilei		0
92862	unclassified Pleosporales		0
646068	Neoascochyta paspali		0
100019	Didymella exigua		0
36909	Citeromyces matritensis		0
41959	Aspergillus penicillioides		0
515146	unclassified Capnodiales		0
798152	Pyrenochaetopsis leptospora		0
1032768	Hygrophorus persicolor		0
2621805	unclassified Basidiobolus		0
378210	Methyloversatilis		0
2824556	Limnoraphis sp. WC205		0
11976	Rabbit hemorrhagic disease virus		0
2169706	Deer atadenovirus A		0
2876703	Cladonema multiramosum		0
2917820	Sphingomonas sp. W008		0
2917819	Sphingomonas sp. W007		0
2917818	Novosphingobium sp. W004		0
2917817	Rothia sp. W003		0
2917824	Sphingomonas sp. W014		0
2917823	Sphingomonas sp. W013		0
2917815	Sphingomonas sp. W002		0
327700	Schizothorax biddulphi		0
2614250	Caldilineaceae bacterium		0
2479206	Cenarchaeum sp.		0
2081523	Terriglobia bacterium		0
2590576	Vicinamibacteraceae bacterium		0
2833628	Streptomyces sp. MST-110588		0
39725	Circovirus		0
4753	Pneumocystis		0
469	Acinetobacter		0
620	Shigella		0
47671	Lautropia mirabilis		0
724	Haemophilus		0
108946	Lecanora polytropa		0
83555	Chlamydia abortus		0
42458	Lichtheimia corymbifera		0
1350	Enterococcus		0
298596	Sporosarcina ureilytica		0
1074049	Candidatus Burkholderia crenata		0
1660347	phage metagenome	organismal metagenomes	1
2940671	[Phormidium] yuhuli AB48		0
1239	Bacillota		0
201174	Actinomycetota		0
1292099	retting metagenome	ecological metagenomes	1
5478	Nakaseomyces glabratus		0
273371	Lodderomyces orthopsilosis		0
169292	Corynebacterium aurimucosum		0
47770	Lactobacillus crispatus		0
2959672	Enterobacteria phage CN51		0
43990	Corynebacterium segmentosum		0
43768	Corynebacterium matruchotii		0
299767	Enterobacter ludwigii		0
1977084	Ornithinimicrobium sp.		0
134821	Ureaplasma parvum		0
158836	Enterobacter hormaechei		0
303	Pseudomonas putida		0
1300978	Bat paramyxovirus		0
2502012	medical device metagenome	ecological metagenomes	1
1696520	Nonionella auris		0
2448414	Uvigerina striata		0
2448412	Cassidulina limbata		0
2448413	Globobulimina pacifica		0
2448409	Bolivina spissa		0
2448408	Bolivinella seminuda		0
2448356	Bolivina costata		0
4852	Cunninghamella		0
1758225	Human pegivirus		0
5537	Rhodotorula mucilaginosa		0
1337886	Sporomusa sphaeroides DSM 2875		0
242161	Candidatus Paraburkholderia calva		0
1090375	Candidatus Burkholderia pumila		0
242163	Candidatus Burkholderia verschuerenii		0
67476	Haslea ostrearia		0
1759404	concrete metagenome	ecological metagenomes	1
161899	Corynebacterium singulare		0
1376	Aerococcus urinae		0
1831	Rhodococcus sp. (in: high G+C Gram-positive bacteria)		0
1720	Corynebacterium sp.		0
1260	Finegoldia magna		0
2702	Gardnerella vaginalis		0
2130	Ureaplasma urealyticum		0
1703	Brevibacterium linens		0
147802	Lactobacillus iners		0
4909	Pichia kudriavzevii		0
2448417	Valvulineria inflata		0
2448411	Cancris carmenensis		0
2853285	Phyllostomus bat morbillivirus		0
2853286	Myotis bat morbillivirus		0
2024903	Zalaria obscura		0
1090471	Candidatus Burkholderia humilis		0
1090379	Candidatus Burkholderia brachyanthoides		0
1069530	Candidatus Paraburkholderia schumanniana		0
76775	Malassezia restricta		0
4903	Williopsis jadinii		0
1397036	Lambiella insularis		0
1453798	Xylographa parallela		0
1590118	Xylographa pallens		0
129515	Trapelia coarctata		0
1453789	Toensbergia leucococca		0
209281	Thelotrema lepadinum		0
318760	Hypocenomyce scalaris		0
1042397	Schaereria dolodes		0
2918520	Puttea exsequens		0
223409	Ptychographa xylographoides		0
2876595	Serratia phage BUCT660		0
1326980	Candidatus Aramenus sulfurataquae		0
2448410	Bolivina plicata		0
35617	Mycobacterium intracellulare subsp. intracellulare		0
43304	Mycolicibacterium peregrinum		0
2943498	Candidatus Mycobacterium methanotrophicum		0
83772	Equus asinus asinus		0
39693	Mycolicibacterium porcinum		0
34105	Streptobacillus moniliformis		0
286115	Synchytrium endobioticum		0
2943808	rabbit gut metagenome	organismal metagenomes	1
443256	Canis lupus lupus		0
57571	Salamandra salamandra		0
1656172	Coxiella endosymbiont of Ornithodoros maritimus		0
990316	Methanothrix soehngenii GP6		0
1300163	Methanobacterium formicicum JCM 10132		0
1434108	Methanosarcina barkeri MS		0
208979	Formica selysi		0
2745763	Plagiolepis sp. 2PspQMUL		0
1787	Mycobacterium szulgai		0
144549	Mycolicibacterium fortuitum subsp. fortuitum		0
401658	Rinodina moziana var. moziana		0
72779	Formica fusca		0
329301	Cardiocondyla wroughtonii		0
314138	Cardiocondyla mauritanica		0
72798	Plagiolepis pygmaea		0
1656159	Coxiella endosymbiont of Dermacentor marginatus		0
101924	Rhodosorus marinus		0
591154	Candidatus Methylacidiphilum fumarolicum		0
195785	Cladonia stygia		0
111670	Cladonia rangiferina		0
5199	Cladonia		0
1738592	Cladonia oricola		0
1564456	Cladonia submitis		0
195789	Cladonia subtenuis		0
151781	Lactobacillus intestinalis		0
311333	Chryseobacterium soldanellicola		0
2665993	Gigantidas haimaensis		0
2809082	goat gut metagenome	organismal metagenomes	1
28890	Methanobacteriota		0
1236	Gammaproteobacteria		0
28216	Betaproteobacteria		0
31989	Paracoccaceae		0
28211	Alphaproteobacteria		0
49546	Flavobacteriaceae		0
296014	Algicola		0
1825055	periphyton metagenome	ecological metagenomes	1
37124	Chikungunya virus		0
138949	Enterovirus B		0
1502	Clostridium perfringens		0
2850	Phaeodactylum tricornutum		0
32630	synthetic construct		0
2951411	canine gut metagenome	organismal metagenomes	1
2928747	Candidatus Siliceabacter maunaloa		0
38877	Entamoeba gingivalis		0
37727	Talaromyces marneffei		0
2654368	Carassius auratus diploid		0
976	Bacteroidota		0
59617	Helicobacter rodentium		0
1028068	Sinelater perroti		0
2032688	Candidatus Methanoperedens sp.		0
386891	Moraxella bovoculi		0
85404	Mannheimia varigena		0
2971098	Haemophilus sp. 3d		0
2971096	Bacteroides sp. 2b		0
839	Xylanibacter ruminicola		0
2967168	Dromaeolus sp. ZM-2022		0
312531	Kitagawia praeruptora		0
1540818	solid waste metagenome	ecological metagenomes	1
2977098	Candidatus Methanospirare jalkutatii		0
9541	Macaca fascicularis		0
1433513	Streptococcus gwangjuensis		0
38289	Corynebacterium jeikeium		0
28037	Streptococcus mitis		0
59509	Lumpy skin disease virus		0
450367	Peribacillus frigoritolerans		0
9509	Ateles geoffroyi		0
2480090	Sulfuritalea sp.		0
2560313	avian paramyxovirus 2		0
1392997	Candidatus Methanoperedens		0
2890062	root nodule metagenome	organismal metagenomes	1
2928749	Pyrinomonadaceae bacterium MAG19_C2-C3		0
157899	Sulfolobus islandicus rod-shaped virus 2		0
27672	Perimyotis subflavus		0
2928748	Candidatus Gaiellasilicea maunaloa		0
2964550	Microrhagus sp. ZM-2022		0
3662	Cucurbita moschata		0
47735	Bibersteinia trehalosi		0
28131	Prevotella intermedia		0
33034	Anaerococcus prevotii		0
334542	Rhodococcus qingshengii		0
2979605	Betta splendens papillomavirus 1		0
1805463	Bat betacoronavirus		0
2419667	Bat alphacoronavirus		0
28449	Neisseria subflava		0
1303	Streptococcus oralis		0
1177574	Prevotella jejuni		0
488447	Burkholderia contaminans		0
91201	Gastrodia elata		0
2994971	Microcella daejeonensis		0
841	Roseburia		0
577309	Paraprevotella		0
397864	Barnesiella		0
216851	Faecalibacterium		0
33042	Coprococcus		0
1730	Eubacterium		0
838	Prevotella		0
375288	Parabacteroides		0
239759	Alistipes		0
158846	Megamonas		0
292632	Subdoligranulum		0
816	Bacteroides		0
1263	Ruminococcus		0
1678	Bifidobacterium		0
3052189	Erythroparvovirus primate1		0
687329	Anelloviridae		0
1157338	Canine astrovirus		0
41276	Brevundimonas vesicularis		0
74313	Brevundimonas subvibrioides		0
75	Caulobacter		0
180282	Delftia tsuruhatensis		0
1868658	Human astrovirus		0
3015997	Brevundimonas sp. NIBR10		0
1279	Staphylococcus		0
518	Bordetella bronchiseptica		0
43675	Rothia mucilaginosa		0
2991497	Streptococcus sp. N13		0
1379	Gemella haemolysans		0
1886637	Delftia sp.		0
7108	Spodoptera frugiperda		0
492670	Bacillus velezensis		0
2996261	Arthrobacter sp. MMS18-M83		0
3015999	Brevundimonas sp. NIBR11		0
1436133	Actinacidiphila bryophytorum		0
3014784	Sphingomonas sp. NIBR02145		0
480	Moraxella catarrhalis		0
33570	Graptemys ouachitensis		0
1087313	Pseudemys floridana		0
72274	Pseudomonadales		0
1328	Streptococcus anginosus		0
106649	Acinetobacter guillouiae		0
2035	Curtobacterium flaccumfaciens		0
1648923	Bacillus paralicheniformis		0
2991498	Streptococcus sp. N15		0
1660	Schaalia odontolytica		0
936337	Microbacterium amylolyticum		0
3009083	Aurantiacibacter sp. MUD61		0
470934	Pantoea vagans		0
3016000	Caulobacter sp. NIBR1757		0
84560	Formica lemani		0
329306	Cardiocondyla minutior		0
467805	Teratosphaeria eucalypti		0
6211	Echinococcus multilocularis		0
2654366	Carassius auratus autotriploid		0
47892	Eudiplodinium maggii		0
359110	Pseudomonas extremaustralis		0
2032687	Candidatus Methylomirabilis sp.		0
2798575	sea cucumber metagenome	organismal metagenomes	1
554065	Chlorella variabilis		0
198431	uncultured prokaryote		0
89586	Neoehrlichia mikurensis		0
2897174	Cortinarius alces		0
499892	Cortinarius glandicolor		0
340089	Cortinarius neofurvolaesus		0
2897179	Austrocortinarius victoriaensis		0
519541	Geodia barretti		0
1895593	Aureonarius tofaceus		0
2859946	Calonarius typicus		0
304728	Cystinarius crassus		0
1420582	Cortinarius bovarius		0
86078	Thaxterogaster scaurus		0
2014611	factory metagenome	ecological metagenomes	1
100830	Tetrao urogallus		0
1130134	Haementeria acuecueyetzin		0
1130133	Haementeria lopezi		0
6410	Haementeria officinalis		0
186617	uncultured marine virus		0
98809	Bactrocera neohumeralis		0
3052429	Orthobunyavirus oropoucheense		0
158587	Argopecten irradians irradians		0
2921218	Pinnaxodes major		0
2921221	Amusiotheres obtusidentatus		0
2921217	Pinnotheres excussus		0
585954	Tritodynamia horvathi		0
315204	Geoglossum umbratile		0
2939404	Thelocarpon superellum		0
2939412	Piccolia ochrophora		0
2939402	Trizodia sp. TS-e1964		0
318774	Phylliscum demangeonii		0
286406	Sarcosagium campestre		0
2796175	Watsoniomyces obsoletus		0
2939407	Bathelium mastoideum		0
2939399	Claussenomyces sp. TS43310		0
2939398	Peltula sp. TS41687		0
174425	Lichina confinis		0
265104	Trichoglossum hirsutum		0
2743511	Rhipicephalus sp.		0
2730045	Amblyomma sp.		0
1340425	Geobacter anodireducens		0
1917182	Paracandidimonas soli		0
418702	Azonexus hydrophilus		0
1086352	Geoglossum simile		0
2939403	Sclerophora amabilis		0
1130053	Cirrosporium novae-zelandiae		0
91480	Alyxoria varia		0
1453791	Pycnora praestabilis		0
273283	Sarea resinae		0
460848	Candelaria pacifica		0
140758	Arthroderma multifidum		0
41977	Parazoarcus communis		0
220392	Bathymodiolus septemdierum		0
2951803	Candidatus Lokiarchaeum ossiferum		0
1423375	Abutilon fruticosum		0
2986072	Candidatus Minimicrobia sp. IHU4		0
1940	Streptomyces albireticuli		0
1469616	Ctenocephalides orientis		0
208895	Human respiratory syncytial virus B		0
1739414	Staphylococcus sp. HMSC066C03		0
42862	Rickettsia felis		0
392547	Candidatus Brocadia sapporoensis		0
2172549	Candidatus Brocadia sp.		0
2170669	Candidatus Jettenia sp.		0
463676	Rhinovirus C		0
47418	Phocid alphaherpesvirus 1		0
2219933	Okanagana oregona		0
94128	Apis cerana cerana		0
3025412	Pseudomonas phage UF_RH5		0
265668	Vibrio ponticus		0
663	Vibrio alginolyticus		0
34097	Brevinema andersonii		0
1263102	Segatella copri CAG:164		0
564	Escherichia fergusonii		0
1841856	Bacteroides mediterraneensis		0
39496	Eubacterium ventriosum		0
301302	Roseburia faecis		0
1262932	Prevotella sp. CAG:604		0
29348	Thomasclavelia spiroformis		0
291644	Bacteroides salyersiae		0
1262925	Prevotella sp. CAG:386		0
204516	Phocaeicola massiliensis		0
1262889	Eubacterium sp. CAG:38		0
1547	Thomasclavelia ramosa		0
1262934	Prevotella sp. CAG:732		0
338188	Bacteroides finegoldii		0
4926	Pichia membranifaciens		0
33035	Blautia producta		0
745368	Gemmiger formicilis		0
1650663	Allofournierella massiliensis		0
29363	Clostridium paraputrificum		0
1496	Clostridioides difficile		0
1263052	Phocaeicola plebeius CAG:211		0
2022527	Prevotella sp. 885		0
501571	Butyricicoccus pullicaecorum		0
850	Fusobacterium mortiferum		0
214851	Subdoligranulum variabile		0
1262805	Clostridium sp. CAG:43		0
1776391	Romboutsia timonensis		0
622	Shigella dysenteriae		0
169435	Anaerotruncus colihominis		0
418240	Blautia wexlerae		0
1984796	Seoulvirus SPN3US		0
1965549	Gemmiger sp. An120		0
1965570	Anaeromassilibacillus sp. An172		0
1262756	Blautia sp. CAG:257		0
1262914	Phascolarctobacterium sp. CAG:207		0
365059	Coilia nasus		0
1119528	Methyloversatilis discipulorum		0
2047713	mud metagenome	ecological metagenomes	1
2917968	Mops condylurus alphacoronavirus		0
4567	Triticum turgidum subsp. durum		0
2790308	bat gut metagenome	organismal metagenomes	1
3119598	nervous system metagenome	organismal metagenomes	1
147712	Rhinovirus B		0
147711	Rhinovirus A		0
3028120	Pseudomonas phage UF_RH6		0
1852370	Prevotellamassilia timonensis		0
556259	Bacteroides sp. D2		0
1263040	Phocaeicola coprocola CAG:162		0
1965604	Anaeromassilibacillus sp. An250		0
360807	Roseburia inulinivorans		0
310297	Phocaeicola plebeius		0
1965639	Gemmiger sp. An50		0
106588	Pseudoflavonifractor capillosus		0
1262832	Clostridium sp. CAG:7		0
626931	Bacteroides oleiciplenus		0
624	Shigella sonnei		0
1805477	Clostridium sp. Marseille-P299		0
371601	Bacteroides xylanisolvens		0
1720194	Clostridium sp. AT4		0
1263072	Dialister invisus CAG:218		0
437898	Sutterella parvirubra		0
1262882	Eubacterium sp. CAG:180		0
1852381	Duodenibacillus massiliensis		0
1965576	Pseudoflavonifractor sp. An184		0
1262694	Alistipes sp. CAG:29		0
4911	Kluyveromyces marxianus		0
3034128	Escherichia phage Epirus-Ioannina		0
27697	Sardina pilchardus		0
12928	Alviniconcha hessleri		0
2921216	Arcotheres purpureus		0
2486895	Pinnotheres pholadis		0
1235678	Arcotheres sinensis		0
2921219	Asthenognathus inaequipes		0
157785	Plagusia squamosa		0
156090	Cleistostoma dilatatum		0
563105	Hapalocarcinus marsupialis		0
460853	Candelina mexicana		0
460854	Candelina submexicana		0
1116844	Thelocarpon impressellum		0
318763	Pleopsidium flavum		0
2939400	Chrysothrix sp. TS-e1954		0
2939408	Vezdaea acicularis		0
2939406	Bogoriella megaspora		0
2939410	Caeruleum heppii		0
2939405	Vezdaea aestivalis		0
164576	Chaenotheca gracillima		0
1915306	Klebsiella pneumoniae phage		0
128780	Stenotrophomonas acidaminiphila		0
2987746	Equus asinus papillomavirus 3		0
172045	Elizabethkingia miricola		0
1117645	Elizabethkingia anophelis		0
2966151	dairy metagenome	ecological metagenomes	1
2594177	Human pegivirus genotype 1		0
50426	Pinctada fucata		0
1933216	biofloc metagenome	ecological metagenomes	1
1859130	Candidatus Electrothrix marina		0
1859133	Candidatus Electrothrix communis		0
1930145	Cyanobium sp. CZS48M		0
2518971	Duncaniella dubosii		0
1796616	Blautia pseudococcoides		0
195	Campylobacter coli		0
1638	Listeria ivanovii		0
585961	Xenophthalmus pinnotheroides		0
1682	Bifidobacterium longum subsp. infantis		0
3034509	Yoonia sp. 003551805		0
3034507	Sulfurospirillum sp. 017860615		0
6728	Procambarus clarkii		0
2169663	Porprismacovirus		0
3027907	Microcystis sp. LE19-LLNL		0
1781	Mycobacterium marinum		0
1930123	Cyanobium sp. CZS25K		0
1803738	Conchocele bisecta		0
83554	Chlamydia psittaci		0
3020045	Pseudomonas phage UF_RH1		0
1263103	Leyella stercorea CAG:629		0
46228	[Ruminococcus] lactaris		0
1262929	Prevotella sp. CAG:520		0
437897	Megamonas funiformis		0
626929	Bacteroides clarus		0
35833	Bilophila wadsworthia		0
1262986	Proteobacteria bacterium CAG:139		0
1262689	Acidiphilium sp. CAG:727		0
387090	Phocaeicola coprophilus		0
1965588	Anaerofilum sp. An201		0
1627893	Ruminococcaceae bacterium cv2		0
552398	Ruminococcaceae bacterium D16		0
1965537	Flavonifractor sp. An10		0
28125	Prevotella bivia		0
214856	Alistipes finegoldii		0
292800	Flavonifractor plautii		0
393921	Porphyromonas crevioricanis		0
1262830	Clostridium sp. CAG:632		0
1262754	Bacteroides sp. CAG:98		0
1965582	Gemmiger sp. An194		0
1965613	Bacteroides sp. An269		0
301301	Roseburia hominis		0
1262869	Dialister sp. CAG:357		0
1262691	Akkermansia sp. CAG:344		0
671267	Phocaeicola sartorii		0
649724	Clostridium sp. ATCC BAA-442		0
264463	Anaerosporobacter mobilis		0
626930	Bacteroides fluxus		0
387661	Parabacteroides johnsonii		0
1805470	Clostridium nigeriense		0
1871006	Bacteroides congonensis		0
1263547	Oscillibacter ruminantium		0
3034512	Rubellimicrobium sp. 009904055		0
3034510	Thermomicrobium sp. 002898255		0
3034508	Paracoccus sp. 000787695		0
3036680	Vibrio phage P15-VP		0
3027908	Microcystis sp. LE3-LLNL		0
181208	Emiliania huxleyi virus sp.		0
1702221	Faecalibaculum rodentium		0
471497	Alectorobius kelleyi		0
1873886	sea urchin metagenome	organismal metagenomes	1
2874846	Candidatus Methanoliparum sp. LAM-1		0
1430427	Rickettsia endosymbiont of Nesidiocoris tenuis		0
3107654	Trueperales bacterium		0
288	Pseudoalteromonas atlantica		0
1670605	poultry litter metagenome	ecological metagenomes	1
3049079	clothing metagenome	ecological metagenomes	1
36802	Crocidura russula		0
5551	Trichophyton rubrum		0
3050081	Spiroplasma endosymbiont of Nesidiocoris tenuis		0
198433	Liriomyza trifolii		0
2609467	Ferrovum sp.		0
2025307	Sulfuriferula sp.		0
1822005	cetacean metagenome	organismal metagenomes	1
7955	Danio rerio		0
142080	Ligia exotica		0
203399	Calcarina hispida		0
2855192	Parasorites sp. A13		0
378197	Neoassilina ammonoides		0
1292	Staphylococcus warneri		0
2895989	Staphylococcus sp. SC19-5407		0
481743	Paenibacillus sp. Y412MC10		0
85698	Achromobacter xylosoxidans		0
1302	Streptococcus gordonii		0
397291	Lachnospiraceae bacterium A4		0
1146873	Murine mastadenovirus B		0
397290	Lachnospiraceae bacterium A2		0
47886	Pseudomonas luteola		0
254253	Lactococcus phage Q33		0
415540	uncultured marine microorganism		0
2855196	Sorites sp. CB1		0
2855191	Amphisorus sp. A8		0
2855190	Amphisorus sp. A7		0
159862	Nummulites venosus		0
2855195	Sorites sp. A11		0
3080560	Candidatus Desulfacyla sp.		0
2026733	Dehalococcoidales bacterium		0
2910166	Candidatus Nanoarchaeia archaeon		0
3045160	Candidatus Bathyarchaeia archaeon		0
3061978	Desulfobia sp.		0
2052156	Chlamydiia bacterium		0
3101190	Candidatus Desulfolinea sp.		0
2699754	Pirellulaceae bacterium		0
2818507	Myxococcota bacterium		0
2933166	Candidatus Marinamargulisbacteria bacterium		0
3024425	Desulfurivibrionaceae bacterium		0
2026774	Parcubacteria group bacterium		0
2202153	Thermodesulfobacteriota bacterium		0
2913493	Arenicellales bacterium		0
2026806	Woeseiaceae bacterium		0
2910168	Longimicrobiales bacterium		0
3101187	Candidatus Thiopontia sp.		0
3024416	Desulfatiglandales bacterium		0
2711152	Candidatus Peribacterales bacterium		0
2590574	Luminiphilus sp.		0
2774603	Candidatus Krumholzibacteriia bacterium		0
3080547	Desulfatiglandaceae bacterium		0
36823	Gordonia sputi		0
11277	Vesicular stomatitis Indiana virus		0
478825	unclassified Picornaviridae		0
2184748	Human blood-associated dicistrovirus		0
1941236	Gemykibivirus		0
1542744	Gemycircularvirus		0
11041	Rubella virus		0
3052770	Tetraparvovirus primate1		0
32604	Human betaherpesvirus 6B		0
10515	Human adenovirus 2		0
10798	Human parvovirus B19		0
59818	Tyrophagus putrescentiae		0
105145	Glycyphagus domesticus		0
2021367	Cellulomonadaceae bacterium		0
1978229	Beijerinckiaceae bacterium		0
2699748	Gracilibacteraceae bacterium		0
1926307	Veillonella sp.		0
2748031	Paludibacteraceae bacterium		0
3048853	Candidatus Enterousia sp.		0
2952975	Tenuifilaceae bacterium		0
1872471	Alloprevotella sp.		0
33025	Phascolarctobacterium faecium		0
867	Ruminobacter amylophilus		0
3083246	Christensenellales bacterium		0
1527	Anaerocolumna aminovalerica		0
3084846	Candidatus Limimorpha sp.		0
2485926	Atopobiaceae bacterium		0
2831996	Eubacteriales bacterium		0
2952915	Candidatus Cryptobacteroides sp.		0
3048852	Candidatus Alloenteromonas sp.		0
3030905	Candidatus Limivicinus sp.		0
35828	Fibrobacter sp.		0
3030912	Anaerovoracaceae bacterium		0
2791014	Malacoplasma sp.		0
2775028	Endomicrobiaceae bacterium		0
2952921	Faecousia sp.		0
2014784	Neisseriaceae bacterium		0
1936151	Succinimonas sp.		0
2049039	Phascolarctobacterium sp.		0
44737	Capnocytophaga sp.		0
1903720	Bacilli bacterium		0
2205	Methanomicrobium mobile		0
3077420	Acutalibacteraceae bacterium		0
205	Campylobacter sp.		0
2815818	Sodaliphilus sp.		0
2447898	Candidatus Kapaibacterium sp.		0
2185275	Lawsonibacter sp.		0
2791017	Sphaerochaetaceae bacterium		0
1690	Bifidobacterium pseudolongum subsp. globosum		0
114652	Streptococcus orisratti		0
2774296	Ruminobacter sp.		0
2652289	Selenomonadaceae bacterium		0
3048884	Candidatus Spyradosoma sp.		0
1562970	Fermentimonas caenicola		0
1926877	Proteiniphilum sp.		0
1872483	Alysiella sp.		0
2895990	Staphylococcus sp. SC19-5581		0
2895998	bacterium SC19-5579		0
42374	Candida dubliniensis		0
2895988	Staphylococcus sp. SC19-5402		0
2895987	Staphylococcus sp. SC19-4026		0
1404	Priestia megaterium		0
877420	Lachnospiraceae bacterium NK4A136		0
54061	Ralstonia sp.		0
748871	Sphingomonas sp. NR13		0
1434303	Sphingomonas sp. AMHSBL243		0
887098	Cladosporium perangustum		0
3051808	Pestalotiopsis cf. microspora		0
314027	Cladorrhinum coprophilum		0
1935347	Pezizaceae sp.		0
3051807	Rhizoctonia sp. AG_K CXC_2023a		0
290626	Trichocladium asperum		0
1658007	Amblyomma javanense		0
375577	Amblyomma testudinarium		0
237073	Rhipicephalus haemaphysaloides		0
34603	Argas persicus		0
652832	Dermacentor niveus		0
1131252	Dermacentor sinicus		0
2926932	Haemaphysalis colasbelcouri		0
44386	Haemaphysalis longicornis		0
558168	Haemaphysalis japonica		0
181088	Haemaphysalis flava		0
543639	Dermacentor silvarum		0
1048531	Haemaphysalis doenitzi		0
2204308	Haemaphysalis danieli		0
859978	Dermacentor steini		0
49204	Haemaphysalis punctata		0
1325873	Haemaphysalis yeni		0
1260755	Hyalomma scupense		0
266040	Hyalomma asiaticum		0
59647	Ixodes granulatus		0
213687	Ixodes nuttallianus		0
59652	Ixodes ovatus		0
34615	Ixodes persulcatus		0
339422	Ixodes sinensis		0
2926931	Ixodes sp. A29		0
34633	Rhipicephalus turanicus		0
2933905	Mycoplasma sp. B17		0
34613	Ixodes ricinus		0
235	Brucella abortus		0
3002670	Bubarida sp. SCS-44		0
283734	Staphylococcus pseudintermedius		0
463024	Bordetella genomosp. 6		0
1978227	Steroidobacter sp.		0
1556965	Variovorax sp. CC4M		0
293236	Garciamycella cyclaminis		0
1849821	Valsa sp.		0
112175	Humicola fuscoatra		0
3112415	Candidatus Thiothrix phosphatis		0
1335591	seed metagenome	organismal metagenomes	1
307492	Aphis craccivora		0
3069520	white sturgeon herpesvirus type 1		0
3051167	Tychonema bourrellyi B0820		0
2810607	straw metagenome	ecological metagenomes	1
398365	Aphrocallistes beatrix		0
3641	Theobroma cacao		0
2838779	Candidatus Binatia bacterium		0
2081706	Bacteriovoracaceae bacterium		0
2562705	Akkermansiaceae bacterium		0
1969813	Nevskiaceae bacterium		0
2497627	Microthrixaceae bacterium		0
2847862	Cyanobacteriota bacterium		0
3074390	Aeromonas phage 1233		0
42817	Corynebacterium argentoratense		0
495	Neisseria elongata		0
2047	Rothia dentocariosa		0
544580	Actinomyces oris		0
2808971	Arcobacteraceae bacterium		0
2006848	Opitutaceae bacterium		0
3101100	Candidatus Nitromaritima sp.		0
2979184	Desulfocapsaceae bacterium		0
3060593	Candidatus Cloacimonadales bacterium		0
3072909	Candidatus Pseudothioglobus sp.		0
2873829	Anaerohalosphaeraceae bacterium		0
1871319	Mariprofundus sp.		0
1902814	Enterovibrio sp.		0
2964542	Bythopirellula sp.		0
2691534	Lacipirellulaceae bacterium		0
80878	Acidovorax temperans		0
2715253	Pirellulales bacterium		0
2066021	Desulfocapsa sp.		0
3065858	Candidatus Cloacimonadia bacterium		0
393049	Small anellovirus		0
1924944	Porphyromonas sp.		0
3110320	Pauljensenia sp. bin.3.612		0
3048901	Quinella sp.		0
2953801	Pauljensenia sp.		0
194196	Alysiella filiformis		0
3048862	Candidatus Galligastranaerophilus sp.		0
2054177	Christensenellaceae bacterium		0
2952919	Candidatus Egerieousia sp.		0
1898202	Actinomycetaceae bacterium		0
859	Fusobacterium necrophorum		0
2382127	Tannerella sp.		0
1673721	Intestinimonas massiliensis (ex Afouda et al. 2020)		0
2023866	Petrimonas sp.		0
2773926	Phocaeicola sp.		0
1529	Clostridium cadaveris		0
62321	Globicatella sp.		0
2775029	Saccharofermentans sp.		0
2735568	Elusimicrobiaceae bacterium		0
91021	Antheraea assamensis		0
177094	Culicoides impunctatus		0
2926929	Amblyomma sp. C20		0
2926930	Amblyomma sp. C21		0
49202	Dermacentor marginatus		0
1046038	Dermacentor nuttalli		0
1325867	Haemaphysalis cornigera		0
490559	Haemaphysalis sulcata		0
297592	Haemaphysalis qinghaiensis		0
1155002	Haemaphysalis megaspinosa		0
1325869	Haemaphysalis mageshimaensis		0
1811858	Haemaphysalis tibetensis		0
2926933	Ixodes kuntzi		0
3067656	Senecavirus cetus		0
3635	Gossypium hirsutum		0
1196083	Snodgrassella alvi		0
2083785	bioleaching metagenome	ecological metagenomes	1
262209	Janibacter melonis		0
745	Pasteurella		0
303400	Nitzschia palea		0
2508887	salt pan metagenome	ecological metagenomes	1
651137	Nitrososphaerota		0
1117	Cyanobacteriota		0
1765030	fertilizer metagenome	ecological metagenomes	1
2916817	biochar metagenome	ecological metagenomes	1
3082418	Candidatus Electrothrix scaldis		0
207599	Solirubrobacter		0
1839	Nocardioides		0
1752708	Candidatus Rokuibacteriota		0
670	Vibrio parahaemolyticus		0
2855189	Amphisorus sp. A21		0
2855194	Parasorites sp. A16		0
2855193	Parasorites sp. A14		0
126667	Marginopora vertebralis		0
31631	Human coronavirus OC43		0
2895991	Staphylococcus sp. SC19-5584		0
712633	Streptococcus sp. oral taxon 431		0
1419814	Streptococcus sp. VT 162		0
2895985	Corynebacterium sp. SC19-2292		0
2585741	Spiroplasma phage MaM-2019a		0
2528409	Thiobacillaceae bacterium		0
2283092	Pyrinomonadaceae bacterium		0
2664179	Oscillatoriaceae cyanobacterium		0
2212474	Kofleriaceae bacterium		0
2448054	Gemmatimonadales bacterium		0
2026741	Gemmatimonadaceae bacterium		0
2478492	Synechococcales cyanobacterium		0
2906524	Casimicrobiaceae bacterium		0
1579005	dinoflagellate metagenome	organismal metagenomes	1
74201	Verrucomicrobiota		0
3002671	Bubarida sp. SCS-36		0
1735994	Acidovorax sp. LW9		0
36460	Pestalotiopsis sp.		0
438773	Podospora communis		0
1709939	Ascomycota sp.		0
5037	Histoplasma capsulatum		0
3038952	Crocosphaera sp. Alani8		0
90370	Salmonella enterica subsp. enterica serovar Typhi		0
29378	Staphylococcus arlettae		0
171523	Lacticaseibacillus pantheris		0
412384	Priestia aryabhattai		0
3078665	Pseudomonas phage UF_RH9		0
202910	Bubaline alphaherpesvirus 1		0
2910147	Vicinamibacterales bacterium		0
2212471	Candidatus Muproteobacteria bacterium		0
3058050	Polyangia bacterium		0
3087179	Microcoleaceae cyanobacterium		0
2900548	Actinomycetota bacterium		0
2497875	Enterobacter chuandaensis		0
87882	Burkholderia cepacia complex		0
28112	Tannerella forsythia		0
3034167	Desulfomonilaceae bacterium		0
2047757	Chlamydiales bacterium		0
3036616	Desulfosarcinaceae bacterium		0
2735830	Candidatus Peribacteraceae bacterium		0
2952938	Candidatus Limnocylindrales bacterium		0
2691551	Thermoguttaceae bacterium		0
3014067	Thalassobaculaceae bacterium		0
2562116	Schleiferiaceae bacterium		0
1923830	unclassified Hypoviridae		0
336635	unclassified Dicistroviridae		0
1455626	Human cyclovirus		0
1535289	unclassified Betatorquevirus		0
66564	Chortoglyphus arcuatus		0
66546	Acarus siro		0
223459	Carpoglyphus lactis		0
1931996	Caryophanaceae bacterium		0
3018271	Desulfitobacteriaceae bacterium		0
165	Treponema saccharophilum		0
2813024	Chitinispirillaceae bacterium		0
1969408	Mobilitalea sp.		0
332524	Actinomyces ruminicola		0
756892	Acinetobacter indicus		0
2212475	Victivallales bacterium		0
3048870	Candidatus Merdimorpha sp.		0
2854022	Treponemataceae bacterium		0
2953761	Candidatus Fimivivens sp.		0
83771	Succinivibrio dextrinosolvens		0
2699746	Fretibacterium sp.		0
1943581	Pyramidobacter sp.		0
3048833	Candidatus Avelusimicrobium sp.		0
2185279	Bibersteinia sp.		0
2775030	Succiniclasticum sp.		0
3022870	Candidatus Gastranaerophilaceae bacterium		0
28113	Prevotella heparinolytica		0
3085644	Butyricicoccaceae bacterium		0
2478488	Elusimicrobiales bacterium		0
2854035	Mycoplasmoidaceae bacterium		0
1872523	Anaeroplasma sp.		0
310300	Bacteroides pyogenes		0
1884669	Porphyromonas loveana		0
1898956	Ottowia sp.		0
29347	[Clostridium] scindens		0
3022872	Candidatus Enterocola sp.		0
10685	Okubovirus SPO1		0
870211	Carios vespertilionis		0
1325866	Haemaphysalis campanulata		0
523089	Haemaphysalis concinna		0
1256037	Haemaphysalis lagrangei		0
1325868	Haemaphysalis kitaokai		0
59645	Ixodes acutitarsus		0
65648	Ixodes simplex		0
59656	Ixodes vespertilionis		0
28588	Zeugodacus cucurbitae		0
2097	Mycoplasmoides genitalium		0
1477400	marsupial metagenome	organismal metagenomes	1
3735	Moringa oleifera		0
1904876	Human DNA virus		0
1871064	Angustibacter sp.		0
2083302	amphibian metagenome	organismal metagenomes	1
3029843	Piscichuvirus sp. 'testudinae'		0
10258	Orf virus		0
185639	Acheta domestica densovirus		0
106530	Symbiomonas scintillans		0
35814	Bordetella holmesii		0
1859930	anchialine metagenome	ecological metagenomes	1
2844372	Paramarteilia canceri		0
37623	Ostrea edulis		0
12083	Poliovirus 2		0
981385	Thermotomaculum hydrothermale		0
1603871	Stenotrophobacter namibiensis		0
1898220	glacier lake metagenome	ecological metagenomes	1
11216	Human respirovirus 3		0
428677	Ecklonia maxima		0
3132829	Aquabacterium sp. A3		0
330183	Solidago gigantea		0
236074	Monochamus saltuarius		0
129910	Limnospira maxima		0
1501226	Romboutsia		0
3110464	wood metagenome	ecological metagenomes	1
2498093	Muribaculaceae bacterium		0
3091002	Pentidionis agamae		0
2594798	Candidatus Nanohaloarchaea archaeon		0
2066855	Candidatus Entotheonella sp.		0
3065090	Coleofasciculus sp. DSM 104231		0
1449960	Acanthacorydalis orientalis		0
3065097	Coleofasciculus sp. DSM 104244		0
3065096	Coleofasciculus sp. DSM 104232		0
3064491	Coleofasciculus sp. DSM 104237		0
351073	Mammalian orthoreovirus		0
3081682	Parvovirus sp. 02AU		0
2490549	Spumella sp. NIES-1846		0
3115130	Staphylococcus sp. TD-H2-A-3		0
3115125	Staphylococcus sp. hg001-1		0
10030	Cricetulus longicaudatus		0
105297	Apodemus peninsulae		0
39030	Apodemus agrarius		0
248811	Niviventer confucianus		0
2045066	rhinovirus C21		0
1418043	rhinovirus C19		0
1418033	rhinovirus C15		0
1240004	rhinovirus C11		0
167326	rhinovirus B92		0
185936	rhinovirus B83		0
44137	rhinovirus B72		0
185926	rhinovirus B70		0
147679	rhinovirus B48		0
147683	rhinovirus B42		0
147674	rhinovirus A18		0
185900	rhinovirus B27		0
185937	rhinovirus A85		0
185925	rhinovirus A68		0
185922	rhinovirus A64		0
31708	rhinovirus A16		0
167324	rhinovirus A46		0
185906	rhinovirus A38		0
185904	rhinovirus A33		0
147684	rhinovirus A12		0
185896	rhinovirus A22		0
1219378	rhinovirus C6		0
2777133	rhinovirus C46		0
2045077	rhinovirus C4		0
2045071	rhinovirus C29		0
2045070	rhinovirus C27		0
4890	Ascomycota		0
2109258	Abditibacteriota		0
1913637	Mucoromycota		0
5204	Basidiomycota		0
3120267	Dolichospermum lemmermannii FEM_B0920		0
147672	rhinovirus A28		0
185915	rhinovirus A55		0
44129	rhinovirus A29		0
3117543	rhinovirus C59		0
3115129	Staphylococcus sp. hg001-3		0
3115127	Staphylococcus sp. hg001-2		0
3115126	Staphylococcus sp. TD-H2-A-1		0
586418	Cosavirus		0
796379	Kangiella spongicola		0
393006	Tamlana crocina		0
3122575	Mycobacterium sp. TY29146		0
3122572	Mycobacterium sp. TY29149		0
3122568	Mycobacterium sp. TY29148		0
3122510	Mycobacterium sp. E009		0
3122509	Mycobacterium sp. E008		0
3122507	Mycobacterium sp. E002		0
301297	Dehalococcoidia		0
2202844	Candidatus Electrothrix gigas		0
519	Bordetella parapertussis		0
2184066	Marteilia pararefringens		0
3003941	Panthera uncia bocaparvovirus		0
1685930	liver metagenome	organismal metagenomes	1
153946	Axinella corrugata		0
64178	Coleofasciculus chthonoplastes		0
3065094	Coleofasciculus sp. DSM 104241		0
3064494	Coleofasciculus sp. DSM 104239		0
3065099	Coleofasciculus sp. DSM 104253		0
3078222	Coleofasciculus sp. DSM 104233		0
3080531	Ralstonia sp. TTH27_19_1		0
3081684	Parvovirus sp. 10AU		0
3081683	Parvovirus sp. 03AU		0
3065092	Coleofasciculus sp. DSM 104238		0
3065088	Coleofasciculus sp. DSM 104234		0
3078223	Coleofasciculus sp. DSM 104254		0
3064542	Coleofasciculus sp. DSM 101416		0
29507	Leptospira kirschneri		0
3081687	Parvovirus sp. 21AU		0
2184469	Helianthus annuus alphaendornavirus		0
3081686	Parvovirus sp. 19AU		0
3081685	Parvovirus sp. 18AU		0
3115128	Staphylococcus sp. TD-H2-A-2		0
129247	Apodemus draco		0
2929754	Myodes rufocanus		0
329634	Allocricetulus eversmanni		0
2045069	rhinovirus C26		0
1418065	rhinovirus C18		0
147675	rhinovirus A20		0
12130	rhinovirus A2		0
44136	rhinovirus A7		0
44134	rhinovirus A62		0
185919	rhinovirus A60		0
2032983	rhinovirus C53		0
1077430	rhinovirus C35		0
1418042	rhinovirus C28		0
3050635	sulfur spring metagenome	ecological metagenomes	1
1604833	rhinovirus C54		0
185914	rhinovirus A54		0
1418070	rhinovirus C22		0
6843	Chelicerata		0
61985	Myriapoda		0
306545	Marinimicrobium koreense		0
1109740	Lutibacter agarilyticus		0
3080020	Enterobacter sp. JJBC		0
3122574	Mycobacterium sp. TY29145		0
3122573	Mycobacterium sp. TY29142		0
3122571	Mycobacterium sp. TY29141		0
3122567	Mycobacterium sp. TY29144		0
3122508	Mycobacterium sp. E006		0
292625	Anaerolineae		0
3126527	Promethearchaeati archaeon SRVP18_Atabeyarchaeia-1		0
3126526	Candidatus Atabeyarchaeum deiterrae		0
2937913	Desulfotomaculaceae bacterium		0
130327	Ovine atadenovirus D		0
544	Citrobacter		0
2020949	Romboutsia weinsteinii		0
497726	Nitrososphaera		0
1033997	Nitrososphaeraceae		0
1215613	Cercozoa sp. M6MM		0
338210	Necora puber		0
3712	Brassica oleracea		0
1418066	rhinovirus C25		0
2045065	rhinovirus C16		0
3115367	rhinovirus B107		0
185928	rhinovirus A73		0
185920	rhinovirus A61		0
147676	rhinovirus A45		0
185903	rhinovirus A32		0
185901	rhinovirus A30		0
185897	rhinovirus A24		0
3119359	Methylobacter sp. Wu1		0
147673	rhinovirus A36		0
185935	Rhinovirus A81		0
1548749	Aequorivita aquimaris		0
3122579	Mycobacterium sp. TY29143		0
3122578	Mycobacterium sp. TY29140		0
3122577	Mycobacterium sp. TY29802		0
3122576	Mycobacterium sp. TY29803		0
3122570	Mycobacterium sp. TY29804		0
3122569	Mycobacterium sp. TY29801		0
3122566	Mycobacterium sp. TY29139		0
3122565	Mycobacterium sp. TY29147		0
3122506	Mycobacterium sp. E001		0
32061	Chloroflexia		0
3126740	Candidatus Electrothrix sp. GW3-4		0
3402145	Candidatus Freyarchaeum deiterrae		0
3132830	Ketobacter sp. N1		0
2003672	Lizard atadenovirus A		0
188913	Cetobacterium somerae		0
856	Fusobacterium varium		0
3134035	Akkermansia sp. CAG 344		0
118562	Limnospira platensis		0
2981850	Pseudomonas phage Pa53		0
2057741	Bradyrhizobium sp. SK17		0
53412	Metapseudomonas resinovorans		0
556257	Pseudolabrys		0
85033	Sporichthyaceae		0
32511	Telmatochromis temporalis		0
29158	Mytilus galloprovincialis		0
6550	Mytilus edulis		0
1426	Parageobacillus thermoglucosidasius		0
410668	Microbacterium sp. 84		0
410673	Pseudomonas sp. 75		0
410675	Pseudomonas sp. C5		0
59654	Ixodes tasmani		0
70863	Shewanella oneidensis		0
127003	Amblyomma sparsum		0
34765	Oikopleura dioica		0
504728	Meiothermus ruber DSM 1279		0
3157987	Haementeria sp. COZEM-ANN-HIR-001/002		0
410665	Deinococcus sp. I8		0
410666	Erwinia sp. C3		0
410667	Microbacterium sp. 66		0
410669	Paenibacillus sp. F7		0
410670	Paenibacillus sp. F9		0
35789	Rickettsia helvetica		0
1225531	Equus ovodovi		0
379504	Equus hydruntinus		0
71621	Rimicaris exoculata		0
36774	Brassica oleracea var. italica		0
48386	Perilla frutescens		0
3562	Spinacia oleracea		0
1828	Rhodococcoides fascians		0
3085159	Pseudohongiellaceae bacterium		0
2729997	Gilvibacter sp.		0
2719033	Immundisolibacteraceae bacterium		0
3104271	Woeseiales bacterium		0
1455666	gill metagenome	organismal metagenomes	1
2015799	Hyphomicrobiaceae bacterium		0
2593537	Desulfobacula sp.		0
1874737	Methanolobus sp.		0
2773296	Desulfolutivibrio sp.		0
2725315	Candidatus Goldiibacteriota bacterium		0
82633	Cupriavidus pauculus		0
1805982	Sporothrix thermara		0
316091	uncultured Tropheryma sp.		0
2813034	Sedimentisphaerales bacterium		0
2814272	Thermodesulfovibrionales bacterium		0
2006184	Desulfamplus sp.		0
2725311	Fibrobacteria bacterium		0
1965318	Draconibacterium sp.		0
2005722	bacterium BMS3Abin14		0
45200	Methanospirillum sp.		0
2172550	Candidatus Zhuqueibacterota bacterium		0
2813032	Pontiellaceae bacterium		0
3050366	Pittacine siadenovirus F		0
2963861	Tick-associated circular DNA virus		0
77856	Beak and feather disease virus		0
130672	Siderastrea siderea		0
242718	Colpophyllia natans		0
214965	Dendrogyra cylindrus		0
2056255	Reptarenavirus sp.		0
3053828	Circovirus sp. gt7AU		0
3053833	Circovirus sp. gt12AU		0
3053832	Circovirus sp. gt11AU		0
3053822	Circovirus sp. gt1AU		0
3055251	Thyasira sp. Sagami		0
315347	Solanum verrucosum		0
856884	Solanum x blanco-galdosii		0
4113	Solanum tuberosum		0
172795	Solanum neorossii		0
2998085	Solanum neocardenasii		0
317829	Solanum multiinterruptum		0
317827	Solanum morelliforme		0
2907391	Solanum malmeanum		0
50273	Solanum pinnatisectum		0
710640	Solanum medians		0
608812	Solanum mochiquense		0
73574	Solanum microdontum		0
205547	Solanum doddsii		0
317815	Solanum acroscopicum		0
315336	Solanum candolleanum		0
4108	Solanum chacoense		0
205532	Solanum brevicaule		0
162495	Solanum vernei		0
610331	Solanum venturii		0
681989	Solanum capsicibaccatum		0
147425	Solanum bulbocastanum		0
561127	Solanum gandarillasii		0
52705	Solanum sogarandinum		0
205571	Solanum piurae		0
53335	Pantoea		0
13164	Myzus persicae		0
167043	Crocidura lasiura		0
62276	Sorex caecutiens		0
183721	Crocidura shantungensis		0
127560	Anourosorex squamipes		0
2596910	protist metagenome	organismal metagenomes	1
256506	Trachystemon orientalis		0
256489	Hormuzakia aggregata		0
256499	Pulmonaria angustifolia		0
256492	Nonea lutea		0
354628	Cynoglossum amabile		0
3140115	Caccinia macranthera var. crassifolia		0
543563	Alkanna orientalis		0
475922	Paramoltkia doerfleri		0
475924	Podonosma orientalis		0
652640	Onosma stellulata		0
860125	Onosma echioides subsp. echioides		0
2364902	Onosma armena		0
475884	Arnebia coerulea		0
475917	Neatostema apulum		0
650320	Maharanga emodi		0
1037334	Lithospermum oblongifolium		0
475903	Lithospermum distichum		0
475900	Lithospermum afromontanum		0
475899	Lithodora zahnii		0
475898	Glandora rosmarinifolia		0
113458	Glandora diffusa		0
2650391	Alkanna areolata		0
113441	Echium nervosum		0
131385	Cerinthe minor		0
475887	Buglossoides tenuiflora		0
1491507	Pocillopora acuta		0
1204294	snake metagenome	organismal metagenomes	1
3004132	Modestobacter sp. VKM Ac-2978		0
1717	Corynebacterium diphtheriae		0
1359	Lactococcus cremoris		0
204430	Fibrobacteria		0
572511	Blautia		0
307134	Columbia Basin potato purple top phytoplasma		0
2731618	Uroviricota		0
28025	Bifidobacterium animalis		0
62329	Fagopyrum cymosum		0
3235036	Pseudomonas sp. T0H0CK8		0
3235035	Pseudomonas sp. T0H0CK7		0
3235032	Pseudomonas sp. T0H0CK4		0
2219225	Pseudomonas asiatica		0
3235030	Pseudomonas sp. T0H0CK2		0
209135	Lepraria lobificans		0
2040845	Lepraria sp.		0
2870516	Lepraria chileana		0
2202764	Stereocaulon gregarium		0
373696	Stereocaulon glabrum		0
3162534	Stereocaulon cornutum		0
2826927	meat metagenome	ecological metagenomes	1
1347393	Bacteroides neonati		0
219748	Clostridium tunisiense		0
57706	Citrobacter braakii		0
68895	Cupriavidus basilensis		0
2615184	Microbacterium algeriense		0
1871053	Phenylobacterium sp.		0
358687	Epilithonimonas hispanica		0
1870902	Leifsonia sp.		0
929	Thermithiobacillus tepidarius		0
2805829	marsh metagenome	ecological metagenomes	1
11089	Yellow fever virus		0
2055263	Anelloviridae sp.		0
12066	Coxsackievirus		0
186938	Respirovirus		0
12092	Hepatovirus A		0
291484	Hepatitis E virus		0
3052518	Orthonairovirus haemorrhagiae		0
526925	Melampsora pinitorqua		0
209	Helicobacter		0
411665	Pleioblastus amarus		0
2792295	Pseudopontixanthobacter sp.		0
1966449	Ulvibacter sp.		0
1969459	Litoreibacter sp.		0
2212373	Yoonia sp.		0
2650413	Ancistrocarya japonica		0
34249	Brunnera macrophylla		0
417949	Mertensia virginica		0
1212525	Mertensia bella		0
543564	Alkanna tinctoria		0
1330317	Lappula texana		0
1288232	Mimophytum alienum		0
1302931	Myosotis traversii		0
1288179	Cynoglossum australe		0
650328	Lithospermum tschimganicum		0
2364919	Onosma khorassanica		0
2364907	Onosma chlorotricha		0
925423	Onosma alborosea		0
554535	Arnebia densiflora		0
554540	Moltkiopsis ciliata		0
554538	Moltkia coerulea		0
1641218	Lobostemon trichotomus		0
652630	Lithospermum johnstonii		0
650317	Lithospermum exsertum		0
34254	Lithospermum erythrorhizon		0
113435	Echium hierrense		0
362696	Echium acanthocarpum		0
1288188	Cystostemon ethiopicus		0
203730	Aegonychon purpurocaeruleum		0
2763072	Oceanitalea stevensii		0
1885	Streptomyces actuosus		0
2053489	Promethearchaeota archaeon		0
67332	Streptomyces mutabilis		0
131111	Schaalia turicensis		0
1907210	Human adenovirus sp.		0
1470492	Buchnera aphidicola (Aphis aurantii)		0
33986	Exiguobacterium		0
3158627	Cetraria sp. DP-2024a		0
1709413	Crespoa schelpei		0
933964	Hypogymnia subphysodes		0
3158626	Bulbothrix sp. DP-2024a		0
998351	Notoparmelia tenuirima		0
180481	Menegazzia cincinnata		0
180411	Melanelixia glabra		0
233316	Alteromonas stellipolaris		0
182262	Agarivorans albus		0
262668	Acinetobacter beijerinckii		0
318046	Bambusa tuldoides		0
97485	Prymnesium parvum		0
3235034	Pseudomonas sp. T0H0CK6		0
2729619	Lepraria neozelandica		0
3162535	Stereocaulon vesuvianum var. symphycheileoides		0
3162536	Stereocaulon cf. fronduliferum		0
365349	Pelosinus fermentans		0
946677	Flavobacterium chilense		0
2653893	Xylophilus sp.		0
2596891	Flavobacterium microcysteis		0
2172024	Pinisolibacter sp.		0
374425	Methylobacterium komagatae		0
6130	Acropora cervicornis		0
3053830	Circovirus sp. gt9AU		0
3053829	Circovirus sp. gt8AU		0
3053827	Circovirus sp. gt6AU		0
3053826	Circovirus sp. gt5AU		0
3053825	Circovirus sp. gt4AU		0
3053824	Circovirus sp. gt3AU		0
315348	Solanum violaceimarmoratum		0
856989	Solanum tarnii		0
561130	Solanum trifidum		0
317833	Solanum scabrifolium		0
2998086	Solanum x rechei		0
199469	Solanum ehrenbergii		0
198039	Solanum kurtzianum		0
160510	Solanum cardiophyllum		0
561126	Solanum boliviense		0
856898	Solanum huancabambense		0
315340	Solanum infundibuliforme		0
47970	Solanum berthaultii		0
205531	Solanum stenophyllidium		0
172264	Solanum raphanifolium		0
62893	Solanum polyadenium		0
73575	Solanum okadae		0
315341	Solanum lignicaule		0
179537	Hyporthodus haifensis		0
2250710	candidate division TA06 bacterium		0
1968840	Pseudobacteroides sp.		0
2306052	Nitrospiria bacterium		0
2517210	Candidatus Brocadiia bacterium		0
2928017	Syntrophales bacterium		0
3121949	Symbiobacteriia bacterium		0
186280	Xanthobacter aminoxidans		0
2651163	Ignavibacteriaceae bacterium		0
1872118	Acidithiobacillus sp.		0
318848	Le Dantec virus		0
10970	Rotavirus sp.		0
11588	Rift Valley fever virus		0
2569971	Crucivirus sp.		0
3053831	Circovirus sp. gt10AU		0
3053823	Circovirus sp. gt2AU		0
73573	Solanum laxissimum		0
856981	Solanum limbaniense		0
317823	Solanum immite		0
172793	Solanum jamesii		0
69929	Xanthomonas arboricola pv. pruni		0
1346520	Human parvovirus		0
998209	Flavoparmelia citrinescens		0
78064	Cetraria islandica		0
856313	Bulbothrix sensibilis		0
281300	Neuropogon antarcticus		0
86621	Usnea strigosa		0
87261	Parmelia saxatilis		0
112444	Melanelia stygia		0
172608	Arctoparmelia centrifuga		0
251323	Omphalora arizonica		0
3983	Manihot esculenta		0
449972	Chelativorans		0
1907490	Clematis apiifolia var. obtusidentata		0
685768	Crocidura tanakae		0
80867	Paracidovorax avenae		0
1930536	Sphingomonadaceae bacterium		0
2024895	Alcanivoracaceae bacterium		0
9378	Suncus murinus		0
3131913	Pseudoalteromonas qingdaonensis		0
764736	Symphytum asperum		0
203760	Pentaglottis sempervirens		0
256472	Anchusa capensis		0
1288241	Paracaryum racemosum		0
203729	Antiphytum hintoniorum		0
1037327	Antiphytum floribundum		0
554546	Pontechium maculatum		0
3140036	Alkanna tinctoria subsp. tinctoria		0
475915	Moltkia suffruticosa		0
3140129	Lobostemon argenteus		0
475907	Lithospermum officinale		0
650309	Lithospermum macbridei		0
3140126	Alkanna corcyrensis		0
3140128	Lithospermum guatemalense		0
682806	Lithospermum azuayensis		0
475890	Lithodora fruticosa		0
113434	Echium handiense		0
113433	Echium giganteum		0
181181	Buglossoides arvensis		0
554533	Huynhia pulchra		0
1470854	Aegonychon zollingeri		0
120959	Mycobacterium kubicae		0
1961	Streptomyces virginiae		0
1615681	Acidicapsa acidisoli		0
3235033	Pseudomonas sp. T0H0CK5		0
3235031	Pseudomonas sp. T0H0CK3		0
3235029	Pseudomonas sp. T0H0CK1		0
2870513	Lepraria straminea		0
209129	Lepraria eburnea		0
2548429	Lepraria nothofagi		0
1340010	Lepraria finkii		0
3162533	Stereocaulon caespitosum		0
3162532	Stereocaulon antarcticum		0
350623	Stereocaulon alpinum		0
2870514	Lepraria toilenae		0
2870512	Lepraria caerulescens		0
2601698	Edaphocola sp.		0
1954376	Caproiciproducens sp.		0
332411	Aquitalea magnusonii		0
1530123	Acinetobacter seifertii		0
1411316	Pedobacter sp.		0
1967501	Shinella sumterensis		0
57480	Microvirgula aerodenitrificans		0
1871043	Variovorax sp.		0
2022436	Dissulfurimicrobium sp.		0
111649	Cornicularia normoerica		0
998196	Canoparmelia nairobiensis		0
237032	Canoparmelia texana		0
172637	Pseudephebe pubescens		0
172633	Parmeliopsis ambigua		0
172629	Parmelina tiliacea		0
3349225	Ixodiphagus sp. WS03-03		0
3716	Brassica oleracea var. capitata		0
4081	Solanum lycopersicum		0
68481	Acrocephalus sechellensis		0
556287	Candidatus Liberibacter solanacearum		0
1849495	Ustilago sp.		0
5787	Dictyostelium giganteum		0
297246	Legionella pneumophila str. Paris		0
208526	Gallus gallus gallus		0
13443	Coffea arabica		0
191124	Nonionella stella		0
1696524	Nonionoides turgida		0
467854	Inocybe glabripes		0
1868146	Inocybe suecica		0
696024	Pseudosperma bulbosissimum		0
217426	Inocybe nitidiuscula		0
225431	Inocybe flocculosa		0
110238	Crepidotus cesatii		0
181886	Inocybe petiginosa		0
165583	Inocybe dulcamara		0
285026	Inocybe asterospora		0
239109	Mallocybe terrigena		0
486698	Mycobacterium riyadhense		0
59201	Salmonella enterica subsp. enterica		0
2484252	Myxococcaceae bacterium		0
2589116	Candidatus Odyssella sp.		0
1917967	Ramlibacter sp.		0
2510643	Anaeromyxobacteraceae bacterium		0
2497619	Ilumatobacteraceae bacterium		0
1978228	Rhizomicrobium sp.		0
1872666	Azohydromonas sp.		0
1872521	Anaeromyxobacter sp.		0
3069224	Dongiaceae bacterium		0
2833567	Nitrosotalea sp.		0
2768686	Terricaulis sp.		0
101470	Prostephanus truncatus		0
1798876	tobacco metagenome	ecological metagenomes	1
216506	Swiftia exserta		0
2762273	Muricea pendula		0
37508	Leptogorgia virgulata		0
3093762	Caliacis cf. nutans		0
3093764	Scleracis cf. guadalupensis		0
3093757	Nicella sp.		0
3093761	Thesea sp.		0
3093756	Placogorgia sp.		0
360972	Carijoa riisei		0
3093755	Ellisella sp.		0
3093760	Scleracis sp.		0
3093763	Thesea cf. rubra		0
39486	Dorea formicigenerans		0
33043	Coprococcus eutactus		0
147206	Collinsella stercoris		0
84030	Lacrimispora saccharolytica		0
84112	Eggerthella lenta		0
187327	Acidaminococcus intestini		0
100886	Catenibacterium mitsuokai		0
45851	Eshraghiella crossota		0
1720313	Bittarella massiliensis (ex Durand et al. 2017)		0
28026	Bifidobacterium pseudocatenulatum		0
384638	[Bacteroides] pectinophilus		0
1261	Peptostreptococcus anaerobius		0
2093857	Dysosmobacter welbionis		0
133926	Olsenella uli		0
1297617	Intestinimonas butyriciproducens		0
61171	Holdemania filiformis		0
46124	Granulicatella adiacens		0
35938	Robinia pseudoacacia		0
1521111	rodent metagenome	organismal metagenomes	1
986106	Acidiferrobacter		0
904	Acidaminococcus		0
44937	Achromatium		0
2983828	Campylobacter sp. JMF_10 EL2		0
1133319	Bacteroides reticulotermitis		0
1982331	Verrucomicrobiia bacterium Tous-C5FEB		0
1217722	Pseudomonas sp. S13.1.2		0
1762926	Haematococcus rubicundus		0
44745	Haematococcus lacustris		0
2799826	Haematococcus sp.		0
2945006	Rhizoplaca sp. SL-2022a		0
142182	Gemmatimonadota		0
200795	Chloroflexota		0
490573	Solirubrobacter ginsenosidimutans		0
2908205	Sphingomonas caseinilytica		0
40323	Stenotrophomonas		0
1002870	Gaiella occulta		0
1298857	Candidatus Solirubrobacter pratensis		0
2518370	Nocardioides euryhalodurans		0
1855912	Luteitalea pratensis		0
386874	Sphingomonas sediminicola		0
2872154	Nocardioides coralli		0
28221	Deltaproteobacteria		0
138951	Enterovirus D		0
1906670	Sapovirus sp.		0
38341	Chondracanthus chamissoi		0
313611	Nonionellina labradorica		0
2879707	Gromiidae sp. GF18_13		0
2879706	Gromiidae sp. GF18_11		0
3079699	Paramuriceidae sp.		0
3093766	Thesea nivea		0
3093765	Callogorgia cf. gracilis		0
3093759	Nidalia sp.		0
707240	Crepidotus calolepis		0
467864	Inocybe oblectabilis		0
467888	Inosperma erubescens		0
165582	Inocybe corydalina		0
71954	Inocybe geophylla		0
2803847	Usitatibacter sp.		0
1960880	Pseudolabrys sp.		0
2689616	Steroidobacteraceae bacterium		0
2740536	Sporichthyaceae bacterium		0
1288494	Nitrosospira lacus		0
2827484	Caenibius sp.		0
2510641	Candidatus Korobacter sp.		0
1491	Clostridium botulinum		0
626932	Alistipes indistinctus		0
1535	[Clostridium] leptum		0
89153	[Clostridium] hylemonae		0
1653434	Sellimonas intestinalis		0
1322	Blautia hansenii		0
84109	Slackia exigua		0
105841	Anaerostipes caccae		0
2144175	Megasphaera stantonii		0
2613924	Hungatella sp.		0
1870980	ear metagenome	organismal metagenomes	1
165588	Inocybe lanuginosa		0
217425	Pseudosperma rimosum		0
467873	Inocybe ochroalba		0
467887	Inosperma bongardii		0
71955	Inocybe lilacina		0
467874	Inocybe fuscidula		0
156610	Inosperma cervicolor		0
2705401	Hypericibacter sp.		0
1909291	Frankiales bacterium		0
3022879	Usitatibacteraceae bacterium		0
2136325	Rudaea sp.		0
410072	Allocoprococcus comes		0
556261	Clostridium sp. D5		0
1720294	Eisenbergiella massiliensis		0
1686	Bifidobacterium catenulatum		0
446660	Adlercreutzia equolifaciens		0
215200	Peptostreptococcus russellii		0
328814	Alistipes shahii		0
1735	Holdemanella biformis		0
333367	Enterocloster asparagiformis		0
33951	Acetobacterium		0
50709	Acidocella		0
119977	Acidithiobacillus		0
990	Breznakibacter xylanolyticus		0
2219696	Sphingomonas sp. FARSPH		0
2711178	Pseudomonas phage MR14		0
1157	Spirulina sp.		0
13687	Sphingomonas		0
2498846	Aeromicrobium terrae		0
2315689	Sphingomonas edaphi		0
57723	Acidobacteriota		0
1625	Fructilactobacillus sanfranciscensis		0
12110	Foot-and-mouth disease virus		0
89462	Bubalus bubalis		0
2104	Mycoplasmoides pneumoniae		0
222	Achromobacter		0
33973	Acidobacterium		0
434	Acetobacter		0
2136033	Serendipita sp. 407		0
2759680	Cetobacterium sp. 2G large		0
3019967	Pseudomonas sp. MM223		0
3102713	Escherichia phage		0
1357	Lactococcus		0
1511911	Tetraparvovirus		0
1032506	Prevotella sp. MSX73		0
4432	Nelumbo nucifera		0
1300	Streptococcaceae		0
1587	Lactobacillus helveticus		0
2930515	Pyrops viridirostris		0
3382112	Gordisvirus sp. 'paraense'		0
3421512	Rubrobacteraceae bacterium GDBW2		0
4100	Nicotiana benthamiana		0
2740537	Rubrobacteraceae bacterium		0
3137712	Candidatus Magnetominusculus dajiuhuensis		0
28453	Sphingobacterium		0
214987	Platygyra daedalea		0
3140222	microbialite metagenome	ecological metagenomes	1
1862331	Esocid herpesvirus 1		0
451459	Blastocladiomycota		0
1500003	Paraphysoderma sedebokerense		0
647514	Norovirus GI.1		0
3377427	Cacatua sanguinea papillomavirus 1		0
2024834	Halioglobus sp.		0
694448	unidentified human coronavirus		0
2886391	Candidatus Bilamarchaeaceae archaeon		0
1884223	Methanothermobacter sp.		0
2026795	Nitrososphaerota archaeon		0
214473	Staphylococcus nepalensis		0
1971216	Oligoflexus sp.		0
11084	Tick-borne encephalitis virus		0
2873973	Pyrops clavatus		0
3405120	Candidiatus Paracoxiella cheracis		0
2873974	Pyrops lathburii		0
3377428	Todiramphus sanctus papillomavirus 1		0
3093758	Chironephthya sp.		0
90426	Methanothrix sp.		0
2184052	Methanomicrobiales archaeon		0
265619	Ornithodoros erraticus		0
343691	Hermetia illucens		0
44449	Borrelia recurrentis		0
1167876	Incisomonas marina		0
47230	Microtus arvalis		0
262727	Haemophilus influenzae R2846		0
41	Allostigmatella aurantiaca		0
3052302	Mammarenavirus chapareense		0
197653	Anabaena azotica		0
103816	Rhodococcus pyridinivorans		0
1620422	oil sands metagenome	ecological metagenomes	1
1235800	Lachnospiraceae bacterium 10-1		0
1262753	Bacteroides sp. CAG:927		0
10036	Mesocricetus auratus		0
2689586	wildlife metagenome	organismal metagenomes	1
3136162	Vibrio sp. YIC-376		0
1789662	frog metagenome	organismal metagenomes	1
158220	Anthemis cotula		0
9605	Homo		0
9893	Giraffa		0
44689	Dictyostelium discoideum		0
38170	Avian orthoreovirus		0
2583526	Alveonasus lahorensis		0
1491185	Alviniconcha kojimai		0
1491183	Alviniconcha boucheti		0
3127350	mammal metagenome	organismal metagenomes	1
909929	Selenomonadales		0
186802	Eubacteriales		0
186801	Clostridia		0
171549	Bacteroidales		0
31953	Bifidobacteriaceae		0
3344415	Colwellia sp. E150_009		0
1219	Prochlorococcus marinus		0
141262	Andrias davidianus		0
3088168	Chroococcidiopsis sp.		0
2024856	Roseibacillus sp.		0
36056	Boletus edulis		0
129728	Parapoxvirus of red deer in New Zealand		0
64286	Usutu virus		0
2906772	Toniniopsis dissimilis		0
1472349	Alviniconcha strummeri		0
31977	Veillonellaceae		0
3344414	Vibrio sp. E150_011		0
1892382	Endozoicomonas sp.		0
2699742	Candidatus Anammoximicrobium sp.		0
3075926	abattoir metagenome	ecological metagenomes	1
526524	Erysipelotrichia		0
3052464	Orthoflavivirus denguei		0
3344889	Tenebrio molitor densovirus		0
352877	Usnea subantarctica		0
3412621	Cetraria sp. PCH110127-01		0
1580574	Ornithodoros phacochoerus		0
479978	Micromonospora tulbaghiae		0
3052342	Morbillivirus canis		0
10803	Dependoparvovirus		0
187218	Tequintavirus		0
333750	Alphapapillomavirus		0
10509	Mastadenovirus		0
12059	Enterovirus		0
40121	Erythroparvovirus		0
40272	Roseolovirus		0
10358	Cytomegalovirus		0
10319	Varicellovirus		0
2732049	Nouzillyvirus		0
10379	Rhadinovirus		0
10294	Simplexvirus		0
186783	Ourmiavirus		0
11051			0
2732653	Torbevirus		0
694002	Betacoronavirus		0
1891713	Alphapolyomavirus		0
7176	Culex quinquefasciatus		0
7160	Aedes albopictus		0
1872504	Amylibacter sp.		0
2854027	winery metagenome	ecological metagenomes	1
3104318	Limnothrix sp. BL-A-16		0
3104317	Leptolyngbya sp. BL-A-14		0
281301	Neuropogon sphacelatus		0
3656	Cucumis melo		0
2888524	Thermomonas flagellata		0
2030880	SAR86 cluster bacterium		0
622418	Alpheus brevicristatus		0
9616	Canis sp.		0
1763	Mycobacterium		0
8845	Anser cygnoides		0
3447973	Candidatus Nitrososphaera maunauluensis		0
142786	Norovirus		0
227307	Gyrovirus		0
2560202	Phimunavirus		0
2732692	Pijolavirus		0
2731672	Daemvirus		0
1507401	Bocaparvovirus		0
1920774	Drulisvirus		0
2732962	Loessnervirus		0
1307799	Pegivirus		0
333922	Betapapillomavirus		0
186767	Narnavirus		0
325455	Gammapapillomavirus		0
10375	Lymphocryptovirus		0
722731	Mycobacterium shigaense		0
2030824	Phycisphaera sp.		0
1955166	Nodaviridae sp.		0
2499824	Candidatus Kuenenia sp.		0
9789	Equus		0
9926	Connochaetes		0
9961	Kobus		0
9957	Oryx		0
47951	Vibrio cyclitrophicus		0
269885	Aetalion reticulatum		0
29354	Lacrimispora celerecrescens		0
2594474	Dehalobacter sp. CP		0
1891714	Betapolyomavirus		0
687332	Betatorquevirus		0
110456	Teseptimavirus		0
1511808	Alphapartitivirus		0
11646	Lentivirus		0
2731954	Limelightvirus		0
687333	Gammatorquevirus		0
111668	Cladonia gracilis		0
2024833	Gimesia sp.		0
83999	Cryptosporidium serpentis		0
151553	Aspergillus coreanus		0
42338	Pseudoregma panicola		0
30173	Ceratovacuna nekoashi		0
1928008	Eukaryota sp.		0
704108	mixed DNA library		0
30374	Calotriton asper		0
146632	Petauroides volans		0
9328	Thylogale stigmatica		0
29139	Vombatus ursinus		0
38616	Dactylopsila trivirgata		0
30668	Lasiorhinus latifrons		0
9330	Wallabia bicolor		0
9321	Osphranter rufus		0
9333	Pseudocheirus peregrinus		0
122272	Petaurus norfolcensis		0
122273	Petaurus gracilis		0
128432	Trichosurus caninus		0
413582	Notamacropus parma		0
596260	Pseudochirulus herbertensis		0
168240	Dendrolagus lumholtzi		0
6252	Ascaris lumbricoides		0
202954	Acinetobacter tandoii		0
47055	Dethiosulfovibrio peptidovorans		0
1796620	Acutalibacter muris		0
33090	Viridiplantae		0
1262952	Ruminococcus sp. CAG:177		0
487173	Dialister succinatiphilus		0
2045	Pimelobacter simplex		0
2219942	Babras sonorivox		0
2219932	Derotettix mendosensis		0
2219950	Tettigotoma maculata		0
2219944	Calliopsida cinnabarina		0
2219940	Alarcta quadrimacula		0
295286	Tettigarcta crinita		0
3140235	Kobonga sp.		0
1745515	Gelidea torrida		0
3140229	Pictila sp.		0
3086985	Candidatus Azobacteroidaceae bacterium		0
2107574	Domestic cat hepadnavirus		0
35493	Streptophyta		0
286	Pseudomonas		0
177573	Hymeniacidon perlevis		0
637844	Trichosurus cunninghami		0
65626	Onychogalea unguifera		0
1960652	Notamacropus rufogriseus		0
9313	Notamacropus agilis		0
38621	Pseudochirops archeri		0
76759	Pseudomonas monteilii		0
33024	Phascolarctobacterium		0
1301	Streptococcus		0
2172	Methanobrevibacter		0
3034190	Pseudomonas sp. HK4		0
3034186	Pseudomonas sp. WK4		0
3034185	Pseudomonas sp. LK4		0
56142	Metamycoplasma faucium		0
1464975	Okanagana rimosa		0
1464967	Okanagana bella		0
3140228	Tettigades sp. 3 nr. ulnaria PL-2024a		0
2219948	Mendozana platypleura		0
1745511	Gagatopsalta auranti		0
1745576	Terepsalta infans		0
3100554	Hassallia sp.		0
3086980	Frigididesulfovibrio sp.		0
2004510	Pseudomaricurvus sp.		0
37360	Plasmodiophora brassicae		0
28196	Arcobacter		0
203492	Fusobacteriaceae		0
221087	Miniopterus inflatus		0
10117	Rattus rattus		0
10112	Mastomys natalensis		0
584997	Hipposideros jonesi		0
10102	Mus setulosus		0
41268	Mastomys erythroleucus		0
303928	Lophuromys chrysopus		0
71173	Dasymys incomtus		0
2715949	Miniopterus sp. clade 10 TD-2020		0
200940	Thermodesulfobacteriota		0
480418	Mycobacterium lepromatosis		0
10060	Ondatra zibethicus		0
476587	Praomys rostratus		0
83535	Lophuromys sikapusi		0
121567	Lemniscomys striatus		0
2107262	Typomys planifrons		0
1001821	Hipposideros aff. ruber		0
361457	Crocidura theresae		0
214449	Crocidura olivieri		0
148971	Crocidura grandiceps		0
249020	Hipposideros abae		0
3422655	Enterobacteriaceae bacterium entHe1		0
1378168	Firmicutes bacterium ASF500		0
380240	Candidatus Brocadia		0
131152	Candidatus Phytoplasma vitis		0
1977873	Acinetobacter sp. ANC 3813		0
2767885	Latilactobacillus		0
2164	Methanobacterium sp.		0
2818505	Myxococcota		0
2812732	salt metagenome	ecological metagenomes	1
3394441	rumen metagenome	organismal metagenomes	1
3237709	Escherichia sp. UTM R2		0
2783999	Aedes albopictus anphevirus		0
1923660	Wenzhou sobemo-like virus 4		0
2900150	sugarcane bagasse metagenome	organismal metagenomes	1
380556	Elysia papillosa		0
282342	Petaurus australis		0
200476	Methylorubrum podarium		0
2219931	Chonosia atrodorsalis		0
3140231	Crotopsalta sp.		0
3140234	Myopsalta sp.		0
1745480	Caliginopsalta percola		0
3140230	Buyisa sp.		0
3140232	Yoyetta sp.		0
1745571	Taurella froggatti		0
2709673	Saezia sp.		0
2849662	Taishania sp.		0
2499140	Negativicutes bacterium		0
2034766	Massilibacteroides sp.		0
467705	Streptococcus gordonii str. Challis substr. CH1		0
644357	Xylella fastidiosa subsp. multiplex		0
1866885	Mycolicibacterium		0
357	Agrobacterium		0
4637	Musaceae		0
286378	Xanthoparmelia stenophylla		0
2975281	Dapis hubbardiae BLCC-M172		0
3400189	Dapis purpurea BLCC-M126		0
3405510	Buchnera aphidicola (Tetraneura akinire)		0
3405511	Buchnera aphidicola (Eriosoma harunire)		0
2748958	Bandavirus dabieense		0
39738	Tombusviridae		0
85552	Scylla paramamosain		0
3242729	Pseudoxanthomonas fibrivorans		0
1712032	bear gut metagenome	organismal metagenomes	1
2560319	avian paramyxovirus 1		0
60169	Penicillium polonicum		0
3439531	Culex iflavi-like virus		0
242715	Diploria labyrinthiformis		0
486194	Cycloseris costulata		0
486215	Polyphyllia talpina		0
46714	Lobactis scutaria		0
486209	Pleuractis moluccensis		0
160534	Cymbidium mastersii		0
486202	Danafungia horrida		0
486203	Danafungia scruposa		0
1340009	Lepraria lanata		0
4747	Orchidaceae		0
3400188	Dapis brunnea BLCC-M229		0
2559587	Riboviria		0
2870721	Falsiroseomonas sp.		0
3436926	Streptosporangium sp. G11		0
1127767	Espirito Santo virus		0
1922928	Hubei mosquito virus 4		0
2172402	Culex picorna-like virus 1		0
3444184	Streptosporangium sp. H16		0
486208	Pleuractis gravis		0
51052	Fungia fungites		0
371667	Herpolitha limax		0
51068	Sandalolitha robusta		0
486206	Lithophyllon undulatum		0
486191	Ctenactis crassa		0
1536428	Hipposideros cf. ruber		0
485438	Myomyscus verreauxii		0
1434095	Miniopterus mossambicus		0
170673	Vibrio kanaloae		0
244365	Methylohalobius crimeensis		0
36855	Brucella canis		0
1385942	Bifidobacterium breve 689b		0
2079148	Culex pipiens-associated Tunisia virus		0
517295	Xanthoparmelia chlorochroa		0
1486347	Xanthoparmelia coreana		0
1166712	Xanthoparmelia pulvinaris		0
1265390	Buchnera aphidicola (Tetraneura sorini)		0
138707	Rhinophylla pumilio		0
2778219	Aedes phasmavirus		0
1758882	Daeseongdong virus 2		0
335852	Apiospora arundinis		0
2767014	Aedes Ifla-like virus		0
3444183	Streptosporangium sp. OZ121		0
3436927	Streptosporangium sp. LJ11		0
486192	Ctenactis echinata		0
1911065	Lithophyllon scabra		0
1911064	Lithophyllon concinna		0
486204	Halomitra clavator		0
75303	Heliofungia actiniformis		0
486196	Cycloseris fragilis		0
3034193	Pseudomonas sp. YK4		0
3034192	Pseudomonas sp. CK4		0
3034191	Pseudomonas sp. GK4		0
3034189	Pseudomonas sp. AK4		0
3034188	Pseudomonas sp. FK4		0
3034187	Pseudomonas sp. EK4		0
29365	Hathewaya proteolytica		0
2682960	eukaryotic metagenome	organismal metagenomes	1
5548	Trichoderma longibrachiatum		0
1243988	tomb metagenome	ecological metagenomes	1
1704043	ovine metagenome	organismal metagenomes	1
1833	Rhodococcus erythropolis		0
1756150	Elizabethkingia ursingii		0
36805	Microbacterium aurum		0
120377	Salana multivorans		0
33885	Microbacterium lacticum		0
33889	Brevibacterium casei		0
128785	Pseudoxanthomonas mexicana		0
2707006	Microbacterium paulum		0
164400	Thauera phenylacetica		0
1766	Mycolicibacterium fortuitum		0
1520	Clostridium beijerinckii		0
3028305	membrane metagenome	ecological metagenomes	1
9238	Pygoscelis adeliae		0
3073560	aquarium metagenome	ecological metagenomes	1
2866621	bacterioplankton metagenome	organismal metagenomes	1
3413140	lake metagenome	ecological metagenomes	1
3073063	DAMO enrichment culture		0
1679012	Periconia sp. OUCMBI110093		0
34708	Myrmica ruginodis		0
612858	Myrmica specioides		0
2005070	Dehalogenimonas sp.		0
8175	Sparus aurata		0
1710981	GO-respiring enrichment culture		0
181124	Marasmius oreades		0
44688	Lactococcus lactis subsp. lactis bv. diacetylactis		0
9902	Bison bonasus		0
2175222	Aspergillus neoalliaceus		0
3135271	Diglyphus sabulosus		0
119206	Aerococcus sanguinicola		0
46703	Montipora		0
2015745	Dictyocoela sp.		0
265570	Sulfurovum		0
239934	Akkermansia		0
2017437	Thiolapillus sp.		0
3412012	Pseudanabaena sp. BL-A-41		0
198620	Pseudomonas koreensis		0
3031817	claw, hoof, horn & nail metagenome	organismal metagenomes	1
78543	Pseudomonas migulae		0
3132939	simulated metagenome		0
74940	Oncorhynchus tshawytscha		0
1805626			0
1160	Planktothrix agardhii		0
1281	Staphylococcus carnosus		0
79880	Shouchella clausii		0
64680	Tamias sibiricus		0
7957	Carassius auratus		0
3692451	Acinetobacter sp. GG23		0
3076038	Dissoderma paradoxum		0
249316	Galerina allospora		0
157601	Galerina clavata		0
230792	Galerina triscopa		0
3478414	water metagenome	ecological metagenomes	1
1569972	Telenomus remus		0
3697599	Anisomitus miae (SeqCode)		0
2844563	Gemykibivirus bovas1		0
2844558	Gemykibivirus anima1		0
3683352	Pseudomonas sp. BGRB		0
2518612	Candidatus Nanopelagicales bacterium		0
2952883	Aggregatilineales bacterium		0
3458192	food waste metagenome	ecological metagenomes	1
2635758	unclassified Soehngenia		0
512	Alcaligenes sp.		0
1548547	Woeseia oceani		0
7175	Culex pipiens		0
1063	Cereibacter sphaeroides		0
35794	Rickettsia slovaca		0
1592897	Coxiella-like endosymbiont		0
369822	Rickettsia conorii subsp. raoultii		0
1824615	Rickettsia endosymbiont of Dermacentor marginatus		0
630956	Haemaphysalis parva		0
985002	Staphylococcus argenteus		0
3444717	Candidatus Iainarchaeaceae archaeon		0
2026788	Rickettsiales bacterium		0
2728912	Dermatophilaceae bacterium		0
2047365	Rivularia sp. (in: cyanobacteria)		0
229916	Myrmica rugulosa		0
106198	Myrmica rubra		0
229917	Myrmica sabuleti		0
167	Treponema succinifaciens		0
1334	Streptococcus dysgalactiae		0
76860	Streptococcus constellatus		0
30584	Arctocephalus galapagoensis		0
3100324	Candidatus Nephrothrix sp.		0
2033137	Marinifilum sp.		0
249328	Galerina vittiformis		0
216778	Stenotrophomonas rhizophila		0
1764	Mycobacterium avium		0
1872584	Aquiflexum sp.		0
1402	Bacillus licheniformis		0
655355	Sunxiuqinia elliptica		0
1440784	Desulfovibrio sp. IS7		0
2630780	unclassified Desulfofustis		0
357168	Odontobutis sinensis		0
2818468	Candidatus Ozemibacteraceae bacterium		0
1597	Lacticaseibacillus paracasei		0
2480087	Rhodopila sp.		0
207696	Myrmica scabrinodis		0
2853533	algal bloom metagenome	organismal metagenomes	1
37445	Syncerus caffer caffer		0
9945	Tragelaphus oryx		0
59552	Pelea capreolus		0
66435	Raphicerus melanotis		0
59554	Redunca arundinum		0
59555	Redunca fulvorufula		0
3108388	alkali spring metagenome	ecological metagenomes	1
3702167	Syncerus antiquus		0
11082	West Nile virus		0
315579	Chaetogammarus marinus		0
7959	Ctenopharyngodon idella		0
215402	Channa argus		0
7965	Hypophthalmichthys nobilis		0
174628	Bactrocera latifrons		0
3044470	Mesomimiviridae		0
9030	Gallus		0
9061	Pucrasia macrolopha		0
119488	Siniperca chuatsi		0
7998	Ictalurus punctatus		0
9064	Syrmaticus humiae		0
27457	Bactrocera dorsalis		0
100858	Threskiornis aethiopicus		0
3434983	Nostoc sp. CR005		0
82448	Trochetiopsis erythroxylon		0
246690	Trochetiopsis ebenus		0
3473863	Melhania melanoxylon		0
2562782	Saccamminidae sp.		0
3472655	Streptomyces sp. SD36		0
3472654	Micromonospora sp. ZG13		0
65647	Ixodes holocyclus		0
2056420	Haemaphysalis bancrofti		0
262306	Ixodes trichosuri		0
549779	Mimiviridae		0
8128	Oreochromis niloticus		0
75352	Megalobrama amblycephala		0
13095	Hypophthalmichthys molitrix		0
1234273	Tachysurus fulvidraco		0
33586	Mycteria ibis		0
335483	Eudocimus ruber		0
3434982	Nostoc sp. CR003		0
3341792	farm metagenome	ecological metagenomes	1
3472663	Micromonospora sp. BP35		0
3472662	Micromonospora sp. BQ32		0
3472661	Nonomuraea sp. CX42		0
3472660	Nonomuraea sp. CX421		0
3472657	Pseudonocardia sp. OZ21		0
65637	Amblyomma triguttatum		0
188736	Bothriocroton auruginans		0
3434981	Nostoc sp. CR002		0
648895	Massilia suwonensis		0
65741	Pseudomonas knackmussii		0
3472659	Micromonospora sp. LZ37		0
3472658	Phytohabitans sp. LZ39		0
3472656	Streptomyces sp. OZ31		0
1337876	Streptosporangium nanhuense		0
909287	Streptosporangium oxazolinicum		0
59643	Bothriocroton hydrosauri		0
65640	Bothriocroton concolor		0
2485784	Erysipelothrix piscisicarius		0
3707262	Klebsiella phage vB_KpD_CGM1		0
3474323	elephantid endotheliotropic herpesvirus 1B		0
487698	Stenotrophomonas pavanii		0
2141	Spiroplasma ixodetis		0
28871	Taterapox virus		0
518987	Influenza B virus (B/Lee/1940)		0
335341	Influenza A virus (A/New York/392/2004(H3N2))		0
3048148	Metapneumovirus hominis		0
59512	Planktothrix rubescens		0
1677839	Culex sp. ZFMK PR035-Colombia		0
196571	Psilolechia lucida		0
475	Moraxella		0
586894	Hynobius yangi		0
208893	Human respiratory syncytial virus A		0
2683645	unclassified Mycoplasma		0
3472974	Capnocytophaga sp. f53		0
570	Klebsiella		0
2729638	Pseudomonas phage sp.		0
32062	Deinococcus radiophilus		0
38501	Blastococcus		0
2803845	Usitatibacter		0
33877	Agromyces		0
186650	Microvirga		0
2600304	Baekduia		0
445219	Reyranella		0
374	Bradyrhizobium		0
1227948	Sphingomicrobium		0
168922	Porpidia albocaerulescens		0
104250	Candelaria concolor		0
196024	Aeromonas dhakensis		0
3472973	Capnocytophaga sp. n95		0
1484898	Methyloceanibacter		0
174951	Ramlibacter		0
3451559	Tildeniella sp. 4.3		0
2447902	Nostocales cyanobacterium		0
44183	Paragorgia		0
